[{"__type__":"cc.SceneAsset","_name":"LoadingScene","scene":{"__id__":1},"asyncLoadAssets":null},{"__type__":"cc.Scene","_name":"New Node","_children":[{"__id__":2},{"__id__":13},{"__id__":64},{"__id__":57},{"__id__":20}],"_active":false,"_anchorPoint":{"__type__":"cc.Vec2"},"_trs":{"__type__":"TypedArray","ctor":"Float64Array","array":[0,0,0,0,0,0,1,1,1,1]},"autoReleaseAssets":false},{"__type__":"cc.Node","_name":"Canvas","_parent":{"__id__":1},"_children":[{"__id__":3},{"__id__":4},{"__id__":5}],"_components":[{"__type__":"cc.Canvas","node":{"__id__":2},"_designResolution":{"__type__":"cc.Size","width":1280,"height":720},"_fitWidth":true,"_fitHeight":false},{"__type__":"05e7eNfwnhJx7hd0d0zZEKH","node":{"__id__":2}},{"__type__":"72391PQQzhD9KFL8m2hFxFV","node":{"__id__":2},"loadPercent":{"__id__":10}},{"__type__":"cc.Widget","node":{"__id__":2},"_alignFlags":45}],"_contentSize":{"__type__":"cc.Size","width":1280,"height":720},"_trs":{"__type__":"TypedArray","ctor":"Float64Array","array":[640,360,0,0,0,0,1,1,1,1]},"_id":"59320LLVoZNLZZzu02Nbu41"},{"__type__":"cc.Node","_name":"Main Camera","_parent":{"__id__":2},"_components":[{"__type__":"cc.Camera","node":{"__id__":3},"_clearFlags":7,"_depth":-1}],"_trs":{"__type__":"TypedArray","ctor":"Float64Array","array":[0,0,362.8646441856798,0,0,0,1,1,1,1]}},{"__type__":"cc.Node","_parent":{"__id__":2},"_id":"adhXAhWSNOTJa3T0n6v9SM","_prefab":{"__type__":"cc.PrefabInfo","root":{"__id__":4},"asset":{"__uuid__":"d4TjlW7UxHvIcM8vV6Ata8"},"fileId":"24If8eV2pMe56NQuJhCYBq","sync":true},"_name":"layout_loading","_trs":{"__type__":"TypedArray","ctor":"Float64Array","array":[0,0,0,0,0,0,1,1,1,1]}},{"__type__":"cc.Node","_name":"UI","_parent":{"__id__":2},"_children":[{"__id__":6},{"__id__":11}],"_components":[{"__type__":"cc.Layout","node":{"__id__":5},"_layoutSize":{"__type__":"cc.Size","width":1280,"height":720}},{"__type__":"cc.Widget","node":{"__id__":5},"_alignFlags":45,"_originalWidth":1280,"_originalHeight":720}],"_contentSize":{"__type__":"cc.Size","width":1280,"height":720},"_trs":{"__type__":"TypedArray","ctor":"Float64Array","array":[0,0,0,0,0,0,1,1,1,1]}},{"__type__":"cc.Node","_name":"Normal","_parent":{"__id__":5},"_children":[{"__id__":7}],"_components":[{"__type__":"cc.Widget","node":{"__id__":6},"alignMode":2,"_alignFlags":45}],"_contentSize":{"__type__":"cc.Size","width":1280,"height":720},"_trs":{"__type__":"TypedArray","ctor":"Float64Array","array":[0,0,0,0,0,0,1,1,1,1]}},{"__type__":"cc.Node","_name":"progressBar","_parent":{"__id__":6},"_children":[{"__id__":8}],"_components":[{"__type__":"cc.Sprite","node":{"__id__":7},"_materials":[{"__uuid__":"ecpdLyjvZBwrvm+cedCcQy"}],"_spriteFrame":{"__uuid__":"deZ6+CtFRPubHqNuTj6Q0Z"},"_type":1,"_sizeMode":0},{"__id__":10}],"_contentSize":{"__type__":"cc.Size","width":410,"height":33},"_trs":{"__type__":"TypedArray","ctor":"Float64Array","array":[0,-250.674,0,0,0,0,1,1,1,1]}},{"__type__":"cc.Node","_name":"bar","_parent":{"__id__":7},"_components":[{"__id__":9}],"_contentSize":{"__type__":"cc.Size","width":400,"height":21},"_anchorPoint":{"__type__":"cc.Vec2","y":0.5},"_trs":{"__type__":"TypedArray","ctor":"Float64Array","array":[-200,3,0,0,0,0,1,1,1,1]}},{"__type__":"cc.Sprite","node":{"__id__":8},"_materials":[{"__uuid__":"ecpdLyjvZBwrvm+cedCcQy"}],"_spriteFrame":{"__uuid__":"daTFXnM1dETJIhz/QjkwQn"},"_type":1,"_sizeMode":0},{"__type__":"cc.ProgressBar","node":{"__id__":7},"_N$totalLength":400,"_N$barSprite":{"__id__":9}},{"__type__":"cc.Node","_name":"ForWord","_parent":{"__id__":5},"_children":[{"__id__":12}],"_components":[{"__type__":"cc.Widget","node":{"__id__":11},"alignMode":2,"_alignFlags":45}],"_contentSize":{"__type__":"cc.Size","width":1280,"height":720},"_trs":{"__type__":"TypedArray","ctor":"Float64Array","array":[0,0,0,0,0,0,1,1,1,1]}},{"__type__":"cc.Node","_name":"Mask","_parent":{"__id__":11},"_active":false,"_components":[{"__type__":"cc.Button","node":{"__id__":12},"_N$normalColor":{"__type__":"cc.Color","r":214,"g":214,"b":214},"_N$target":{"__id__":12}},{"__type__":"cc.Widget","node":{"__id__":12},"_wasAlignOnce":{},"isAlignOnce":{},"_alignFlags":45,"_originalWidth":1280,"_originalHeight":960}],"_opacity":128,"_color":{"__type__":"cc.Color"},"_contentSize":{"__type__":"cc.Size","width":1280,"height":960},"_trs":{"__type__":"TypedArray","ctor":"Float64Array","array":[0,0,0,0,0,0,1,1,1,1]}},{"__type__":"cc.Node","_name":"globalNode","_parent":{"__id__":1},"_children":[{"__id__":14},{"__id__":16},{"__id__":17},{"__id__":19}],"_components":[{"__type__":"4fe63mIPpNM26RaBtI1ppow","node":{"__id__":13},"loadWebSound":{"__id__":18},"persistRoot":[{"__id__":13},{"__id__":20},{"__id__":57},{"__id__":64}],"xiuFuBen":{"__id__":15},"mjCards":{"__uuid__":"4ap4tYewBPzbJ9P/vqy4eV"},"phzCards":{"__uuid__":"df7UwERhhHUIKyB1g1MwM4"}},{"__type__":"cc.Widget","node":{"__id__":13},"alignMode":2,"_alignFlags":45},{"__type__":"c2385ffAbpLuocGoNLI5Op/","node":{"__id__":13}}],"_contentSize":{"__type__":"cc.Size","width":1280,"height":720},"_trs":{"__type__":"TypedArray","ctor":"Float64Array","array":[640,360,0,0,0,0,1,1,1,1]},"_id":"910d08+e8RJNKIpFSC2Hnzd"},{"__type__":"cc.Node","_name":"yiJianXiuFu","_parent":{"__id__":13},"_components":[{"__type__":"cc.Sprite","node":{"__id__":14},"_materials":[{"__uuid__":"ecpdLyjvZBwrvm+cedCcQy"}],"_spriteFrame":{"__uuid__":"ecUiecTCRIeYcIktw0V/IQ"}},{"__type__":"cc.Widget","node":{"__id__":14},"alignMode":0,"_alignFlags":9},{"__id__":15}],"_contentSize":{"__type__":"cc.Size","width":244,"height":86},"_anchorPoint":{"__type__":"cc.Vec2","y":1},"_trs":{"__type__":"TypedArray","ctor":"Float64Array","array":[-640,360,0,0,0,0,1,1,1,1]}},{"__type__":"cc.Button","node":{"__id__":14},"clickEvents":[{"__type__":"cc.ClickEvent","target":{"__id__":13},"_componentId":"4fe63mIPpNM26RaBtI1ppow","handler":"xiuFuCFall"}],"_N$enableAutoGrayEffect":true,"_N$transition":2,"transition":2,"_N$normalColor":{"__type__":"cc.Color","r":214,"g":214,"b":214},"_N$normalSprite":{"__uuid__":"ecUiecTCRIeYcIktw0V/IQ"},"_N$pressedSprite":{"__uuid__":"01d6nso+JDi7qQeiiYlWfU"},"pressedSprite":{"__uuid__":"01d6nso+JDi7qQeiiYlWfU"},"_N$hoverSprite":{"__uuid__":"01d6nso+JDi7qQeiiYlWfU"},"hoverSprite":{"__uuid__":"01d6nso+JDi7qQeiiYlWfU"},"_N$target":{"__id__":14}},{"__type__":"cc.Node","_name":"GVoiceNode","_parent":{"__id__":13},"_components":[{"__type__":"145feGgZSNOAoRLB5fLsjQC","node":{"__id__":16},"_appId":1560540199,"_appKey":"67e38e1f65817acf5fca9462a5f663af"}],"_trs":{"__type__":"TypedArray","ctor":"Float64Array","array":[0,0,0,0,0,0,1,1,1,1]}},{"__type__":"cc.Node","_name":"loadWebSound","_parent":{"__id__":13},"_components":[{"__id__":18}],"_trs":{"__type__":"TypedArray","ctor":"Float64Array","array":[0,0,0,0,0,0,1,1,1,1]}},{"__type__":"69d29Qb3DxI5oYGFAp93Pbq","node":{"__id__":17}},{"__type__":"cc.Node","_name":"GameSendData","_parent":{"__id__":13},"_components":[{"__type__":"f92c4OQyaxHgZrk7AGOisrn","node":{"__id__":19}}],"_trs":{"__type__":"TypedArray","ctor":"Float64Array","array":[0,0,0,0,0,0,1,1,1,1]}},{"__type__":"cc.Node","_name":"logoutLayout","_parent":{"__id__":1},"_children":[{"__id__":21},{"__id__":32},{"__id__":41},{"__id__":43},{"__id__":44},{"__id__":47}],"_components":[{"__type__":"97eaf53l4JMNaNeCGRCKXH3","node":{"__id__":20},"Content":{"__id__":28},"Item":{"__id__":31},"page":{"__id__":36},"currentPage":{"__id__":36},"mask":{"__id__":47},"maskInfo":{"__id__":56}},{"__type__":"cc.Widget","node":{"__id__":20},"alignMode":2,"_alignFlags":45,"_originalWidth":1280,"_originalHeight":720}],"_contentSize":{"__type__":"cc.Size","width":1280,"height":720},"_trs":{"__type__":"TypedArray","ctor":"Float64Array","array":[640,360,0,0,0,0,1,1,1,1]},"_id":"4a8444j609FU6UKbAD8zCHo"},{"__type__":"cc.Node","_name":"scrollview","_parent":{"__id__":20},"_children":[{"__id__":22},{"__id__":23},{"__id__":29}],"_components":[{"__type__":"cc.Sprite","node":{"__id__":21},"_enabled":false,"_materials":[{"__uuid__":"ecpdLyjvZBwrvm+cedCcQy"}],"_spriteFrame":{"__uuid__":"afa5PSt/5Iu4CwV2BA0mei"},"_type":1,"_sizeMode":0},{"__id__":27}],"_color":{"__type__":"cc.Color","r":184,"g":184,"b":184},"_contentSize":{"__type__":"cc.Size","width":1280,"height":720},"_trs":{"__type__":"TypedArray","ctor":"Float64Array","array":[0,0,0,0,0,0,1,1,1,1]}},{"__type__":"cc.Node","_name":"layout","_parent":{"__id__":21},"_components":[{"__type__":"cc.Sprite","node":{"__id__":22},"_materials":[{"__uuid__":"ecpdLyjvZBwrvm+cedCcQy"}],"_spriteFrame":{"__uuid__":"afa5PSt/5Iu4CwV2BA0mei"},"_type":1,"_sizeMode":0}],"_opacity":109,"_color":{"__type__":"cc.Color"},"_contentSize":{"__type__":"cc.Size","width":1280,"height":720},"_trs":{"__type__":"TypedArray","ctor":"Float64Array","array":[0,0,0,0,0,0,1,1,1,1]}},{"__type__":"cc.Node","_name":"scrollBar","_parent":{"__id__":21},"_children":[{"__id__":24}],"_components":[{"__id__":26},{"__type__":"cc.Widget","node":{"__id__":23},"alignMode":0,"_alignFlags":37,"_left":350.07654921020657,"_originalHeight":237},{"__type__":"cc.Sprite","node":{"__id__":23},"_materials":[{"__uuid__":"ecpdLyjvZBwrvm+cedCcQy"}],"_spriteFrame":{"__uuid__":"5f5dyqtRNNxaFmVzYns6FZ"},"_type":1,"_sizeMode":0}],"_color":{"__type__":"cc.Color","r":238,"g":217,"b":227},"_contentSize":{"__type__":"cc.Size","width":12,"height":720},"_anchorPoint":{"__type__":"cc.Vec2","x":1,"y":0.5},"_trs":{"__type__":"TypedArray","ctor":"Float64Array","array":[640,0,0,0,0,0,1,1,1,1]}},{"__type__":"cc.Node","_name":"bar","_parent":{"__id__":23},"_components":[{"__id__":25}],"_color":{"__type__":"cc.Color","r":236,"g":241,"b":245},"_contentSize":{"__type__":"cc.Size","width":10,"height":30},"_anchorPoint":{"__type__":"cc.Vec2","x":1},"_trs":{"__type__":"TypedArray","ctor":"Float64Array","array":[-1,0,0,0,0,0,1,1,1,1]}},{"__type__":"cc.Sprite","node":{"__id__":24},"_materials":[{"__uuid__":"ecpdLyjvZBwrvm+cedCcQy"}],"_spriteFrame":{"__uuid__":"5cO7kybDxGj4ipyMYdRYZB"},"_type":1,"_sizeMode":0},{"__type__":"cc.Scrollbar","node":{"__id__":23},"_scrollView":{"__id__":27},"_N$handle":{"__id__":25},"_N$direction":1},{"__type__":"cc.ScrollView","node":{"__id__":21},"horizontal":false,"brake":0.75,"bounceDuration":0.23,"_N$content":{"__id__":28},"content":{"__id__":28},"_N$horizontalScrollBar":null,"_N$verticalScrollBar":{"__id__":26}},{"__type__":"cc.Node","_name":"content","_parent":{"__id__":29},"_children":[{"__id__":30}],"_contentSize":{"__type__":"cc.Size","width":1280},"_anchorPoint":{"__type__":"cc.Vec2","x":0.5,"y":1},"_trs":{"__type__":"TypedArray","ctor":"Float64Array","array":[0,360,0,0,0,0,1,1,1,1]}},{"__type__":"cc.Node","_name":"view","_parent":{"__id__":21},"_children":[{"__id__":28}],"_components":[{"__type__":"cc.Mask","node":{"__id__":29},"_materials":[{"__uuid__":"ecpdLyjvZBwrvm+cedCcQy"}],"_N$alphaThreshold":1}],"_contentSize":{"__type__":"cc.Size","width":1280,"height":720},"_trs":{"__type__":"TypedArray","ctor":"Float64Array","array":[0,0,0,0,0,0,1,1,1,1]}},{"__type__":"cc.Node","_name":"item","_parent":{"__id__":28},"_components":[{"__id__":31}],"_contentSize":{"__type__":"cc.Size","height":25},"_anchorPoint":{"__type__":"cc.Vec2","y":1},"_trs":{"__type__":"TypedArray","ctor":"Float64Array","array":[-617,0,0,0,0,0,1,1,1,1]}},{"__type__":"cc.Label","node":{"__id__":30},"_materials":[{"__uuid__":"ecpdLyjvZBwrvm+cedCcQy"}],"_useOriginalSize":false,"_fontSize":20,"_lineHeight":25,"_N$cacheMode":2},{"__type__":"cc.Node","_name":"pageview","_parent":{"__id__":20},"_children":[{"__id__":33},{"__id__":34},{"__id__":38}],"_active":false,"_components":[{"__id__":40}],"_contentSize":{"__type__":"cc.Size","width":1280,"height":720},"_trs":{"__type__":"TypedArray","ctor":"Float64Array","array":[0,0,0,0,0,0,1,1,1,1]}},{"__type__":"cc.Node","_name":"background","_parent":{"__id__":32},"_components":[{"__type__":"cc.Sprite","node":{"__id__":33},"_materials":[{"__uuid__":"ecpdLyjvZBwrvm+cedCcQy"}],"_spriteFrame":{"__uuid__":"afa5PSt/5Iu4CwV2BA0mei"},"_type":1,"_sizeMode":0}],"_opacity":152,"_color":{"__type__":"cc.Color","r":4,"g":5,"b":5},"_contentSize":{"__type__":"cc.Size","width":1280,"height":720},"_trs":{"__type__":"TypedArray","ctor":"Float64Array","array":[0,0,0,0,0,0,1,1,1,1]}},{"__type__":"cc.Node","_name":"view","_parent":{"__id__":32},"_children":[{"__id__":35}],"_components":[{"__type__":"cc.Mask","node":{"__id__":34},"_materials":[{"__uuid__":"ecpdLyjvZBwrvm+cedCcQy"}],"_N$alphaThreshold":1}],"_contentSize":{"__type__":"cc.Size","width":1280,"height":720},"_trs":{"__type__":"TypedArray","ctor":"Float64Array","array":[0,0,0,0,0,0,1,1,1,1]}},{"__type__":"cc.Node","_name":"content","_parent":{"__id__":34},"_children":[{"__id__":36}],"_components":[{"__type__":"cc.Layout","node":{"__id__":35},"_layoutSize":{"__type__":"cc.Size","width":1280,"height":720},"_resize":1,"_N$layoutType":1,"_N$spacingY":15}],"_contentSize":{"__type__":"cc.Size","width":1280,"height":720},"_anchorPoint":{"__type__":"cc.Vec2","y":0.5},"_trs":{"__type__":"TypedArray","ctor":"Float64Array","array":[-640,0,0,0,0,0,1,1,1,1]}},{"__type__":"cc.Node","_name":"page","_parent":{"__id__":35},"_children":[{"__id__":37}],"_components":[{"__type__":"cc.Sprite","node":{"__id__":36},"_enabled":false,"_materials":[{"__uuid__":"ecpdLyjvZBwrvm+cedCcQy"}],"_spriteFrame":{"__uuid__":"afa5PSt/5Iu4CwV2BA0mei"},"_type":1,"_sizeMode":0}],"_color":{"__type__":"cc.Color","r":238,"g":235,"b":235},"_contentSize":{"__type__":"cc.Size","width":1280,"height":720},"_trs":{"__type__":"TypedArray","ctor":"Float64Array","array":[640,0,0,0,0,0,1,1,1,1]}},{"__type__":"cc.Node","_name":"item","_parent":{"__id__":36},"_active":false,"_components":[{"__type__":"cc.Label","node":{"__id__":37},"_useOriginalSize":false,"_fontSize":20,"_lineHeight":25,"_isSystemFontUsed":false,"_N$overflow":3,"_N$cacheMode":2}],"_contentSize":{"__type__":"cc.Size","width":1227,"height":50},"_anchorPoint":{"__type__":"cc.Vec2","y":1},"_trs":{"__type__":"TypedArray","ctor":"Float64Array","array":[-623,333,0,0,0,0,1,1,1,1]}},{"__type__":"cc.Node","_name":"indicator","_parent":{"__id__":32},"_components":[{"__id__":39}],"_contentSize":{"__type__":"cc.Size","width":100,"height":27},"_trs":{"__type__":"TypedArray","ctor":"Float64Array","array":[0,-209,0,0,0,0,1,1,1,1]}},{"__type__":"cc.PageViewIndicator","node":{"__id__":38},"_pageView":{"__id__":40},"spriteFrame":{"__uuid__":"c9+lH/PwFGAY+AMl0bEdq3"},"cellSize":{"__type__":"cc.Size","width":10,"height":10},"spacing":10},{"__type__":"cc.PageView","node":{"__id__":32},"bounceDuration":0.5,"_N$content":{"__id__":35},"content":{"__id__":35},"_N$sizeMode":1,"_N$indicator":{"__id__":39}},{"__type__":"cc.Node","_name":"button","_parent":{"__id__":20},"_children":[{"__id__":42}],"_components":[{"__type__":"cc.Sprite","node":{"__id__":41},"_materials":[{"__uuid__":"ecpdLyjvZBwrvm+cedCcQy"}],"_spriteFrame":{"__uuid__":"95yc26LhxFyp0kNJAXiGGL"},"_type":1,"_sizeMode":0},{"__type__":"cc.Button","node":{"__id__":41},"_normalMaterial":{"__uuid__":"ecpdLyjvZBwrvm+cedCcQy"},"_N$transition":2,"transition":2,"_N$pressedColor":{"__type__":"cc.Color","r":255,"g":255,"b":255},"pressedColor":{"__type__":"cc.Color","r":255,"g":255,"b":255},"_N$disabledColor":{"__type__":"cc.Color","r":255,"g":255,"b":255},"_N$normalSprite":{"__uuid__":"95yc26LhxFyp0kNJAXiGGL"},"_N$pressedSprite":{"__uuid__":"e9gfcI9PBIuq+Ue+oaUDBl"},"pressedSprite":{"__uuid__":"e9gfcI9PBIuq+Ue+oaUDBl"},"_N$hoverSprite":{"__uuid__":"e9gfcI9PBIuq+Ue+oaUDBl"},"hoverSprite":{"__uuid__":"e9gfcI9PBIuq+Ue+oaUDBl"},"_N$disabledSprite":{"__uuid__":"6drbwvAM9Gt4txImcu2YnY"},"_N$target":{"__id__":41}},{"__type__":"cc.Widget","node":{"__id__":41},"alignMode":2,"_alignFlags":12,"_originalWidth":100,"_originalHeight":40}],"_contentSize":{"__type__":"cc.Size","width":100,"height":40},"_trs":{"__type__":"TypedArray","ctor":"Float64Array","array":[-590,-340,0,0,0,0,1,1,1,1]}},{"__type__":"cc.Node","_name":"Label","_parent":{"__id__":41},"_components":[{"__type__":"cc.Label","node":{"__id__":42},"_materials":[{"__uuid__":"ecpdLyjvZBwrvm+cedCcQy"}],"_useOriginalSize":false,"_string":"日志","_N$string":"日志","_fontSize":20,"_enableWrapText":false,"_N$horizontalAlign":1,"_N$verticalAlign":1,"_N$overflow":1}],"_color":{"__type__":"cc.Color"},"_contentSize":{"__type__":"cc.Size","width":100,"height":40},"_trs":{"__type__":"TypedArray","ctor":"Float64Array","array":[0,0,0,0,0,0,1,1,1,1]}},{"__type__":"cc.Node","_name":"deviceInfo","_parent":{"__id__":20},"_components":[{"__type__":"cc.Label","node":{"__id__":43},"_materials":[{"__uuid__":"ecpdLyjvZBwrvm+cedCcQy"}],"_useOriginalSize":false,"_fontSize":25,"_N$horizontalAlign":1,"_N$verticalAlign":1}],"_contentSize":{"__type__":"cc.Size","height":50.4},"_anchorPoint":{"__type__":"cc.Vec2","y":1},"_trs":{"__type__":"TypedArray","ctor":"Float64Array","array":[625,316,0,0,0,-0.7071067811865475,0.7071067811865476,1,1,1]},"_eulerAngles":{"__type__":"cc.Vec3","z":-90}},{"__type__":"cc.Node","_name":"goBack","_parent":{"__id__":20},"_children":[{"__id__":45}],"_active":false,"_components":[{"__type__":"cc.Button","node":{"__id__":44},"clickEvents":[{"__type__":"cc.ClickEvent","target":{"__id__":20},"_componentId":"97eaf53l4JMNaNeCGRCKXH3","handler":"goBackFunc"}],"_N$transition":2,"transition":2,"_N$normalColor":{"__type__":"cc.Color","r":230,"g":230,"b":230},"_N$pressedColor":{"__type__":"cc.Color","r":200,"g":200,"b":200},"pressedColor":{"__type__":"cc.Color","r":200,"g":200,"b":200},"_N$disabledColor":{"__type__":"cc.Color","r":120,"g":120,"b":120,"a":200},"_N$normalSprite":{"__uuid__":"95yc26LhxFyp0kNJAXiGGL"},"_N$pressedSprite":{"__uuid__":"e9gfcI9PBIuq+Ue+oaUDBl"},"pressedSprite":{"__uuid__":"e9gfcI9PBIuq+Ue+oaUDBl"},"_N$hoverSprite":{"__uuid__":"e9gfcI9PBIuq+Ue+oaUDBl"},"hoverSprite":{"__uuid__":"e9gfcI9PBIuq+Ue+oaUDBl"},"_N$disabledSprite":{"__uuid__":"6drbwvAM9Gt4txImcu2YnY"},"_N$target":{"__id__":45}}],"_contentSize":{"__type__":"cc.Size","width":100,"height":40},"_trs":{"__type__":"TypedArray","ctor":"Float64Array","array":[589.619,-267.914,0,0,0,0,1,1,1,1]}},{"__type__":"cc.Node","_name":"Background","_parent":{"__id__":44},"_children":[{"__id__":46}],"_components":[{"__type__":"cc.Sprite","node":{"__id__":45},"_materials":[{"__uuid__":"ecpdLyjvZBwrvm+cedCcQy"}],"_spriteFrame":{"__uuid__":"f0BIwQ8D5Ml7nTNQbh1YlS"},"_type":1,"_sizeMode":0},{"__type__":"cc.Widget","node":{"__id__":45},"alignMode":0,"_alignFlags":45,"_originalWidth":100,"_originalHeight":40}],"_color":{"__type__":"cc.Color","r":230,"g":230,"b":230},"_contentSize":{"__type__":"cc.Size","width":100,"height":40},"_trs":{"__type__":"TypedArray","ctor":"Float64Array","array":[0,0,0,0,0,0,1,1,1,1]}},{"__type__":"cc.Node","_name":"Label","_parent":{"__id__":45},"_components":[{"__type__":"cc.Label","node":{"__id__":46},"_materials":[{"__uuid__":"ecpdLyjvZBwrvm+cedCcQy"}],"_useOriginalSize":false,"_string":"goBack","_N$string":"goBack","_fontSize":20,"_enableWrapText":false,"_N$horizontalAlign":1,"_N$verticalAlign":1,"_N$overflow":1}],"_color":{"__type__":"cc.Color"},"_contentSize":{"__type__":"cc.Size","width":100,"height":40},"_trs":{"__type__":"TypedArray","ctor":"Float64Array","array":[0,0,0,0,0,0,1,1,1,1]}},{"__type__":"cc.Node","_name":"mask","_parent":{"__id__":20},"_children":[{"__id__":48},{"__id__":50},{"__id__":52}],"_active":false,"_components":[{"__type__":"cc.Button","node":{"__id__":47},"_N$normalColor":{"__type__":"cc.Color","r":214,"g":214,"b":214},"_N$target":{"__id__":47}},{"__type__":"cc.Sprite","node":{"__id__":47},"_materials":[{"__uuid__":"ecpdLyjvZBwrvm+cedCcQy"}],"_spriteFrame":{"__uuid__":"afa5PSt/5Iu4CwV2BA0mei"},"_type":1,"_sizeMode":0}],"_opacity":200,"_color":{"__type__":"cc.Color"},"_contentSize":{"__type__":"cc.Size","width":1280,"height":960},"_trs":{"__type__":"TypedArray","ctor":"Float64Array","array":[0,0,0,0,0,0,1,1,1,1]}},{"__type__":"cc.Node","_name":"button","_parent":{"__id__":47},"_children":[{"__id__":49}],"_components":[{"__type__":"cc.Sprite","node":{"__id__":48},"_materials":[{"__uuid__":"ecpdLyjvZBwrvm+cedCcQy"}],"_spriteFrame":{"__uuid__":"f0BIwQ8D5Ml7nTNQbh1YlS"},"_type":1,"_sizeMode":0},{"__type__":"cc.Button","node":{"__id__":48},"clickEvents":[{"__type__":"cc.ClickEvent","target":{"__id__":20},"_componentId":"97eaf53l4JMNaNeCGRCKXH3","handler":"closeInfo"}],"_N$transition":2,"transition":2,"_N$pressedColor":{"__type__":"cc.Color","r":255,"g":255,"b":255},"pressedColor":{"__type__":"cc.Color","r":255,"g":255,"b":255},"_N$disabledColor":{"__type__":"cc.Color","r":255,"g":255,"b":255},"_N$normalSprite":{"__uuid__":"95yc26LhxFyp0kNJAXiGGL"},"_N$pressedSprite":{"__uuid__":"e9gfcI9PBIuq+Ue+oaUDBl"},"pressedSprite":{"__uuid__":"e9gfcI9PBIuq+Ue+oaUDBl"},"_N$hoverSprite":{"__uuid__":"e9gfcI9PBIuq+Ue+oaUDBl"},"hoverSprite":{"__uuid__":"e9gfcI9PBIuq+Ue+oaUDBl"},"_N$disabledSprite":{"__uuid__":"6drbwvAM9Gt4txImcu2YnY"},"_N$target":{"__id__":48}}],"_contentSize":{"__type__":"cc.Size","width":100,"height":40},"_trs":{"__type__":"TypedArray","ctor":"Float64Array","array":[0,-328,0,0,0,0,1,1,1,1]}},{"__type__":"cc.Node","_name":"Label","_parent":{"__id__":48},"_components":[{"__type__":"cc.Label","node":{"__id__":49},"_materials":[{"__uuid__":"ecpdLyjvZBwrvm+cedCcQy"}],"_useOriginalSize":false,"_string":"关闭","_N$string":"关闭","_fontSize":20,"_enableWrapText":false,"_N$horizontalAlign":1,"_N$verticalAlign":1,"_N$overflow":1}],"_color":{"__type__":"cc.Color"},"_contentSize":{"__type__":"cc.Size","width":100,"height":40},"_trs":{"__type__":"TypedArray","ctor":"Float64Array","array":[0,0,0,0,0,0,1,1,1,1]}},{"__type__":"cc.Node","_name":"button2","_parent":{"__id__":47},"_children":[{"__id__":51}],"_components":[{"__type__":"cc.Sprite","node":{"__id__":50},"_materials":[{"__uuid__":"ecpdLyjvZBwrvm+cedCcQy"}],"_spriteFrame":{"__uuid__":"f0BIwQ8D5Ml7nTNQbh1YlS"},"_type":1,"_sizeMode":0},{"__type__":"cc.Button","node":{"__id__":50},"clickEvents":[{"__type__":"cc.ClickEvent","target":{"__id__":20},"_componentId":"97eaf53l4JMNaNeCGRCKXH3","handler":"copyBtn"}],"_N$transition":2,"transition":2,"_N$pressedColor":{"__type__":"cc.Color","r":255,"g":255,"b":255},"pressedColor":{"__type__":"cc.Color","r":255,"g":255,"b":255},"_N$disabledColor":{"__type__":"cc.Color","r":255,"g":255,"b":255},"_N$normalSprite":{"__uuid__":"95yc26LhxFyp0kNJAXiGGL"},"_N$pressedSprite":{"__uuid__":"e9gfcI9PBIuq+Ue+oaUDBl"},"pressedSprite":{"__uuid__":"e9gfcI9PBIuq+Ue+oaUDBl"},"_N$hoverSprite":{"__uuid__":"e9gfcI9PBIuq+Ue+oaUDBl"},"hoverSprite":{"__uuid__":"e9gfcI9PBIuq+Ue+oaUDBl"},"_N$disabledSprite":{"__uuid__":"6drbwvAM9Gt4txImcu2YnY"},"_N$target":{"__id__":50}}],"_contentSize":{"__type__":"cc.Size","width":100,"height":40},"_trs":{"__type__":"TypedArray","ctor":"Float64Array","array":[244,-328,0,0,0,0,1,1,1,1]}},{"__type__":"cc.Node","_name":"Label","_parent":{"__id__":50},"_components":[{"__type__":"cc.Label","node":{"__id__":51},"_materials":[{"__uuid__":"ecpdLyjvZBwrvm+cedCcQy"}],"_useOriginalSize":false,"_string":"复制","_N$string":"复制","_fontSize":20,"_enableWrapText":false,"_N$horizontalAlign":1,"_N$verticalAlign":1,"_N$overflow":1}],"_color":{"__type__":"cc.Color"},"_contentSize":{"__type__":"cc.Size","width":100,"height":40},"_trs":{"__type__":"TypedArray","ctor":"Float64Array","array":[0,0,0,0,0,0,1,1,1,1]}},{"__type__":"cc.Node","_name":"scrollview","_parent":{"__id__":47},"_children":[{"__id__":53}],"_components":[{"__type__":"cc.Sprite","node":{"__id__":52},"_enabled":false,"_materials":[{"__uuid__":"ecpdLyjvZBwrvm+cedCcQy"}],"_spriteFrame":{"__uuid__":"afa5PSt/5Iu4CwV2BA0mei"},"_type":1,"_sizeMode":0},{"__type__":"cc.ScrollView","node":{"__id__":52},"horizontal":false,"brake":0.75,"bounceDuration":0.23,"_N$content":{"__id__":54},"content":{"__id__":54},"_N$horizontalScrollBar":null,"_N$verticalScrollBar":null}],"_contentSize":{"__type__":"cc.Size","width":1204,"height":612},"_trs":{"__type__":"TypedArray","ctor":"Float64Array","array":[0,0,0,0,0,0,1,1,1,1]}},{"__type__":"cc.Node","_name":"view","_parent":{"__id__":52},"_children":[{"__id__":54}],"_components":[{"__type__":"cc.Mask","node":{"__id__":53},"_materials":[{"__uuid__":"ecpdLyjvZBwrvm+cedCcQy"}],"_N$alphaThreshold":0}],"_contentSize":{"__type__":"cc.Size","width":1204,"height":612},"_trs":{"__type__":"TypedArray","ctor":"Float64Array","array":[0,0,0,0,0,0,1,1,1,1]}},{"__type__":"cc.Node","_name":"content","_parent":{"__id__":53},"_children":[{"__id__":55}],"_components":[{"__type__":"cc.Layout","node":{"__id__":54},"_layoutSize":{"__type__":"cc.Size","width":1204,"height":90.4},"_resize":1,"_N$layoutType":2,"_N$paddingTop":20,"_N$paddingBottom":20}],"_contentSize":{"__type__":"cc.Size","width":1204,"height":90.4},"_anchorPoint":{"__type__":"cc.Vec2","x":0.5,"y":1},"_trs":{"__type__":"TypedArray","ctor":"Float64Array","array":[0,306,0,0,0,0,1,1,1,1]}},{"__type__":"cc.Node","_name":"shoInfo","_parent":{"__id__":54},"_components":[{"__id__":56}],"_contentSize":{"__type__":"cc.Size","width":1204,"height":50.4},"_anchorPoint":{"__type__":"cc.Vec2","x":0.5,"y":1},"_trs":{"__type__":"TypedArray","ctor":"Float64Array","array":[0,-20,0,0,0,0,1,1,1,1]}},{"__type__":"cc.Label","node":{"__id__":55},"_materials":[{"__uuid__":"ecpdLyjvZBwrvm+cedCcQy"}],"_useOriginalSize":false,"_fontSize":25,"_N$overflow":3},{"__type__":"cc.Node","_name":"loadingAni","_parent":{"__id__":1},"_children":[{"__id__":58},{"__id__":59}],"_components":[{"__type__":"cc.Widget","node":{"__id__":57},"alignMode":2,"_alignFlags":45,"_originalWidth":1280,"_originalHeight":960},{"__type__":"a9ce23C5odEwrydSOabDeC4","node":{"__id__":57},"loadingAni":{"__id__":61},"loadingBal":{"__id__":63},"backImage":{"__id__":59},"mask":{"__id__":58}}],"_contentSize":{"__type__":"cc.Size","width":1280,"height":720},"_trs":{"__type__":"TypedArray","ctor":"Float64Array","array":[640,360,0,0,0,0,1,1,1,1]},"_id":"307c4eEQwlExKmt9PeBTlRL"},{"__type__":"cc.Node","_name":"mask","_parent":{"__id__":57},"_components":[{"__type__":"cc.Button","node":{"__id__":58},"_N$pressedColor":{"__type__":"cc.Color","r":255,"g":255,"b":255},"pressedColor":{"__type__":"cc.Color","r":255,"g":255,"b":255},"_N$disabledColor":{"__type__":"cc.Color","r":255,"g":255,"b":255},"_N$target":{"__id__":58}},{"__type__":"cc.Widget","node":{"__id__":58},"alignMode":2,"_alignFlags":45,"_left":-200,"_right":-200,"_top":-120,"_bottom":-120,"_originalWidth":100,"_originalHeight":40}],"_color":{"__type__":"cc.Color","r":15,"g":25,"b":255},"_contentSize":{"__type__":"cc.Size","width":1680,"height":960},"_trs":{"__type__":"TypedArray","ctor":"Float64Array","array":[0,0,0,0,0,0,1,1,1,1]}},{"__type__":"cc.Node","_name":"backImage","_parent":{"__id__":57},"_children":[{"__id__":60},{"__id__":62}],"_components":[{"__type__":"cc.Sprite","node":{"__id__":59},"_materials":[{"__uuid__":"ecpdLyjvZBwrvm+cedCcQy"}],"_spriteFrame":{"__uuid__":"c3cZMYNDpEr6LucY8dy0N8"}}],"_contentSize":{"__type__":"cc.Size","width":216,"height":78},"_trs":{"__type__":"TypedArray","ctor":"Float64Array","array":[0,0,0,0,0,0,1,1,1,1]}},{"__type__":"cc.Node","_name":"loading_image","_parent":{"__id__":59},"_components":[{"__type__":"cc.Sprite","node":{"__id__":60},"_materials":[{"__uuid__":"ecpdLyjvZBwrvm+cedCcQy"}],"_spriteFrame":{"__uuid__":"7bf5x2R8BAk755vEu8d2m8"}},{"__id__":61}],"_contentSize":{"__type__":"cc.Size","width":45,"height":45},"_trs":{"__type__":"TypedArray","ctor":"Float64Array","array":[-73,0,0,0,0,0,1,1,1,1]}},{"__type__":"cc.Animation","node":{"__id__":60},"_defaultClip":{"__uuid__":"48LaaVkQVO8L4Dj4kLKwJ+"},"_clips":[{"__uuid__":"48LaaVkQVO8L4Dj4kLKwJ+"}],"playOnLoad":true},{"__type__":"cc.Node","_name":"loading_lab","_parent":{"__id__":59},"_components":[{"__id__":63}],"_contentSize":{"__type__":"cc.Size","width":138,"height":26},"_anchorPoint":{"__type__":"cc.Vec2","y":0.5},"_trs":{"__type__":"TypedArray","ctor":"Float64Array","array":[-40,0,0,0,0,0,1,1,1,1]}},{"__type__":"cc.Label","node":{"__id__":62},"_materials":[{"__uuid__":"ecpdLyjvZBwrvm+cedCcQy"}],"_useOriginalSize":false,"_fontSize":24,"_lineHeight":26,"_N$verticalAlign":1,"_N$overflow":2},{"__type__":"cc.Node","_name":"Wating","_parent":{"__id__":1},"_children":[{"__id__":65},{"__id__":66},{"__id__":71}],"_components":[{"__type__":"118feadt8JC6IYxSW50Zsvb","node":{"__id__":64},"loadingAni":{"__id__":68},"loadingBal":{"__id__":70},"backImage":{"__id__":66},"mask":{"__id__":65},"netTips":{"__id__":71}},{"__type__":"cc.Widget","node":{"__id__":64},"alignMode":2,"_alignFlags":45,"_originalWidth":1280,"_originalHeight":960}],"_contentSize":{"__type__":"cc.Size","width":1280,"height":720},"_trs":{"__type__":"TypedArray","ctor":"Float64Array","array":[640,360,0,0,0,0,1,1,1,1]},"_id":"3ab92xG9xFH9aWmlrLQsKyW"},{"__type__":"cc.Node","_name":"mask","_parent":{"__id__":64},"_components":[{"__type__":"cc.Button","node":{"__id__":65},"_N$pressedColor":{"__type__":"cc.Color","r":255,"g":255,"b":255},"pressedColor":{"__type__":"cc.Color","r":255,"g":255,"b":255},"_N$disabledColor":{"__type__":"cc.Color","r":255,"g":255,"b":255},"_N$normalSprite":{"__uuid__":"f0BIwQ8D5Ml7nTNQbh1YlS"},"_N$pressedSprite":{"__uuid__":"e97GVMl6JHh5Ml5qEDdSGa"},"pressedSprite":{"__uuid__":"e97GVMl6JHh5Ml5qEDdSGa"},"_N$hoverSprite":{"__uuid__":"e97GVMl6JHh5Ml5qEDdSGa"},"hoverSprite":{"__uuid__":"e97GVMl6JHh5Ml5qEDdSGa"},"_N$disabledSprite":{"__uuid__":"29FYIk+N1GYaeWH/q1NxQO"},"_N$target":{"__id__":65}},{"__type__":"cc.Widget","node":{"__id__":65},"_enabled":false,"alignMode":2,"_alignFlags":45,"_left":-300,"_right":-300,"_top":-300,"_bottom":-300,"_originalWidth":100,"_originalHeight":40}],"_color":{"__type__":"cc.Color","r":255,"g":112,"b":112},"_contentSize":{"__type__":"cc.Size","width":1880,"height":1320},"_trs":{"__type__":"TypedArray","ctor":"Float64Array","array":[0,0,0,0,0,0,1,1,1,1]}},{"__type__":"cc.Node","_name":"backImage","_parent":{"__id__":64},"_children":[{"__id__":67},{"__id__":69}],"_components":[{"__type__":"cc.Sprite","node":{"__id__":66},"_materials":[{"__uuid__":"ecpdLyjvZBwrvm+cedCcQy"}],"_spriteFrame":{"__uuid__":"c3cZMYNDpEr6LucY8dy0N8"}}],"_contentSize":{"__type__":"cc.Size","width":216,"height":78},"_trs":{"__type__":"TypedArray","ctor":"Float64Array","array":[0,0,0,0,0,0,1,1,1,1]}},{"__type__":"cc.Node","_name":"loading_image","_parent":{"__id__":66},"_components":[{"__type__":"cc.Sprite","node":{"__id__":67},"_materials":[{"__uuid__":"ecpdLyjvZBwrvm+cedCcQy"}],"_spriteFrame":{"__uuid__":"7bf5x2R8BAk755vEu8d2m8"}},{"__id__":68}],"_contentSize":{"__type__":"cc.Size","width":45,"height":45},"_trs":{"__type__":"TypedArray","ctor":"Float64Array","array":[-73,0,0,0,0,0,1,1,1,1]}},{"__type__":"cc.Animation","node":{"__id__":67},"_defaultClip":{"__uuid__":"48LaaVkQVO8L4Dj4kLKwJ+"},"_clips":[{"__uuid__":"48LaaVkQVO8L4Dj4kLKwJ+"}],"playOnLoad":true},{"__type__":"cc.Node","_name":"loading_lab","_parent":{"__id__":66},"_components":[{"__id__":70}],"_contentSize":{"__type__":"cc.Size","width":138,"height":26},"_anchorPoint":{"__type__":"cc.Vec2","y":0.5},"_trs":{"__type__":"TypedArray","ctor":"Float64Array","array":[-40,0,0,0,0,0,1,1,1,1]}},{"__type__":"cc.Label","node":{"__id__":69},"_materials":[{"__uuid__":"ecpdLyjvZBwrvm+cedCcQy"}],"_useOriginalSize":false,"_string":"网络连接中...","_N$string":"网络连接中...","_fontSize":24,"_lineHeight":26,"_N$verticalAlign":1,"_N$overflow":2},{"__type__":"cc.Node","_name":"netTips","_parent":{"__id__":64},"_children":[{"__id__":72},{"__id__":73},{"__id__":74},{"__id__":75},{"__id__":76},{"__id__":77}],"_components":[{"__type__":"cc.Sprite","node":{"__id__":71},"_materials":[{"__uuid__":"ecpdLyjvZBwrvm+cedCcQy"}],"_spriteFrame":{"__uuid__":"2fWOdEOQRCpp4AWT35KE3j"},"_type":1,"_sizeMode":0}],"_contentSize":{"__type__":"cc.Size","width":815,"height":403},"_trs":{"__type__":"TypedArray","ctor":"Float64Array","array":[0,0,0,0,0,0,1,1,1,1]},"_groupIndex":1,"groupIndex":1},{"__type__":"cc.Node","_name":"BGSP","_parent":{"__id__":71},"_components":[{"__type__":"cc.Sprite","node":{"__id__":72},"_materials":[{"__uuid__":"ecpdLyjvZBwrvm+cedCcQy"}],"_spriteFrame":{"__uuid__":"a2MjXRFdtLlYQ5ouAFv/+R"},"_sizeMode":0},{"__type__":"11b718w37hPSJCKcE/Qq3AF","node":{"__id__":72},"unTouchNode":{"__id__":73}}],"_opacity":0,"_contentSize":{"__type__":"cc.Size","width":1920,"height":960},"_trs":{"__type__":"TypedArray","ctor":"Float64Array","array":[0,0,0,0,0,0,1,1,1,1]},"_groupIndex":2,"groupIndex":2},{"__type__":"cc.Node","_name":"ANode","_parent":{"__id__":71},"_contentSize":{"__type__":"cc.Size","width":815,"height":473},"_trs":{"__type__":"TypedArray","ctor":"Float64Array","array":[0,37,0,0,0,0,1,1,1,1]}},{"__type__":"cc.Node","_name":"bg","_parent":{"__id__":71},"_components":[{"__type__":"cc.Sprite","node":{"__id__":74},"_materials":[{"__uuid__":"ecpdLyjvZBwrvm+cedCcQy"}],"_spriteFrame":{"__uuid__":"62Hh5F0aFGeZ3u/WZ7cqna"}}],"_contentSize":{"__type__":"cc.Size","width":815,"height":71},"_trs":{"__type__":"TypedArray","ctor":"Float64Array","array":[0,230,0,0,0,0,1,1,1,1]}},{"__type__":"cc.Node","_name":"word_tishi","_parent":{"__id__":71},"_components":[{"__type__":"cc.Sprite","node":{"__id__":75},"_materials":[{"__uuid__":"ecpdLyjvZBwrvm+cedCcQy"}],"_spriteFrame":{"__uuid__":"48cBzEhedO8pb85PsRbQYs"}}],"_contentSize":{"__type__":"cc.Size","width":83,"height":51},"_trs":{"__type__":"TypedArray","ctor":"Float64Array","array":[0,230,0,0,0,0,1,1,1,1]}},{"__type__":"cc.Node","_name":"tipsLable","_parent":{"__id__":71},"_components":[{"__type__":"cc.Label","node":{"__id__":76},"_materials":[{"__uuid__":"ecpdLyjvZBwrvm+cedCcQy"}],"_useOriginalSize":false,"_string":"您的网络已经断开，请接入网络后重试","_N$string":"您的网络已经断开，请接入网络后重试","_fontSize":32,"_lineHeight":34,"_N$horizontalAlign":1,"_N$verticalAlign":1}],"_color":{"__type__":"cc.Color","r":98,"g":106,"b":167},"_contentSize":{"__type__":"cc.Size","width":544,"height":42.84},"_trs":{"__type__":"TypedArray","ctor":"Float64Array","array":[-12,92.531,0,0,0,0,1,1,1,1]},"_groupIndex":2,"groupIndex":2},{"__type__":"cc.Node","_name":"okCenterBtn","_parent":{"__id__":71},"_children":[{"__id__":78}],"_components":[{"__type__":"cc.Button","node":{"__id__":77},"clickEvents":[{"__type__":"cc.ClickEvent","target":{"__id__":64},"_componentId":"118feadt8JC6IYxSW50Zsvb","handler":"tipsOk"}],"_N$transition":3,"transition":3,"_N$normalColor":{"__type__":"cc.Color","r":230,"g":230,"b":230},"_N$pressedColor":{"__type__":"cc.Color","r":200,"g":200,"b":200},"pressedColor":{"__type__":"cc.Color","r":200,"g":200,"b":200},"_N$disabledColor":{"__type__":"cc.Color","r":120,"g":120,"b":120,"a":200},"_N$target":{"__id__":78}}],"_contentSize":{"__type__":"cc.Size","width":250,"height":87},"_trs":{"__type__":"TypedArray","ctor":"Float64Array","array":[0,-98.99,0,0,0,0,1,1,1,1]}},{"__type__":"cc.Node","_name":"Background","_parent":{"__id__":77},"_children":[{"__id__":79}],"_components":[{"__type__":"cc.Sprite","node":{"__id__":78},"_materials":[{"__uuid__":"ecpdLyjvZBwrvm+cedCcQy"}],"_spriteFrame":{"__uuid__":"f6WUO4Vj5CjpIRFAmIdl70"},"_sizeMode":0},{"__type__":"cc.Widget","node":{"__id__":78},"alignMode":0,"_alignFlags":45,"_left":7,"_right":7,"_top":4.5,"_bottom":4.5,"_originalWidth":100,"_originalHeight":40}],"_color":{"__type__":"cc.Color","r":230,"g":230,"b":230},"_contentSize":{"__type__":"cc.Size","width":236,"height":78},"_trs":{"__type__":"TypedArray","ctor":"Float64Array","array":[0,0,0,0,0,0,1,1,1,1]}},{"__type__":"cc.Node","_name":"Label","_parent":{"__id__":78},"_components":[{"__type__":"cc.Label","node":{"__id__":79},"_materials":[{"__uuid__":"ecpdLyjvZBwrvm+cedCcQy"}],"_useOriginalSize":false,"_string":"确 定","_N$string":"确 定","_lineHeight":50,"_enableWrapText":false,"_N$file":{"__uuid__":"41VA2r2p1B0qYgaGz1nBDl"},"_isSystemFontUsed":false,"_N$horizontalAlign":1,"_N$verticalAlign":1}],"_contentSize":{"__type__":"cc.Size","width":96,"height":50},"_trs":{"__type__":"TypedArray","ctor":"Float64Array","array":[0,4,0,0,0,0,1,1,1,1]}}]