{"__type__":"sp.SkeletonData","_name":"zhadan","_skeletonJson":{"skeleton":{"hash":"GVDfZsMZM3JntkmD+zN2ib7bzJo","spine":"2.1.27","width":0,"height":0},"bones":[{"name":"root"},{"name":"ALL","parent":"root"},{"name":"XX","parent":"root","length":0.6},{"name":"zd","parent":"root","length":0.6},{"name":"0","parent":"ALL","x":383.19,"y":123.41},{"name":"1","parent":"XX","x":383.19,"y":123.41},{"name":"TX","parent":"ALL","length":106.77},{"name":"XL","parent":"XX","length":0.6},{"name":"zi","parent":"ALL"},{"name":"STONE","parent":"zi"},{"name":"XXXX","parent":"TX","length":123.71,"x":-543.37,"y":-128.62,"rotation":-153.25},{"name":"z1","parent":"zi"},{"name":"z2","parent":"zi"},{"name":"D","parent":"XXXX","x":-543.05,"y":129.93,"rotation":153.25},{"name":"s1","parent":"STONE"},{"name":"s2","parent":"STONE"},{"name":"s3","parent":"STONE"},{"name":"s4","parent":"STONE"},{"name":"d1","parent":"D"},{"name":"d10","parent":"D"},{"name":"d11","parent":"D"},{"name":"d12","parent":"D"},{"name":"d13","parent":"D"},{"name":"d14","parent":"D"},{"name":"d15","parent":"D"},{"name":"d16","parent":"D"},{"name":"d17","parent":"D"},{"name":"d18","parent":"D"},{"name":"d19","parent":"D"},{"name":"d2","parent":"D"},{"name":"d20","parent":"D"},{"name":"d21","parent":"D"},{"name":"d22","parent":"D"},{"name":"d23","parent":"D"},{"name":"d24","parent":"D"},{"name":"d25","parent":"D"},{"name":"d26","parent":"D"},{"name":"d3","parent":"D"},{"name":"d4","parent":"D"},{"name":"d5","parent":"D"},{"name":"d6","parent":"D"},{"name":"d7","parent":"D"},{"name":"d8","parent":"D"},{"name":"d9","parent":"D"}],"slots":[{"name":"xl/0","bone":"XL"},{"name":"10","bone":"d6","blend":"additive"},{"name":"33","bone":"1","blend":"additive"},{"name":"zha/zhadan","bone":"zd"},{"name":"bi","bone":"z1"},{"name":"bi2","bone":"z2"},{"name":"s1","bone":"s1"},{"name":"s3","bone":"s3"},{"name":"s2","bone":"s2"},{"name":"s4","bone":"s4"},{"name":"1","bone":"d1","blend":"additive"},{"name":"2","bone":"d2","blend":"additive"},{"name":"3","bone":"d3","blend":"additive"},{"name":"4","bone":"d4","blend":"additive"},{"name":"5","bone":"d5","blend":"additive"},{"name":"11","bone":"d7","blend":"additive"},{"name":"12","bone":"d8","blend":"additive"},{"name":"13","bone":"d9","blend":"additive"},{"name":"14","bone":"d10","blend":"additive"},{"name":"15","bone":"d11","blend":"additive"},{"name":"16","bone":"d12","blend":"additive"},{"name":"17","bone":"d13","blend":"additive"},{"name":"18","bone":"d14","blend":"additive"},{"name":"19","bone":"d15","blend":"additive"},{"name":"20","bone":"d16","blend":"additive"},{"name":"21","bone":"d17","blend":"additive"},{"name":"22","bone":"d18","blend":"additive"},{"name":"23","bone":"d19","blend":"additive"},{"name":"24","bone":"d20","blend":"additive"},{"name":"25","bone":"d21","blend":"additive"},{"name":"26","bone":"d22","blend":"additive"},{"name":"27","bone":"d23","blend":"additive"},{"name":"28","bone":"d24","blend":"additive"},{"name":"29","bone":"d25","blend":"additive"},{"name":"30","bone":"d26","blend":"additive"},{"name":"32","bone":"0","blend":"additive"}],"skins":{"default":{"1":{"0":{"rotation":-153.25,"width":74,"height":76}},"2":{"0":{"rotation":-153.25,"width":74,"height":76}},"3":{"0":{"rotation":-153.25,"width":74,"height":76}},"4":{"0":{"rotation":-153.25,"width":74,"height":76}},"5":{"0":{"rotation":-153.25,"width":74,"height":76}},"10":{"0":{"rotation":-153.25,"width":74,"height":76}},"11":{"0":{"rotation":-153.25,"width":74,"height":76}},"12":{"0":{"rotation":-153.25,"width":74,"height":76}},"13":{"0":{"rotation":-153.25,"width":74,"height":76}},"14":{"0":{"rotation":-153.25,"width":74,"height":76}},"15":{"0":{"rotation":-153.25,"width":74,"height":76}},"16":{"0":{"rotation":-153.25,"width":74,"height":76}},"17":{"0":{"rotation":-153.25,"width":74,"height":76}},"18":{"0":{"rotation":-153.25,"width":74,"height":76}},"19":{"0":{"rotation":-153.25,"width":74,"height":76}},"20":{"0":{"rotation":-153.25,"width":74,"height":76}},"21":{"0":{"rotation":-153.25,"width":74,"height":76}},"22":{"0":{"rotation":-153.25,"width":74,"height":76}},"23":{"0":{"rotation":-153.25,"width":74,"height":76}},"24":{"0":{"rotation":-153.25,"width":74,"height":76}},"25":{"0":{"rotation":-153.25,"width":74,"height":76}},"26":{"0":{"rotation":-153.25,"width":74,"height":76}},"27":{"0":{"rotation":-153.25,"width":74,"height":76}},"28":{"0":{"rotation":-153.25,"width":74,"height":76}},"29":{"0":{"rotation":-153.25,"width":74,"height":76}},"30":{"0":{"rotation":-153.25,"width":74,"height":76}},"32":{"10":{"width":74,"height":76}},"33":{"10":{"width":74,"height":76}},"bi":{"zhadan1":{"width":50,"height":54}},"bi2":{"zhadan2":{"width":50,"height":55}},"s1":{"s1":{"width":18,"height":29}},"s2":{"s2":{"width":28,"height":27}},"s3":{"s1":{"width":18,"height":29}},"s4":{"s2":{"width":28,"height":27}},"xl/0":{"xl/1":{"path":"xl/0","width":330,"height":330},"xl/2":{"path":"xl/1","width":330,"height":330},"xl/3":{"path":"xl/2","width":330,"height":330},"xl/4":{"path":"xl/3","width":330,"height":330},"xl/5":{"path":"xl/4","width":330,"height":330},"xl/6":{"path":"xl/5","width":330,"height":330},"xl/7":{"path":"xl/6","width":330,"height":330},"xl/8":{"path":"xl/7","width":330,"height":330},"xl/9":{"path":"xl/8","width":330,"height":330},"xl/10":{"width":330,"height":330},"xl/11":{"width":330,"height":330},"xl/12":{"width":330,"height":330},"xl/13":{"width":330,"height":330},"xl/14":{"width":330,"height":330},"xl/15":{"width":330,"height":330},"xl/16":{"width":330,"height":330},"xl/17":{"width":330,"height":330},"xl/18":{"width":330,"height":330},"xl/19":{"width":330,"height":330},"xl/20":{"width":330,"height":330},"xl/21":{"width":330,"height":330},"xl/22":{"width":330,"height":330},"xl/23":{"path":"xl/9","width":330,"height":330}},"zha/zhadan":{"zha/zhadan":{"y":4.18,"width":94,"height":107}}}},"events":{"hit":{}},"animations":{"zhadan":{"slots":{"1":{"attachment":[{"time":0.1666,"name":"0"},{"time":0.5333,"name":null}],"color":[{"time":0.1666,"color":"ffffffd5","curve":"stepped"},{"time":0.5,"color":"ffffffd5"}]},"2":{"attachment":[{"time":0.1666,"name":"0"},{"time":0.4666,"name":null}]},"3":{"attachment":[{"time":0.1666,"name":"0"},{"time":0.4333,"name":null}]},"4":{"attachment":[{"time":0.1666,"name":"0"},{"time":0.4666,"name":null}]},"5":{"attachment":[{"time":0.1666,"name":"0"},{"time":0.4333,"name":null}]},"10":{"attachment":[{"time":0.1666,"name":"0"},{"time":0.4666,"name":null}]},"11":{"attachment":[{"time":0.1666,"name":"0"},{"time":0.5666,"name":null}]},"12":{"attachment":[{"time":0.1666,"name":"0"},{"time":0.4,"name":null}]},"13":{"attachment":[{"time":0.1666,"name":"0"},{"time":0.5666,"name":null}]},"14":{"attachment":[{"time":0.1666,"name":"0"},{"time":0.5,"name":null}]},"15":{"attachment":[{"time":0.1666,"name":"0"},{"time":0.5333,"name":null}]},"16":{"attachment":[{"time":0.1666,"name":"0"},{"time":0.4333,"name":null}]},"17":{"attachment":[{"time":0.1666,"name":"0"},{"time":0.3666,"name":null}]},"18":{"attachment":[{"time":0.1666,"name":"0"},{"time":0.2333,"name":null},{"time":0.3,"name":"0"},{"time":0.5,"name":null}]},"19":{"attachment":[{"time":0.1666,"name":"0"},{"time":0.5666,"name":null}]},"20":{"attachment":[{"time":0.1666,"name":"0"},{"time":0.3333,"name":null}]},"21":{"attachment":[{"time":0.1666,"name":"0"},{"time":0.5,"name":null}],"color":[{"time":0.1666,"color":"ffffffff","curve":"stepped"},{"time":0.2,"color":"ffffffff"},{"time":0.2333,"color":"ffffff54"},{"time":0.2666,"color":"ffffffeb"},{"time":0.5,"color":"ffffffff","curve":"stepped"},{"time":0.5333,"color":"ffffffff","curve":"stepped"},{"time":0.5666,"color":"ffffffff"},{"time":0.6,"color":"ffffff54"},{"time":0.6333,"color":"ffffffeb"},{"time":0.8333,"color":"ffffffff"}]},"22":{"attachment":[{"time":0.1666,"name":"0"},{"time":0.4333,"name":null}]},"23":{"attachment":[{"time":0.2,"name":"0"},{"time":0.4666,"name":null}]},"24":{"attachment":[{"time":0.2,"name":"0"},{"time":0.4,"name":null}]},"25":{"attachment":[{"time":0.2,"name":"0"},{"time":0.5666,"name":null}]},"26":{"attachment":[{"time":0.2333,"name":"0"},{"time":0.4,"name":null},{"time":0.4333,"name":"0"},{"time":0.5,"name":null}]},"27":{"attachment":[{"time":0.2333,"name":"0"},{"time":0.3666,"name":null}]},"28":{"attachment":[{"time":0.3666,"name":"0"},{"time":0.4,"name":"0"},{"time":0.5333,"name":null}]},"29":{"attachment":[{"time":0.3666,"name":"0"},{"time":0.4,"name":"0"},{"time":0.5,"name":null}]},"32":{"attachment":[{"time":0,"name":"10"}],"color":[{"time":0,"color":"ffffff00"},{"time":0.2,"color":"ffffff8f"},{"time":0.4,"color":"ffffff00"}]},"33":{"attachment":[{"time":0,"name":null},{"time":0.1666,"name":"10"}],"color":[{"time":0.1666,"color":"ffffffff","curve":"stepped"},{"time":0.2,"color":"ffffffff"},{"time":0.2666,"color":"ffffff76"},{"time":0.6666,"color":"ffffff00"}]},"bi":{"attachment":[{"time":0,"name":"zhadan1"},{"time":0.3,"name":"zhadan1"},{"time":1,"name":"zhadan1"},{"time":1.3333,"name":null}],"color":[{"time":0,"color":"ffffffc1"},{"time":0.1333,"color":"ffffffff","curve":"stepped"},{"time":1,"color":"ffffffff"},{"time":1.3333,"color":"ffffff00"}]},"bi2":{"attachment":[{"time":0,"name":null},{"time":0.0666,"name":"zhadan2"},{"time":0.4,"name":"zhadan2"},{"time":1,"name":"zhadan2"},{"time":1.3333,"name":null}],"color":[{"time":0,"color":"ffffffff"},{"time":0.0666,"color":"ffffff8f"},{"time":0.2333,"color":"ffffffff","curve":"stepped"},{"time":1,"color":"ffffffff"},{"time":1.3333,"color":"ffffff00"}]},"s1":{"attachment":[{"time":0,"name":null},{"time":0.1666,"name":"s1"}],"color":[{"time":0.1666,"color":"ffffff00"},{"time":0.2666,"color":"ffffffff","curve":"stepped"},{"time":0.5,"color":"ffffffff"},{"time":0.7,"color":"ffffff00"}]},"s2":{"attachment":[{"time":0,"name":null},{"time":0.1,"name":"s2"},{"time":0.5333,"name":"s2"}],"color":[{"time":0,"color":"ffffffff"},{"time":0.1,"color":"ffffff00"},{"time":0.1333,"color":"ffffffff","curve":"stepped"},{"time":0.3,"color":"ffffffff"},{"time":0.5333,"color":"ffffff00"}]},"s3":{"attachment":[{"time":0,"name":null},{"time":0.2333,"name":"s1"}],"color":[{"time":0.2333,"color":"ffffffff","curve":"stepped"},{"time":0.5666,"color":"ffffffff"},{"time":0.7666,"color":"ffffff00"}]},"s4":{"attachment":[{"time":0,"name":null},{"time":0.1333,"name":"s2"}],"color":[{"time":0,"color":"ffffffff","curve":"stepped"},{"time":0.1333,"color":"ffffffff","curve":"stepped"},{"time":0.5,"color":"ffffffff"},{"time":0.6666,"color":"ffffff00"}]},"xl/0":{"attachment":[{"time":0,"name":null},{"time":0.1666,"name":"xl/1"},{"time":0.2,"name":"xl/2"},{"time":0.2333,"name":"xl/3"},{"time":0.2666,"name":"xl/4"},{"time":0.3,"name":"xl/5"},{"time":0.3333,"name":"xl/5"},{"time":0.3666,"name":"xl/6"},{"time":0.4,"name":"xl/7"},{"time":0.4333,"name":"xl/8"},{"time":0.4666,"name":"xl/9"},{"time":0.5,"name":"xl/10"},{"time":0.5333,"name":"xl/11"},{"time":0.5666,"name":"xl/12"},{"time":0.6,"name":"xl/13"},{"time":0.6333,"name":"xl/14"},{"time":0.6666,"name":"xl/15"},{"time":0.7,"name":"xl/16"},{"time":0.7333,"name":"xl/17"},{"time":0.7666,"name":"xl/18"},{"time":0.8,"name":"xl/19"},{"time":0.8333,"name":"xl/20"},{"time":0.8666,"name":"xl/21"},{"time":0.9,"name":"xl/22"},{"time":1.2666,"name":"xl/22"}],"color":[{"time":0,"color":"ffffffff","curve":"stepped"},{"time":0.1666,"color":"ffffffff","curve":"stepped"},{"time":0.9,"color":"ffffffff"},{"time":1.2666,"color":"ffffff00"}]},"zha/zhadan":{"attachment":[{"time":0,"name":null},{"time":0.3333,"name":null}],"color":[{"time":0,"color":"ffffff00"},{"time":0.2,"color":"ffffff7f"},{"time":0.3333,"color":"ffffffff"}]}},"bones":{"0":{"rotate":[{"time":0,"angle":0}],"translate":[{"time":0,"x":-383.19,"y":-123.41}],"scale":[{"time":0,"x":0.256,"y":0.256},{"time":0.2,"x":2.67,"y":1.509}]},"1":{"rotate":[{"time":0,"angle":0}],"translate":[{"time":0,"x":-378.08,"y":-55.9,"curve":"stepped"},{"time":0.1666,"x":-378.08,"y":-55.9}],"scale":[{"time":0,"x":1,"y":1},{"time":0.1666,"x":1,"y":0.482},{"time":0.2,"x":11.033,"y":4.294},{"time":0.6666,"x":25.701,"y":10.506}]},"root":{"rotate":[{"time":0,"angle":0,"curve":"stepped"},{"time":0.0333,"angle":0,"curve":"stepped"},{"time":0.3333,"angle":0,"curve":"stepped"},{"time":0.5,"angle":0}],"translate":[{"time":0,"x":0,"y":0,"curve":"stepped"},{"time":0.0333,"x":0,"y":0,"curve":"stepped"},{"time":0.3333,"x":0,"y":0,"curve":"stepped"},{"time":0.5,"x":0,"y":0}],"scale":[{"time":0,"x":1,"y":1,"curve":"stepped"},{"time":0.0333,"x":1,"y":1,"curve":"stepped"},{"time":0.3333,"x":1,"y":1,"curve":"stepped"},{"time":0.5,"x":1,"y":1}]},"d1":{"rotate":[{"time":0.1666,"angle":102.82},{"time":0.2,"angle":108.33},{"time":0.2333,"angle":129.92},{"time":0.4,"angle":67.9}],"translate":[{"time":0.1666,"x":190.5,"y":56.65},{"time":0.2,"x":213.56,"y":104.47},{"time":0.2333,"x":246.01,"y":127.51},{"time":0.4,"x":384.6,"y":220.25},{"time":0.5,"x":440.88,"y":272.25}],"scale":[{"time":0.1666,"x":0.894,"y":1.219},{"time":0.2,"x":0.581,"y":1.057,"curve":"stepped"},{"time":0.2333,"x":0.581,"y":1.057},{"time":0.3333,"x":1.066,"y":1.115},{"time":0.4,"x":0.705,"y":0.695},{"time":0.5,"x":0.37,"y":0.365}]},"d2":{"rotate":[{"time":0.1666,"angle":28.11},{"time":0.2,"angle":36.91},{"time":0.4333,"angle":-13.01}],"translate":[{"time":0.1666,"x":172.63,"y":-36.51},{"time":0.2,"x":149.52,"y":-2.49},{"time":0.2333,"x":282.27,"y":-3.85},{"time":0.3333,"x":341.72,"y":101.9},{"time":0.4333,"x":379.07,"y":172.24}],"scale":[{"time":0.1666,"x":0.913,"y":0.682},{"time":0.2,"x":0.784,"y":0.585},{"time":0.2333,"x":0.602,"y":0.449},{"time":0.3333,"x":0.451,"y":0.337},{"time":0.4333,"x":0.218,"y":0.163}]},"d3":{"rotate":[{"time":0.1666,"angle":14},{"time":0.2,"angle":32.85},{"time":0.2333,"angle":-55.66},{"time":0.2666,"angle":18.9},{"time":0.4,"angle":74.16}],"translate":[{"time":0.1666,"x":241.8,"y":-87.51},{"time":0.2,"x":288.84,"y":-98.43},{"time":0.2333,"x":402.89,"y":-108.05},{"time":0.2666,"x":400.84,"y":-49.17},{"time":0.4,"x":446.94,"y":3.73}],"scale":[{"time":0.1666,"x":0.801,"y":0.567},{"time":0.2,"x":0.801,"y":0.442},{"time":0.2333,"x":0.564,"y":0.311},{"time":0.4,"x":0.362,"y":0.2}]},"d11":{"rotate":[{"time":0.1666,"angle":-50.73}],"translate":[{"time":0.1666,"x":110.63,"y":-199.8},{"time":0.2666,"x":338.55,"y":-136.9},{"time":0.4,"x":419.95,"y":-222.74},{"time":0.5,"x":439.93,"y":-252.34}],"scale":[{"time":0.1666,"x":0.279,"y":0.412},{"time":0.4,"x":0.33,"y":0.327},{"time":0.5,"x":0.138,"y":0.075}]},"d5":{"rotate":[{"time":0.1666,"angle":-3.16},{"time":0.4,"angle":-56.31}],"translate":[{"time":0.1666,"x":186.35,"y":-172.61},{"time":0.2,"x":225.41,"y":-215.87},{"time":0.2666,"x":283.99,"y":-299.44},{"time":0.4,"x":390.05,"y":-443.01}],"scale":[{"time":0.1666,"x":0.928,"y":0.662},{"time":0.2,"x":0.893,"y":0.373},{"time":0.2666,"x":0.692,"y":0.686},{"time":0.3,"x":0.893,"y":0.519},{"time":0.4,"x":0.893,"y":0.373}]},"d21":{"rotate":[{"time":0.2,"angle":0},{"time":0.2333,"angle":37.27}],"translate":[{"time":0.2,"x":-239.8,"y":342.98},{"time":0.2333,"x":-260.26,"y":318.43},{"time":0.2666,"x":-277.94,"y":337.47},{"time":0.5333,"x":-294.36,"y":419.55}],"scale":[{"time":0.2,"x":0.333,"y":0.437},{"time":0.2333,"x":0.492,"y":0.647},{"time":0.2666,"x":0.327,"y":0.431},{"time":0.5333,"x":-0.013,"y":-0.017}]},"d24":{"rotate":[{"time":0.3666,"angle":0,"curve":"stepped"},{"time":0.4,"angle":0}],"translate":[{"time":0.3666,"x":481.47,"y":-159.89},{"time":0.4,"x":508.13,"y":-167.73},{"time":0.5,"x":528.57,"y":-184.08}],"scale":[{"time":0.3666,"x":0.53,"y":0.53},{"time":0.4,"x":0.556,"y":0.556},{"time":0.4333,"x":0.394,"y":0.394},{"time":0.5,"x":0.219,"y":0.219}]},"d7":{"rotate":[{"time":0.1666,"angle":11.99},{"time":0.2,"angle":37.7},{"time":0.2333,"angle":-32.77},{"time":0.2666,"angle":-12.31},{"time":0.3,"angle":28.61}],"translate":[{"time":0.1666,"x":186.47,"y":-143.3},{"time":0.2,"x":317.93,"y":-115.58},{"time":0.2333,"x":336.02,"y":-118.55},{"time":0.2666,"x":378,"y":-128.79},{"time":0.3,"x":416.04,"y":-139.65},{"time":0.3333,"x":437,"y":-149.98},{"time":0.3666,"x":455.84,"y":-137.28},{"time":0.4,"x":478.94,"y":-139.1},{"time":0.4333,"x":494.84,"y":-136.45},{"time":0.5333,"x":527.55,"y":-150.47}],"scale":[{"time":0.1666,"x":0.28,"y":0.419},{"time":0.2,"x":0.28,"y":0.528},{"time":0.2333,"x":0.445,"y":0.596},{"time":0.2666,"x":0.736,"y":0.985},{"time":0.3666,"x":0.615,"y":0.655},{"time":0.4,"x":0.427,"y":0.455},{"time":0.4333,"x":0.365,"y":0.344},{"time":0.5333,"x":0.206,"y":0.194}]},"d23":{"rotate":[{"time":0.2333,"angle":18.49},{"time":0.3333,"angle":-6.95}],"translate":[{"time":0.2333,"x":286.03,"y":-84.4},{"time":0.3,"x":344.65,"y":-90.2},{"time":0.3333,"x":492.05,"y":-91.84}],"scale":[{"time":0.2333,"x":0.539,"y":0.344},{"time":0.3,"x":0.441,"y":0.344},{"time":0.3333,"x":0.68,"y":0.344}]},"d19":{"rotate":[{"time":0.2,"angle":8.61},{"time":0.2333,"angle":5.95},{"time":0.3,"angle":-19.41}],"translate":[{"time":0.2,"x":-168.23,"y":230.76},{"time":0.2333,"x":-195.22,"y":238.47},{"time":0.3,"x":-251.12,"y":287.11},{"time":0.4333,"x":-335.94,"y":330.89}],"scale":[{"time":0.2,"x":0.473,"y":0.808},{"time":0.2333,"x":0.569,"y":0.604},{"time":0.3,"x":0.569,"y":0.332},{"time":0.4333,"x":0.248,"y":0.145}]},"d10":{"rotate":[{"time":0.1666,"angle":-39.45},{"time":0.2,"angle":5.15},{"time":0.2666,"angle":-8.65}],"translate":[{"time":0.1666,"x":166.55,"y":-111.26},{"time":0.2,"x":364.37,"y":-105.8},{"time":0.2333,"x":348.44,"y":-96.62},{"time":0.2666,"x":355.09,"y":-90.47},{"time":0.3,"x":373.18,"y":-62.28},{"time":0.4666,"x":437.6,"y":33.43}],"scale":[{"time":0.1666,"x":0.359,"y":0.4},{"time":0.2,"x":0.288,"y":0.413},{"time":0.2333,"x":0.288,"y":0.384},{"time":0.2666,"x":0.538,"y":0.718},{"time":0.4666,"x":0.197,"y":0.263}]},"d4":{"rotate":[{"time":0.1666,"angle":0},{"time":0.3333,"angle":6.15},{"time":0.3666,"angle":-34.01}],"translate":[{"time":0.1666,"x":288.21,"y":-149},{"time":0.2,"x":346.02,"y":-164.4},{"time":0.2333,"x":360.51,"y":-146.93},{"time":0.2666,"x":435.77,"y":-153.59},{"time":0.3333,"x":467.09,"y":-159.12},{"time":0.3666,"x":504.75,"y":-167.44},{"time":0.4,"x":541.98,"y":-180.41},{"time":0.4333,"x":560.59,"y":-204.66}],"scale":[{"time":0.1666,"x":1.045,"y":1.045},{"time":0.2,"x":0.28,"y":0.345},{"time":0.2666,"x":0.339,"y":0.419},{"time":0.3333,"x":1.052,"y":1.736},{"time":0.3666,"x":1.236,"y":0.931},{"time":0.4,"x":1.145,"y":1.09},{"time":0.4333,"x":0.727,"y":0.692}]},"d17":{"rotate":[{"time":0.1666,"angle":0},{"time":0.2,"angle":-21.83},{"time":0.2333,"angle":-44.7},{"time":0.3,"angle":-40.54},{"time":0.4666,"angle":27.11}],"translate":[{"time":0.1666,"x":-35.33,"y":200.87},{"time":0.2,"x":-26.87,"y":223.86},{"time":0.2333,"x":-6.17,"y":231.86},{"time":0.2666,"x":-172,"y":191.23},{"time":0.3,"x":-210.41,"y":240.28},{"time":0.4666,"x":-375.19,"y":293.75}],"scale":[{"time":0.1666,"x":0.376,"y":0.981},{"time":0.2,"x":0.376,"y":0.94},{"time":0.2333,"x":0.253,"y":0.633},{"time":0.2666,"x":0.683,"y":1.025},{"time":0.3,"x":1.744,"y":1.225},{"time":0.4,"x":0.95,"y":0.667},{"time":0.4666,"x":0.557,"y":0.391}]},"d8":{"rotate":[{"time":0.1666,"angle":-49.19},{"time":0.3666,"angle":-120.59}],"translate":[{"time":0.1666,"x":139.87,"y":-147.42},{"time":0.2,"x":147.97,"y":-164.94},{"time":0.2666,"x":219.01,"y":-194.54},{"time":0.3666,"x":259.89,"y":-248.27}],"scale":[{"time":0.1666,"x":0.305,"y":0.362},{"time":0.3666,"x":0.119,"y":0.142}]},"d15":{"rotate":[{"time":0.1666,"angle":-120.61}],"translate":[{"time":0.1666,"x":-102.17,"y":88.95},{"time":0.2,"x":-122.97,"y":143.55},{"time":0.3,"x":-99.45,"y":402.3},{"time":0.5333,"x":-46.21,"y":501.34}],"scale":[{"time":0.1666,"x":0.737,"y":0.926},{"time":0.2,"x":0.381,"y":0.532},{"time":0.5333,"x":0.2,"y":0.279}]},"d25":{"rotate":[{"time":0.3666,"angle":0,"curve":"stepped"},{"time":0.4,"angle":0}],"translate":[{"time":0.3666,"x":440.17,"y":-191.39},{"time":0.4,"x":496.43,"y":-191.39},{"time":0.4333,"x":504.91,"y":-221.6},{"time":0.4666,"x":518.02,"y":-247.13}],"scale":[{"time":0.3666,"x":0.305,"y":0.34},{"time":0.4,"x":0.519,"y":0.579},{"time":0.4333,"x":0.343,"y":0.382},{"time":0.4666,"x":0.201,"y":0.224}]},"d22":{"rotate":[{"time":0.2333,"angle":0},{"time":0.4666,"angle":-20.71}],"translate":[{"time":0.2333,"x":389.86,"y":-160.08},{"time":0.2666,"x":416.52,"y":-197.62},{"time":0.3666,"x":503.24,"y":-291.79},{"time":0.4333,"x":425.33,"y":-193.21},{"time":0.4666,"x":424.56,"y":-211.64}],"scale":[{"time":0.2333,"x":0.313,"y":0.392},{"time":0.3666,"x":0.397,"y":0.497},{"time":0.4333,"x":0.176,"y":0.194},{"time":0.4666,"x":0.379,"y":0.184}]},"d14":{"rotate":[{"time":0.1666,"angle":0}],"translate":[{"time":0.1666,"x":-167.1,"y":-194.02},{"time":0.2,"x":-217.99,"y":-215.55},{"time":0.3,"x":245.41,"y":324.39},{"time":0.4666,"x":275.43,"y":385.84}],"scale":[{"time":0.1666,"x":0.324,"y":0.324},{"time":0.2,"x":0.222,"y":0.222},{"time":0.3,"x":0.518,"y":0.452},{"time":0.4666,"x":0.204,"y":0.178}]},"d18":{"rotate":[{"time":0.1666,"angle":-23.04},{"time":0.2,"angle":0.17}],"translate":[{"time":0.1666,"x":91.2,"y":94.71},{"time":0.2,"x":107.9,"y":94.07},{"time":0.3333,"x":297.27,"y":332.71},{"time":0.4333,"x":329.61,"y":351.33}],"scale":[{"time":0.1666,"x":0.329,"y":0.576},{"time":0.2,"x":0.286,"y":0.499},{"time":0.3333,"x":0.501,"y":0.392},{"time":0.4333,"x":0.125,"y":0.098}]},"d12":{"rotate":[{"time":0.1666,"angle":-36.69},{"time":0.4,"angle":-14.43}],"translate":[{"time":0.1666,"x":112.51,"y":-263.93},{"time":0.2,"x":143.19,"y":-377.07},{"time":0.3,"x":117.3,"y":-457.61},{"time":0.4,"x":105.8,"y":-504.59}],"scale":[{"time":0.1666,"x":0.263,"y":0.349},{"time":0.4,"x":0.119,"y":0.158}]},"d20":{"rotate":[{"time":0.2,"angle":0},{"time":0.2333,"angle":12.32},{"time":0.3666,"angle":16.53}],"translate":[{"time":0.2,"x":46.06,"y":381.42},{"time":0.2333,"x":56.65,"y":407.55},{"time":0.3666,"x":82.4,"y":485.3}],"scale":[{"time":0.2,"x":0.346,"y":0.575},{"time":0.2333,"x":0.488,"y":0.643},{"time":0.3666,"x":0.708,"y":0.507}]},"d9":{"rotate":[{"time":0.1666,"angle":29.96}],"translate":[{"time":0.1666,"x":106.86,"y":-114.25},{"time":0.2,"x":101.37,"y":-122.49},{"time":0.2666,"x":235.66,"y":-77.72},{"time":0.3666,"x":263.41,"y":-18.64},{"time":0.5333,"x":306.95,"y":12.79}],"scale":[{"time":0.1666,"x":0.605,"y":0.415},{"time":0.2,"x":0.514,"y":0.353},{"time":0.3666,"x":0.312,"y":0.214},{"time":0.5333,"x":0.142,"y":0.097}]},"d13":{"rotate":[{"time":0.1666,"angle":-23.99},{"time":0.2,"angle":-11.58},{"time":0.3333,"angle":-26.25}],"translate":[{"time":0.1666,"x":-90.53,"y":-291.49},{"time":0.2,"x":-116.73,"y":-323.3},{"time":0.3333,"x":-211.49,"y":-447.5}],"scale":[{"time":0.1666,"x":1,"y":0.757},{"time":0.2,"x":0.771,"y":0.458},{"time":0.3333,"x":0.707,"y":0.9}]},"d6":{"rotate":[{"time":0.1666,"angle":-56.12},{"time":0.2333,"angle":-32.47},{"time":0.2666,"angle":-5.04}],"translate":[{"time":0.1666,"x":223.88,"y":-157.2},{"time":0.2,"x":333.08,"y":-189.12},{"time":0.2333,"x":370.15,"y":-215.96},{"time":0.2666,"x":403.94,"y":-232.34},{"time":0.3,"x":406.07,"y":-245.11},{"time":0.4333,"x":403.25,"y":-311.21}],"scale":[{"time":0.1666,"x":0.235,"y":0.291},{"time":0.2,"x":0.256,"y":0.472},{"time":0.2333,"x":0.326,"y":0.499},{"time":0.4333,"x":0.326,"y":0.28}]},"d16":{"rotate":[{"time":0.1666,"angle":55.13},{"time":0.3,"angle":20.08}],"translate":[{"time":0.1666,"x":-287.89,"y":16.23},{"time":0.2,"x":-337.23,"y":27.14},{"time":0.3,"x":-469.77,"y":50.64}],"scale":[{"time":0.1666,"x":0.59,"y":1},{"time":0.2,"x":0.614,"y":0.586},{"time":0.3,"x":0.541,"y":0.528}]},"D":{"scale":[{"time":0,"x":1.16,"y":1.16}]},"TX":{"scale":[{"time":0,"x":0.202,"y":0.202}]},"z1":{"rotate":[{"time":0,"angle":3.29},{"time":0.1666,"angle":-1.82},{"time":0.2333,"angle":0,"curve":"stepped"},{"time":0.3,"angle":0,"curve":"stepped"},{"time":1,"angle":0,"curve":"stepped"},{"time":1.3333,"angle":0}],"translate":[{"time":0,"x":-58.53,"y":0},{"time":0.1,"x":-35.44,"y":0,"curve":"stepped"},{"time":0.1666,"x":-35.44,"y":0,"curve":"stepped"},{"time":0.2333,"x":-35.44,"y":0},{"time":0.3,"x":-35,"y":0,"curve":"stepped"},{"time":1,"x":-35,"y":0,"curve":"stepped"},{"time":1.3333,"x":-35,"y":0}],"scale":[{"time":0,"x":5.199,"y":5.199},{"time":0.1,"x":0.924,"y":0.924},{"time":0.1666,"x":1.736,"y":1.885},{"time":0.2333,"x":1.279,"y":1.164},{"time":0.3,"x":1.3,"y":1.3,"curve":"stepped"},{"time":1,"x":1.3,"y":1.3,"curve":"stepped"},{"time":1.3333,"x":1.3,"y":1.3}]},"z2":{"rotate":[{"time":0,"angle":0},{"time":0.0666,"angle":-5.76},{"time":0.2,"angle":0,"curve":"stepped"},{"time":0.4,"angle":0,"curve":"stepped"},{"time":1,"angle":0,"curve":"stepped"},{"time":1.3333,"angle":0}],"translate":[{"time":0,"x":40.51,"y":0},{"time":0.0666,"x":104.82,"y":0},{"time":0.2,"x":40.51,"y":0},{"time":0.4,"x":42,"y":0,"curve":"stepped"},{"time":1,"x":42,"y":0,"curve":"stepped"},{"time":1.3333,"x":42,"y":0}],"scale":[{"time":0,"x":1.3,"y":1.3},{"time":0.0666,"x":5.199,"y":5.199},{"time":0.2,"x":0.924,"y":0.924},{"time":0.2666,"x":1.736,"y":1.885},{"time":0.3333,"x":1.279,"y":1.164},{"time":0.4,"x":1.3,"y":1.3,"curve":"stepped"},{"time":1,"x":1.3,"y":1.3,"curve":"stepped"},{"time":1.3333,"x":1.3,"y":1.3}]},"s1":{"rotate":[{"time":0,"angle":0,"curve":"stepped"},{"time":0.1666,"angle":0},{"time":0.4333,"angle":-163.15},{"time":0.7,"angle":81.6}],"translate":[{"time":0,"x":0,"y":0},{"time":0.1666,"x":51.42,"y":49.13},{"time":0.2666,"x":51.42,"y":60.58},{"time":0.4,"x":96.74,"y":41.68},{"time":0.5333,"x":131.23,"y":-26.95},{"time":0.7,"x":134.75,"y":-112.76}],"scale":[{"time":0,"x":1,"y":1},{"time":0.1666,"x":0.437,"y":0.437},{"time":0.2666,"x":1.089,"y":1.089},{"time":0.7,"x":1.003,"y":1.003}]},"s3":{"rotate":[{"time":0,"angle":0,"curve":"stepped"},{"time":0.2333,"angle":0},{"time":0.5333,"angle":-168.52},{"time":0.7666,"angle":82.72}],"translate":[{"time":0,"x":0,"y":0},{"time":0.2333,"x":28.63,"y":-25.06},{"time":0.4333,"x":20.85,"y":-89.88},{"time":0.7666,"x":20.85,"y":-146.94}],"scale":[{"time":0,"x":1,"y":1},{"time":0.2333,"x":0.705,"y":0.705,"curve":"stepped"},{"time":0.7666,"x":0.705,"y":0.705}]},"s4":{"rotate":[{"time":0,"angle":0,"curve":"stepped"},{"time":0.1333,"angle":0},{"time":0.6666,"angle":165.56}],"translate":[{"time":0,"x":0,"y":0},{"time":0.1333,"x":28.8,"y":0},{"time":0.2666,"x":-20.37,"y":74.14},{"time":0.4,"x":-74.2,"y":12.01},{"time":0.6666,"x":-82.4,"y":-112.24}],"scale":[{"time":0,"x":1,"y":1},{"time":0.1333,"x":0.654,"y":0.654},{"time":0.6666,"x":1,"y":1}]},"s2":{"rotate":[{"time":0,"angle":0,"curve":"stepped"},{"time":0.1,"angle":0},{"time":0.5333,"angle":-55.69}],"translate":[{"time":0,"x":0,"y":0},{"time":0.1,"x":-39.08,"y":-9.6},{"time":0.2333,"x":-81.78,"y":91.95},{"time":0.5333,"x":-153.36,"y":-9.23}],"scale":[{"time":0,"x":1,"y":1,"curve":"stepped"},{"time":0.1,"x":1,"y":1},{"time":0.5333,"x":0.619,"y":0.619}]},"XXXX":{"scale":[{"time":0,"x":0.741,"y":0.741}]},"XL":{"rotate":[{"time":0,"angle":0,"curve":"stepped"},{"time":0.1666,"angle":0}],"translate":[{"time":0,"x":0,"y":183.69},{"time":0.1666,"x":0,"y":142.46},{"time":0.2333,"x":0,"y":183.69,"curve":"stepped"},{"time":0.9,"x":0,"y":183.69},{"time":1.2666,"x":0,"y":200.49}],"scale":[{"time":0,"x":0.66,"y":0.66,"curve":"stepped"},{"time":0.1666,"x":0.66,"y":0.66},{"time":0.2333,"x":1.3,"y":1.3,"curve":"stepped"},{"time":0.9,"x":1.3,"y":1.3},{"time":1.2666,"x":1.35,"y":1.35}]},"zd":{"rotate":[{"time":0,"angle":155.93},{"time":0.0666,"angle":40.27},{"time":0.1,"angle":-82.05},{"time":0.1666,"angle":127.1},{"time":0.2333,"angle":71.81},{"time":0.3333,"angle":7.71}],"translate":[{"time":0,"x":-61.06,"y":971.63},{"time":0.3333,"x":6.3,"y":82.65}],"scale":[{"time":0,"x":13,"y":13},{"time":0.3333,"x":0.873,"y":0.873}]},"ALL":{"translate":[{"time":0,"x":0,"y":0}]},"XX":{"translate":[{"time":0,"x":0,"y":-38.63}]}}}}},"_atlasText":"\nzhadan.png\nsize: 1002,1002\nformat: RGBA8888\nfilter: Linear,Linear\nrepeat: none\n0\n  rotate: false\n  xy: 802, 288\n  size: 44, 46\n  orig: 44, 46\n  offset: 0, 0\n  index: -1\n10\n  rotate: false\n  xy: 860, 354\n  size: 44, 46\n  orig: 44, 46\n  offset: 0, 0\n  index: -1\ns1\n  rotate: false\n  xy: 848, 317\n  size: 11, 17\n  orig: 11, 17\n  offset: 0, 0\n  index: -1\ns2\n  rotate: false\n  xy: 860, 336\n  size: 17, 16\n  orig: 17, 16\n  offset: 0, 0\n  index: -1\nxl/0\n  rotate: false\n  xy: 2, 802\n  size: 198, 198\n  orig: 198, 198\n  offset: 0, 0\n  index: -1\nxl/1\n  rotate: false\n  xy: 2, 602\n  size: 198, 198\n  orig: 198, 198\n  offset: 0, 0\n  index: -1\nxl/10\n  rotate: false\n  xy: 602, 802\n  size: 198, 198\n  orig: 198, 198\n  offset: 0, 0\n  index: -1\nxl/11\n  rotate: false\n  xy: 2, 2\n  size: 198, 198\n  orig: 198, 198\n  offset: 0, 0\n  index: -1\nxl/12\n  rotate: false\n  xy: 202, 202\n  size: 198, 198\n  orig: 198, 198\n  offset: 0, 0\n  index: -1\nxl/13\n  rotate: false\n  xy: 402, 402\n  size: 198, 198\n  orig: 198, 198\n  offset: 0, 0\n  index: -1\nxl/14\n  rotate: false\n  xy: 602, 602\n  size: 198, 198\n  orig: 198, 198\n  offset: 0, 0\n  index: -1\nxl/15\n  rotate: false\n  xy: 802, 802\n  size: 198, 198\n  orig: 198, 198\n  offset: 0, 0\n  index: -1\nxl/16\n  rotate: false\n  xy: 202, 2\n  size: 198, 198\n  orig: 198, 198\n  offset: 0, 0\n  index: -1\nxl/17\n  rotate: false\n  xy: 402, 202\n  size: 198, 198\n  orig: 198, 198\n  offset: 0, 0\n  index: -1\nxl/18\n  rotate: false\n  xy: 602, 402\n  size: 198, 198\n  orig: 198, 198\n  offset: 0, 0\n  index: -1\nxl/19\n  rotate: false\n  xy: 802, 602\n  size: 198, 198\n  orig: 198, 198\n  offset: 0, 0\n  index: -1\nxl/2\n  rotate: false\n  xy: 202, 802\n  size: 198, 198\n  orig: 198, 198\n  offset: 0, 0\n  index: -1\nxl/20\n  rotate: false\n  xy: 402, 2\n  size: 198, 198\n  orig: 198, 198\n  offset: 0, 0\n  index: -1\nxl/21\n  rotate: false\n  xy: 602, 202\n  size: 198, 198\n  orig: 198, 198\n  offset: 0, 0\n  index: -1\nxl/22\n  rotate: false\n  xy: 802, 402\n  size: 198, 198\n  orig: 198, 198\n  offset: 0, 0\n  index: -1\nxl/3\n  rotate: false\n  xy: 2, 402\n  size: 198, 198\n  orig: 198, 198\n  offset: 0, 0\n  index: -1\nxl/4\n  rotate: false\n  xy: 202, 602\n  size: 198, 198\n  orig: 198, 198\n  offset: 0, 0\n  index: -1\nxl/5\n  rotate: false\n  xy: 402, 802\n  size: 198, 198\n  orig: 198, 198\n  offset: 0, 0\n  index: -1\nxl/6\n  rotate: false\n  xy: 2, 202\n  size: 198, 198\n  orig: 198, 198\n  offset: 0, 0\n  index: -1\nxl/7\n  rotate: false\n  xy: 202, 402\n  size: 198, 198\n  orig: 198, 198\n  offset: 0, 0\n  index: -1\nxl/8\n  rotate: false\n  xy: 402, 602\n  size: 198, 198\n  orig: 198, 198\n  offset: 0, 0\n  index: -1\nxl/9\n  rotate: false\n  xy: 602, 2\n  size: 198, 198\n  orig: 198, 198\n  offset: 0, 0\n  index: -1\nzha/zhadan\n  rotate: false\n  xy: 802, 336\n  size: 56, 64\n  orig: 56, 64\n  offset: 0, 0\n  index: -1\nzhadan1\n  rotate: false\n  xy: 906, 368\n  size: 30, 32\n  orig: 30, 32\n  offset: 0, 0\n  index: -1\nzhadan2\n  rotate: false\n  xy: 802, 253\n  size: 30, 33\n  orig: 30, 33\n  offset: 0, 0\n  index: -1\n","textures":[{"__uuid__":"a7LIb2vmpORKLOw52uTJ3e"}],"textureNames":["zhadan.png"]}