[{"__type__":"cc.SceneAsset","_name":"CSMJGameScene","scene":{"__id__":1},"asyncLoadAssets":{}},{"__type__":"cc.Scene","_name":"New Node","_children":[{"__id__":2}],"_active":false,"_anchorPoint":{"__type__":"cc.Vec2"},"_trs":{"__type__":"TypedArray","ctor":"Float64Array","array":[0,0,0,0,0,0,1,1,1,1]},"autoReleaseAssets":false},{"__type__":"cc.Node","_name":"Canvas","_parent":{"__id__":1},"_children":[{"__id__":3},{"__id__":4},{"__id__":26},{"__id__":27},{"__id__":28},{"__id__":83},{"__id__":87},{"__id__":89},{"__id__":94},{"__id__":95},{"__id__":7}],"_components":[{"__type__":"5f532Uocx5G37ktcyGRlvgg","node":{"__id__":2}},{"__type__":"6e608jsq6BD9Y4KzVunQyTu","node":{"__id__":2}},{"__type__":"c309cysSmZJJb1MwlMUZtPx","node":{"__id__":2}},{"__type__":"cc.Canvas","node":{"__id__":2},"_designResolution":{"__type__":"cc.Size","width":1280,"height":800},"_fitWidth":true},{"__type__":"cc.Widget","node":{"__id__":2},"_alignFlags":45},{"__type__":"449dfFFXsNNw4yU8FYViU+o","node":{"__id__":2},"m_UIPlayerView":{"__id__":82}},{"__type__":"64d85CtjF1DabBtK52ZnAQl","node":{"__id__":2}}],"_contentSize":{"__type__":"cc.Size","width":1280,"height":800},"_trs":{"__type__":"TypedArray","ctor":"Float64Array","array":[640,400,0,0,0,0,1,1,1,1]},"_id":"a5esZu+45LA5mBpvttspPD"},{"__type__":"cc.Node","_name":"Main Camera","_parent":{"__id__":2},"_components":[{"__type__":"cc.Camera","node":{"__id__":3},"_clearFlags":7,"_depth":-1}],"_contentSize":{"__type__":"cc.Size","width":960,"height":640},"_trs":{"__type__":"TypedArray","ctor":"Float64Array","array":[0,0,363.73066958946424,0,0,0,1,1,1,1]}},{"__type__":"cc.Node","_name":"RoomUI","_parent":{"__id__":2},"_components":[{"__type__":"9fe93LNI6xEJJVbAaegHVpX","node":{"__id__":4},"rightMenu":{"__id__":5}}],"_trs":{"__type__":"TypedArray","ctor":"Float64Array","array":[0,0,0,0,0,0,1,1,1,1]}},{"__type__":"cc.Node","_name":"RightMenuNode","_parent":{"__id__":6},"_children":[{"__id__":15}],"_active":false,"_components":[{"__type__":"77ed7/FNRhJwIJlIAPvom8U","node":{"__id__":5},"exitRoomBtn":{"__id__":18},"dissolveRoomBtn":{"__id__":20},"ownerDissolveRoomBtn":{"__id__":22},"settingBtn":{"__id__":24}},{"__type__":"cc.Button","node":{"__id__":5},"clickEvents":[{"__type__":"cc.ClickEvent","target":{"__id__":4},"_componentId":"9fe93LNI6xEJJVbAaegHVpX","handler":"onBtnClick","customEventData":"closeRightMenu"}],"_N$normalColor":{"__type__":"cc.Color","r":214,"g":214,"b":214},"_N$target":{"__id__":5}},{"__type__":"cc.Widget","node":{"__id__":5},"_alignFlags":40,"_originalWidth":1280}],"_prefab":{"__type__":"cc.PrefabInfo","root":{"__id__":7},"asset":{"__uuid__":"1aDaWFwQVIEIWwcoVXqt2s"},"fileId":"544bmzTPlCG6ErYQxnhq0n"},"_contentSize":{"__type__":"cc.Size","width":1280,"height":1080},"_trs":{"__type__":"TypedArray","ctor":"Float64Array","array":[0,0,0,0,0,0,1,1,1,1]}},{"__type__":"cc.Node","_name":"Normal","_parent":{"__id__":7},"_children":[{"__type__":"cc.Node","_name":"PlayerChat","_parent":{"__id__":6},"_prefab":{"__type__":"cc.PrefabInfo","root":{"__id__":7},"asset":{"__uuid__":"1aDaWFwQVIEIWwcoVXqt2s"},"fileId":"de2bpJiUhJAKuUPdkOjLjE"},"_trs":{"__type__":"TypedArray","ctor":"Float64Array","array":[0,0,0,0,0,0,1,1,1,1]}},{"__id__":5}],"_components":[{"__type__":"cc.Widget","node":{"__id__":6},"_alignFlags":45}],"_prefab":{"__type__":"cc.PrefabInfo","root":{"__id__":7},"asset":{"__uuid__":"1aDaWFwQVIEIWwcoVXqt2s"},"fileId":"32dccFjS+NEKKCn++A5hgHr"},"_contentSize":{"__type__":"cc.Size","width":1280,"height":800},"_trs":{"__type__":"TypedArray","ctor":"Float64Array","array":[0,0,0,0,0,0,1,1,1,1]}},{"__type__":"cc.Node","_name":"UI","_parent":{"__id__":2},"_children":[{"__id__":8},{"__id__":6},{"__id__":9},{"__id__":11}],"_components":[{"__type__":"cc.Widget","node":{"__id__":7},"_alignFlags":45,"_originalWidth":1280,"_originalHeight":720}],"_prefab":{"__type__":"cc.PrefabInfo","root":{"__id__":7},"asset":{"__uuid__":"1aDaWFwQVIEIWwcoVXqt2s"},"fileId":"2c935h/dIVKQ6MSxLu8BJMb"},"_contentSize":{"__type__":"cc.Size","width":1280,"height":800},"_trs":{"__type__":"TypedArray","ctor":"Float64Array","array":[0,0,0,0,0,0,1,1,1,1]}},{"__type__":"cc.Node","_name":"Animation","_parent":{"__id__":7},"_components":[{"__type__":"cc.Widget","node":{"__id__":8},"_alignFlags":45}],"_prefab":{"__type__":"cc.PrefabInfo","root":{"__id__":7},"asset":{"__uuid__":"1aDaWFwQVIEIWwcoVXqt2s"},"fileId":"844zGtqFZLobqPUKVp0TcS"},"_contentSize":{"__type__":"cc.Size","width":1280,"height":800},"_trs":{"__type__":"TypedArray","ctor":"Float64Array","array":[0,0,0,0,0,0,1,1,1,1]}},{"__type__":"cc.Node","_name":"ForWord","_parent":{"__id__":7},"_children":[{"__id__":10}],"_components":[{"__type__":"cc.Widget","node":{"__id__":9},"_alignFlags":45}],"_prefab":{"__type__":"cc.PrefabInfo","root":{"__id__":7},"asset":{"__uuid__":"1aDaWFwQVIEIWwcoVXqt2s"},"fileId":"6bd5c/tA2FIcbjUXJm1Vo4I"},"_contentSize":{"__type__":"cc.Size","width":1280,"height":800},"_trs":{"__type__":"TypedArray","ctor":"Float64Array","array":[0,0,0,0,0,0,1,1,1,1]}},{"__type__":"cc.Node","_name":"Mask","_parent":{"__id__":9},"_active":false,"_components":[{"__type__":"cc.Button","node":{"__id__":10},"_N$normalColor":{"__type__":"cc.Color","r":214,"g":214,"b":214},"_N$target":{"__id__":10}},{"__type__":"cc.Widget","node":{"__id__":10},"_wasAlignOnce":{},"isAlignOnce":{},"_alignFlags":45,"_originalWidth":1280,"_originalHeight":960}],"_prefab":{"__type__":"cc.PrefabInfo","root":{"__id__":7},"asset":{"__uuid__":"1aDaWFwQVIEIWwcoVXqt2s"},"fileId":"d7118yAG5lKybkFOAh8koPL"},"_opacity":128,"_color":{"__type__":"cc.Color"},"_contentSize":{"__type__":"cc.Size","width":1280,"height":960},"_trs":{"__type__":"TypedArray","ctor":"Float64Array","array":[0,0,0,0,0,0,1,1,1,1]}},{"__type__":"cc.Node","_name":"testBtnG","_parent":{"__id__":7},"_children":[{"__id__":12}],"_components":[{"__type__":"e7128ldwzlP2q4qUdybIvdD","node":{"__id__":11}},{"__type__":"cc.Widget","node":{"__id__":11},"_alignFlags":45}],"_prefab":{"__type__":"cc.PrefabInfo","root":{"__id__":7},"asset":{"__uuid__":"1aDaWFwQVIEIWwcoVXqt2s"},"fileId":"45wMNq09ZCmaD5Ey+Ue89O"},"_contentSize":{"__type__":"cc.Size","width":1280,"height":800},"_trs":{"__type__":"TypedArray","ctor":"Float64Array","array":[0,0,0,0,0,0,1,1,1,1]}},{"__type__":"cc.Node","_name":"button","_parent":{"__id__":11},"_children":[{"__id__":13}],"_components":[{"__type__":"cc.Button","node":{"__id__":12},"_normalMaterial":{"__uuid__":"ecpdLyjvZBwrvm+cedCcQy"},"clickEvents":[{"__type__":"cc.ClickEvent","target":{"__id__":2},"_componentId":"449dfFFXsNNw4yU8FYViU+o","handler":"testHu","customEventData":"b2"}],"_N$transition":2,"transition":2,"_N$normalColor":{"__type__":"cc.Color","r":230,"g":230,"b":230},"_N$pressedColor":{"__type__":"cc.Color","r":200,"g":200,"b":200},"pressedColor":{"__type__":"cc.Color","r":200,"g":200,"b":200},"_N$disabledColor":{"__type__":"cc.Color","r":120,"g":120,"b":120,"a":200},"_N$normalSprite":{"__uuid__":"95yc26LhxFyp0kNJAXiGGL"},"_N$pressedSprite":{"__uuid__":"e9gfcI9PBIuq+Ue+oaUDBl"},"pressedSprite":{"__uuid__":"e9gfcI9PBIuq+Ue+oaUDBl"},"_N$hoverSprite":{"__uuid__":"e9gfcI9PBIuq+Ue+oaUDBl"},"hoverSprite":{"__uuid__":"e9gfcI9PBIuq+Ue+oaUDBl"},"_N$disabledSprite":{"__uuid__":"6drbwvAM9Gt4txImcu2YnY"},"_N$target":{"__id__":13}},{"__type__":"cc.Widget","node":{"__id__":12},"_alignFlags":33,"_right":186.42700000000002}],"_prefab":{"__type__":"cc.PrefabInfo","root":{"__id__":7},"asset":{"__uuid__":"1aDaWFwQVIEIWwcoVXqt2s"},"fileId":"94yb7y/ytB3LQjOL+7PlTn"},"_contentSize":{"__type__":"cc.Size","width":100,"height":40},"_trs":{"__type__":"TypedArray","ctor":"Float64Array","array":[403.573,380,0,0,0,0,1,1,1,1]}},{"__type__":"cc.Node","_name":"Background","_parent":{"__id__":12},"_children":[{"__id__":14}],"_components":[{"__type__":"cc.Sprite","node":{"__id__":13},"_materials":[{"__uuid__":"ecpdLyjvZBwrvm+cedCcQy"}],"_spriteFrame":{"__uuid__":"95yc26LhxFyp0kNJAXiGGL"},"_type":1,"_sizeMode":0},{"__type__":"cc.Widget","node":{"__id__":13},"alignMode":0,"_alignFlags":45,"_originalWidth":100,"_originalHeight":40}],"_prefab":{"__type__":"cc.PrefabInfo","root":{"__id__":7},"asset":{"__uuid__":"1aDaWFwQVIEIWwcoVXqt2s"},"fileId":"c8A+7QmhBGdoKrJGtxGQSA"},"_color":{"__type__":"cc.Color","r":230,"g":230,"b":230},"_contentSize":{"__type__":"cc.Size","width":100,"height":40},"_trs":{"__type__":"TypedArray","ctor":"Float64Array","array":[0,0,0,0,0,0,1,1,1,1]}},{"__type__":"cc.Node","_name":"Label","_parent":{"__id__":13},"_components":[{"__type__":"cc.Label","node":{"__id__":14},"_materials":[{"__uuid__":"ecpdLyjvZBwrvm+cedCcQy"}],"_useOriginalSize":false,"_string":"测试","_N$string":"测试","_fontSize":20,"_enableWrapText":false,"_N$horizontalAlign":1,"_N$verticalAlign":1,"_N$overflow":1}],"_prefab":{"__type__":"cc.PrefabInfo","root":{"__id__":7},"asset":{"__uuid__":"1aDaWFwQVIEIWwcoVXqt2s"},"fileId":"20IDFF23FBlJkDGY8HNOUF"},"_color":{"__type__":"cc.Color"},"_contentSize":{"__type__":"cc.Size","width":100,"height":40},"_trs":{"__type__":"TypedArray","ctor":"Float64Array","array":[0,0,0,0,0,0,1,1,1,1]}},{"__type__":"cc.Node","_name":"menuNode","_parent":{"__id__":5},"_children":[{"__id__":16},{"__id__":17}],"_components":[{"__type__":"cc.Widget","node":{"__id__":15},"_alignFlags":32}],"_prefab":{"__type__":"cc.PrefabInfo","root":{"__id__":7},"asset":{"__uuid__":"1aDaWFwQVIEIWwcoVXqt2s"},"fileId":"69Nb1JdFNGpaW0/b5rllEz"},"_contentSize":{"__type__":"cc.Size","width":300,"height":1080},"_trs":{"__type__":"TypedArray","ctor":"Float64Array","array":[490,0,0,0,0,0,1,1,1,1]}},{"__type__":"cc.Node","_name":"backImage","_parent":{"__id__":15},"_components":[{"__type__":"cc.Sprite","node":{"__id__":16},"_materials":[{"__uuid__":"ecpdLyjvZBwrvm+cedCcQy"}],"_spriteFrame":{"__uuid__":"a2MjXRFdtLlYQ5ouAFv/+R"},"_sizeMode":0}],"_prefab":{"__type__":"cc.PrefabInfo","root":{"__id__":7},"asset":{"__uuid__":"1aDaWFwQVIEIWwcoVXqt2s"},"fileId":"45xPxU1qZGQYq2SoQ58jn8"},"_opacity":128,"_color":{"__type__":"cc.Color","r":36,"g":34,"b":34},"_contentSize":{"__type__":"cc.Size","width":300,"height":1080},"_trs":{"__type__":"TypedArray","ctor":"Float64Array","array":[0,0,0,0,0,0,1,1,1,1]}},{"__type__":"cc.Node","_name":"btnNode","_parent":{"__id__":15},"_children":[{"__id__":18},{"__id__":20},{"__id__":22},{"__id__":24}],"_components":[{"__type__":"cc.Layout","node":{"__id__":17},"_layoutSize":{"__type__":"cc.Size","width":300,"height":340},"_resize":1,"_N$layoutType":2,"_N$spacingY":20}],"_prefab":{"__type__":"cc.PrefabInfo","root":{"__id__":7},"asset":{"__uuid__":"1aDaWFwQVIEIWwcoVXqt2s"},"fileId":"e9rvXKjCxPnqN0dnpWPsgj"},"_contentSize":{"__type__":"cc.Size","width":300,"height":340},"_anchorPoint":{"__type__":"cc.Vec2","x":0.5,"y":1},"_trs":{"__type__":"TypedArray","ctor":"Float64Array","array":[0,270,0,0,0,0,1,1,1,1]}},{"__type__":"cc.Node","_name":"exitRoomBtn","_parent":{"__id__":17},"_children":[{"__id__":19}],"_components":[{"__type__":"cc.Button","node":{"__id__":18},"duration":0.05,"zoomScale":1.1,"clickEvents":[{"__type__":"cc.ClickEvent","target":{"__id__":4},"_componentId":"9fe93LNI6xEJJVbAaegHVpX","handler":"onBtnClick","customEventData":"exitRoom"}],"_N$transition":3,"transition":3,"_N$normalColor":{"__type__":"cc.Color","r":230,"g":230,"b":230},"_N$pressedColor":{"__type__":"cc.Color","r":200,"g":200,"b":200},"pressedColor":{"__type__":"cc.Color","r":200,"g":200,"b":200},"_N$disabledColor":{"__type__":"cc.Color","r":120,"g":120,"b":120,"a":200},"_N$target":{"__id__":19}}],"_prefab":{"__type__":"cc.PrefabInfo","root":{"__id__":7},"asset":{"__uuid__":"1aDaWFwQVIEIWwcoVXqt2s"},"fileId":"65EUWMeL9P+rX8rDSB+Tbq"},"_contentSize":{"__type__":"cc.Size","width":205,"height":70},"_trs":{"__type__":"TypedArray","ctor":"Float64Array","array":[0,-35,0,0,0,0,1,1,1,1]}},{"__type__":"cc.Node","_name":"Background","_parent":{"__id__":18},"_components":[{"__type__":"cc.Sprite","node":{"__id__":19},"_materials":[{"__uuid__":"ecpdLyjvZBwrvm+cedCcQy"}],"_spriteFrame":{"__uuid__":"7es+HO2HhC2rvkNfBvGY4h"}}],"_prefab":{"__type__":"cc.PrefabInfo","root":{"__id__":7},"asset":{"__uuid__":"1aDaWFwQVIEIWwcoVXqt2s"},"fileId":"a36F4k0E1Nc4aLBAFZn/of"},"_color":{"__type__":"cc.Color","r":230,"g":230,"b":230},"_contentSize":{"__type__":"cc.Size","width":205,"height":45},"_trs":{"__type__":"TypedArray","ctor":"Float64Array","array":[0,0,0,0,0,0,1,1,1,1]}},{"__type__":"cc.Node","_name":"dissolveRoomBtn","_parent":{"__id__":17},"_children":[{"__id__":21}],"_components":[{"__type__":"cc.Button","node":{"__id__":20},"duration":0.05,"zoomScale":1.1,"clickEvents":[{"__type__":"cc.ClickEvent","target":{"__id__":4},"_componentId":"9fe93LNI6xEJJVbAaegHVpX","handler":"onBtnClick","customEventData":"dissolveRoom"}],"_N$transition":3,"transition":3,"_N$normalColor":{"__type__":"cc.Color","r":230,"g":230,"b":230},"_N$pressedColor":{"__type__":"cc.Color","r":200,"g":200,"b":200},"pressedColor":{"__type__":"cc.Color","r":200,"g":200,"b":200},"_N$disabledColor":{"__type__":"cc.Color","r":120,"g":120,"b":120,"a":200},"_N$target":{"__id__":21}}],"_prefab":{"__type__":"cc.PrefabInfo","root":{"__id__":7},"asset":{"__uuid__":"1aDaWFwQVIEIWwcoVXqt2s"},"fileId":"38ds/FfmlAeZKeVePlpmUC"},"_contentSize":{"__type__":"cc.Size","width":207,"height":70},"_trs":{"__type__":"TypedArray","ctor":"Float64Array","array":[0,-125,0,0,0,0,1,1,1,1]}},{"__type__":"cc.Node","_name":"Background","_parent":{"__id__":20},"_components":[{"__type__":"cc.Sprite","node":{"__id__":21},"_materials":[{"__uuid__":"ecpdLyjvZBwrvm+cedCcQy"}],"_spriteFrame":{"__uuid__":"84jVaiQe1MBbITxLUROuNt"}}],"_prefab":{"__type__":"cc.PrefabInfo","root":{"__id__":7},"asset":{"__uuid__":"1aDaWFwQVIEIWwcoVXqt2s"},"fileId":"e4XNyR6MBDGp+XXXiQOPaz"},"_color":{"__type__":"cc.Color","r":230,"g":230,"b":230},"_contentSize":{"__type__":"cc.Size","width":207,"height":50},"_trs":{"__type__":"TypedArray","ctor":"Float64Array","array":[0,0,0,0,0,0,1,1,1,1]}},{"__type__":"cc.Node","_name":"ownerDissolveRoomBtn","_parent":{"__id__":17},"_children":[{"__id__":23}],"_components":[{"__type__":"cc.Button","node":{"__id__":22},"duration":0.05,"zoomScale":1.1,"clickEvents":[{"__type__":"cc.ClickEvent","target":{"__id__":4},"_componentId":"9fe93LNI6xEJJVbAaegHVpX","handler":"onBtnClick","customEventData":"ownerDissolveRoom"}],"_N$transition":3,"transition":3,"_N$normalColor":{"__type__":"cc.Color","r":230,"g":230,"b":230},"_N$pressedColor":{"__type__":"cc.Color","r":200,"g":200,"b":200},"pressedColor":{"__type__":"cc.Color","r":200,"g":200,"b":200},"_N$disabledColor":{"__type__":"cc.Color","r":120,"g":120,"b":120,"a":200},"_N$target":{"__id__":23}}],"_prefab":{"__type__":"cc.PrefabInfo","root":{"__id__":7},"asset":{"__uuid__":"1aDaWFwQVIEIWwcoVXqt2s"},"fileId":"4ef2jLtXpNe4wAiiw/8yL6"},"_contentSize":{"__type__":"cc.Size","width":207,"height":70},"_trs":{"__type__":"TypedArray","ctor":"Float64Array","array":[0,-215,0,0,0,0,1,1,1,1]}},{"__type__":"cc.Node","_name":"Background","_parent":{"__id__":22},"_components":[{"__type__":"cc.Sprite","node":{"__id__":23},"_materials":[{"__uuid__":"ecpdLyjvZBwrvm+cedCcQy"}],"_spriteFrame":{"__uuid__":"84jVaiQe1MBbITxLUROuNt"}}],"_prefab":{"__type__":"cc.PrefabInfo","root":{"__id__":7},"asset":{"__uuid__":"1aDaWFwQVIEIWwcoVXqt2s"},"fileId":"049bqFMGxJVpAc2Sx2tdHN"},"_color":{"__type__":"cc.Color","r":230,"g":230,"b":230},"_contentSize":{"__type__":"cc.Size","width":207,"height":50},"_trs":{"__type__":"TypedArray","ctor":"Float64Array","array":[0,0,0,0,0,0,1,1,1,1]}},{"__type__":"cc.Node","_name":"settingBtn","_parent":{"__id__":17},"_children":[{"__id__":25}],"_components":[{"__type__":"cc.Button","node":{"__id__":24},"duration":0.01,"zoomScale":1.1,"clickEvents":[{"__type__":"cc.ClickEvent","target":{"__id__":4},"_componentId":"9fe93LNI6xEJJVbAaegHVpX","handler":"onBtnClick","customEventData":"setting"}],"_N$transition":3,"transition":3,"_N$normalColor":{"__type__":"cc.Color","r":230,"g":230,"b":230},"_N$pressedColor":{"__type__":"cc.Color","r":200,"g":200,"b":200},"pressedColor":{"__type__":"cc.Color","r":200,"g":200,"b":200},"_N$disabledColor":{"__type__":"cc.Color","r":120,"g":120,"b":120,"a":200},"_N$target":{"__id__":25}}],"_prefab":{"__type__":"cc.PrefabInfo","root":{"__id__":7},"asset":{"__uuid__":"1aDaWFwQVIEIWwcoVXqt2s"},"fileId":"664l38UudIoqcvxqrA3r66"},"_contentSize":{"__type__":"cc.Size","width":206,"height":70},"_trs":{"__type__":"TypedArray","ctor":"Float64Array","array":[0,-305,0,0,0,0,1,1,1,1]}},{"__type__":"cc.Node","_name":"Background","_parent":{"__id__":24},"_components":[{"__type__":"cc.Sprite","node":{"__id__":25},"_materials":[{"__uuid__":"ecpdLyjvZBwrvm+cedCcQy"}],"_spriteFrame":{"__uuid__":"884biITwBAYqMZgCB/X2+I"}}],"_prefab":{"__type__":"cc.PrefabInfo","root":{"__id__":7},"asset":{"__uuid__":"1aDaWFwQVIEIWwcoVXqt2s"},"fileId":"d2UHRivYBFNo8EANh9lTc2"},"_color":{"__type__":"cc.Color","r":230,"g":230,"b":230},"_contentSize":{"__type__":"cc.Size","width":206,"height":51},"_trs":{"__type__":"TypedArray","ctor":"Float64Array","array":[0,0,0,0,0,0,1,1,1,1]}},{"__type__":"cc.Node","_objFlags":512,"_parent":{"__id__":2},"_id":"e6+kRYX5VL5qepN6vLPezj","_prefab":{"__type__":"cc.PrefabInfo","root":{"__id__":26},"asset":{"__uuid__":"321wpdoL5IL6jKK9ie17Al"},"fileId":"1doMk/5P1Hl6hov6sbWVYf","sync":true},"_name":"Game","_trs":{"__type__":"TypedArray","ctor":"Float64Array","array":[0,0,0,0,0,0,1,1,1,1]}},{"__type__":"cc.Node","_objFlags":512,"_parent":{"__id__":2},"_id":"08SAZXJmJNfqHbC0NxPiy7","_prefab":{"__type__":"cc.PrefabInfo","root":{"__id__":27},"asset":{"__uuid__":"ffyOH+LHVCHq2Uu4bEzjz1"},"fileId":"c9IxVGJtNPXoNCcyIlES7F","sync":true},"_name":"MJLayer","_trs":{"__type__":"TypedArray","ctor":"Float64Array","array":[0,0,0,0,0,0,1,1,1,1]}},{"__type__":"cc.Node","_name":"player","_objFlags":512,"_parent":{"__id__":2},"_children":[{"__id__":29},{"__id__":39},{"__id__":49},{"__id__":59},{"__id__":69},{"__id__":71},{"__id__":73},{"__id__":75},{"__id__":76},{"__id__":77},{"__id__":78},{"__id__":79}],"_components":[{"__type__":"cc.Widget","node":{"__id__":28},"_alignFlags":45,"_originalWidth":1280,"_originalHeight":720},{"__id__":82}],"_prefab":{"__type__":"cc.PrefabInfo","root":{"__id__":28},"asset":{"__uuid__":"51HAn93itBVq7tnKpIYNL9"},"fileId":"57UGG/E61EkZF8W9UfLDO0"},"_contentSize":{"__type__":"cc.Size","width":1280,"height":800},"_trs":{"__type__":"TypedArray","ctor":"Float64Array","array":[0,0,0,0,0,0,1,1,1,1]}},{"__type__":"cc.Node","_name":"FileNode_1","_parent":{"__id__":28},"_children":[{"__id__":30},{"__id__":31},{"__id__":32}],"_components":[{"__id__":38},{"__type__":"cc.StudioWidget","node":{"__id__":29},"_alignFlags":12,"_left":0.1828,"_bottom":0.3071,"_isAbsLeft":false,"_isAbsBottom":false}],"_prefab":{"__type__":"cc.PrefabInfo","root":{"__id__":28},"asset":{"__uuid__":"51HAn93itBVq7tnKpIYNL9"},"fileId":"a9oAWOHL1F/qwiR6R7RoM5"},"_anchorPoint":{"__type__":"cc.Vec2"},"_trs":{"__type__":"TypedArray","ctor":"Float64Array","array":[-406.016,-154.32000000000002,0,0,0,0,1,1,1,1]}},{"__type__":"cc.Node","_name":"headNode","_parent":{"__id__":29},"_prefab":{"__type__":"cc.PrefabInfo","root":{"__id__":28},"asset":{"__uuid__":"51HAn93itBVq7tnKpIYNL9"},"fileId":"6byCGXsw1PdpHnlsw/WQu6"},"_trs":{"__type__":"TypedArray","ctor":"Float64Array","array":[0,0,0,0,0,0,1,1,1,1]}},{"__type__":"cc.Node","_name":"ready","_parent":{"__id__":29},"_active":false,"_components":[{"__type__":"cc.Sprite","_name":"ready<Sprite>","node":{"__id__":31},"_materials":[{"__uuid__":"ecpdLyjvZBwrvm+cedCcQy"}],"_spriteFrame":{"__uuid__":"16BDkYQS5C3qBV/BKH/7G+"},"_sizeMode":0,"_isTrimmedMode":false}],"_prefab":{"__type__":"cc.PrefabInfo","root":{"__id__":28},"asset":{"__uuid__":"51HAn93itBVq7tnKpIYNL9"},"fileId":"2bngE3ctVEvogM8x1t9plu"},"_contentSize":{"__type__":"cc.Size","width":92,"height":49},"_trs":{"__type__":"TypedArray","ctor":"Float64Array","array":[0,-23,0,0,0,0,1,0.8,0.8,0.8]}},{"__type__":"cc.Node","_name":"clock","_parent":{"__id__":29},"_children":[{"__id__":33},{"__id__":34},{"__id__":35}],"_components":[{"__id__":37}],"_prefab":{"__type__":"cc.PrefabInfo","root":{"__id__":28},"asset":{"__uuid__":"51HAn93itBVq7tnKpIYNL9"},"fileId":"26UoBa4qBJr7araMO5/J+D"},"_contentSize":{"__type__":"cc.Size","width":103,"height":105},"_trs":{"__type__":"TypedArray","ctor":"Float64Array","array":[0,90.77,0,0,0,0,1,0.9,0.9,0.9]}},{"__type__":"cc.Node","_name":"timeBg","_parent":{"__id__":32},"_components":[{"__type__":"cc.Sprite","_name":"timeBg<Sprite>","node":{"__id__":33},"_materials":[{"__uuid__":"ecpdLyjvZBwrvm+cedCcQy"}],"_spriteFrame":{"__uuid__":"705HTZIkhMraQ82YyK4wym"},"_sizeMode":0,"_isTrimmedMode":false}],"_prefab":{"__type__":"cc.PrefabInfo","root":{"__id__":28},"asset":{"__uuid__":"51HAn93itBVq7tnKpIYNL9"},"fileId":"27w1Yp1K1Nd49hGSKz83+P"},"_contentSize":{"__type__":"cc.Size","width":103,"height":105},"_trs":{"__type__":"TypedArray","ctor":"Float64Array","array":[0,0,0,0,0,0,1,1,1,1]}},{"__type__":"cc.Node","_name":"Node_Ani","_parent":{"__id__":32},"_prefab":{"__type__":"cc.PrefabInfo","root":{"__id__":28},"asset":{"__uuid__":"51HAn93itBVq7tnKpIYNL9"},"fileId":"24xJIbscJFs61onuLmAWcC"},"_anchorPoint":{"__type__":"cc.Vec2"},"_trs":{"__type__":"TypedArray","ctor":"Float64Array","array":[0,0,0,0,0,0,1,1,1,1]}},{"__type__":"cc.Node","_name":"Text_time","_parent":{"__id__":32},"_components":[{"__id__":36}],"_prefab":{"__type__":"cc.PrefabInfo","root":{"__id__":28},"asset":{"__uuid__":"51HAn93itBVq7tnKpIYNL9"},"fileId":"d79MVNxdpJWpelUSVOZTdc"},"_contentSize":{"__type__":"cc.Size","width":72,"height":48},"_trs":{"__type__":"TypedArray","ctor":"Float64Array","array":[0,0,0,0,0,0,1,0.7,0.7,1]}},{"__type__":"cc.Label","_name":"Text_time<Label>","node":{"__id__":35},"_materials":[{"__uuid__":"ecpdLyjvZBwrvm+cedCcQy"}],"_string":"20","_N$string":"20","_fontSize":45,"_lineHeight":48,"_N$file":{"__uuid__":"49VhTqcbFJm5IHnRyFx++l"},"_isSystemFontUsed":false,"_N$horizontalAlign":1,"_N$verticalAlign":1},{"__type__":"23033gqUPhLwbJCT5jo+L8o","node":{"__id__":32},"Text_time":{"__id__":36},"Node_Ani":{"__id__":34}},{"__type__":"7575bbJy5lFpalEdZJAh+5D","node":{"__id__":29},"clientSeatId":1,"playerNodePrefab":{"__uuid__":"18Ct2AyghEsLX5wVDjNPaW"},"clock":{"__id__":37},"readyNode":{"__id__":31},"timePrefab":{"__uuid__":"1dl+JLbvxM6rdZ3PiY36Ot"},"headNode":{"__id__":30}},{"__type__":"cc.Node","_name":"FileNode_2","_parent":{"__id__":28},"_children":[{"__id__":40},{"__id__":41},{"__id__":42}],"_components":[{"__id__":48},{"__type__":"cc.StudioWidget","node":{"__id__":39},"_alignFlags":12,"_left":0.9521,"_bottom":0.6951,"_isAbsLeft":false,"_isAbsBottom":false}],"_prefab":{"__type__":"cc.PrefabInfo","root":{"__id__":28},"asset":{"__uuid__":"51HAn93itBVq7tnKpIYNL9"},"fileId":"e6KCokh2JLT5QI/S6ZiKKJ"},"_anchorPoint":{"__type__":"cc.Vec2"},"_trs":{"__type__":"TypedArray","ctor":"Float64Array","array":[578.6879999999999,156.08000000000004,0,0,0,0,1,1,1,1]}},{"__type__":"cc.Node","_name":"headNode","_parent":{"__id__":39},"_prefab":{"__type__":"cc.PrefabInfo","root":{"__id__":28},"asset":{"__uuid__":"51HAn93itBVq7tnKpIYNL9"},"fileId":"96DF581FpA1aiY4pepmu+v"},"_trs":{"__type__":"TypedArray","ctor":"Float64Array","array":[0,0,0,0,0,0,1,1,1,1]}},{"__type__":"cc.Node","_name":"ready","_parent":{"__id__":39},"_active":false,"_components":[{"__type__":"cc.Sprite","_name":"ready<Sprite>","node":{"__id__":41},"_materials":[{"__uuid__":"ecpdLyjvZBwrvm+cedCcQy"}],"_spriteFrame":{"__uuid__":"16BDkYQS5C3qBV/BKH/7G+"},"_sizeMode":0,"_isTrimmedMode":false}],"_prefab":{"__type__":"cc.PrefabInfo","root":{"__id__":28},"asset":{"__uuid__":"51HAn93itBVq7tnKpIYNL9"},"fileId":"cbmXozd+5FWq6ipFOpHc0C"},"_contentSize":{"__type__":"cc.Size","width":92,"height":49},"_trs":{"__type__":"TypedArray","ctor":"Float64Array","array":[0,-23,0,0,0,0,1,0.8,0.8,0.8]}},{"__type__":"cc.Node","_name":"clock","_parent":{"__id__":39},"_children":[{"__id__":43},{"__id__":44},{"__id__":45}],"_components":[{"__id__":47}],"_prefab":{"__type__":"cc.PrefabInfo","root":{"__id__":28},"asset":{"__uuid__":"51HAn93itBVq7tnKpIYNL9"},"fileId":"0fz+vTBUxJc6o0/BXf/l6G"},"_contentSize":{"__type__":"cc.Size","width":103,"height":105},"_trs":{"__type__":"TypedArray","ctor":"Float64Array","array":[0,93.49,0,0,0,0,1,0.9,0.9,0.9]}},{"__type__":"cc.Node","_name":"timeBg","_parent":{"__id__":42},"_components":[{"__type__":"cc.Sprite","_name":"timeBg<Sprite>","node":{"__id__":43},"_materials":[{"__uuid__":"ecpdLyjvZBwrvm+cedCcQy"}],"_spriteFrame":{"__uuid__":"705HTZIkhMraQ82YyK4wym"},"_sizeMode":0,"_isTrimmedMode":false}],"_prefab":{"__type__":"cc.PrefabInfo","root":{"__id__":28},"asset":{"__uuid__":"51HAn93itBVq7tnKpIYNL9"},"fileId":"62JHgRwctBI73BUeyVFAqw"},"_contentSize":{"__type__":"cc.Size","width":103,"height":105},"_trs":{"__type__":"TypedArray","ctor":"Float64Array","array":[0,0,0,0,0,0,1,1,1,1]}},{"__type__":"cc.Node","_name":"Node_Ani","_parent":{"__id__":42},"_prefab":{"__type__":"cc.PrefabInfo","root":{"__id__":28},"asset":{"__uuid__":"51HAn93itBVq7tnKpIYNL9"},"fileId":"35lrPncqBI/Lf4yY4TxFju"},"_anchorPoint":{"__type__":"cc.Vec2"},"_trs":{"__type__":"TypedArray","ctor":"Float64Array","array":[0,0,0,0,0,0,1,1,1,1]}},{"__type__":"cc.Node","_name":"Text_time","_parent":{"__id__":42},"_components":[{"__id__":46}],"_prefab":{"__type__":"cc.PrefabInfo","root":{"__id__":28},"asset":{"__uuid__":"51HAn93itBVq7tnKpIYNL9"},"fileId":"7377F3WaxPqqP85/da+NaL"},"_contentSize":{"__type__":"cc.Size","width":72,"height":48},"_trs":{"__type__":"TypedArray","ctor":"Float64Array","array":[0,0,0,0,0,0,1,0.7,0.7,1]}},{"__type__":"cc.Label","_name":"Text_time<Label>","node":{"__id__":45},"_materials":[{"__uuid__":"ecpdLyjvZBwrvm+cedCcQy"}],"_string":"20","_N$string":"20","_fontSize":45,"_lineHeight":48,"_N$file":{"__uuid__":"49VhTqcbFJm5IHnRyFx++l"},"_isSystemFontUsed":false,"_N$horizontalAlign":1,"_N$verticalAlign":1},{"__type__":"23033gqUPhLwbJCT5jo+L8o","node":{"__id__":42},"Text_time":{"__id__":46},"Node_Ani":{"__id__":44}},{"__type__":"7575bbJy5lFpalEdZJAh+5D","node":{"__id__":39},"clientSeatId":2,"playerNodePrefab":{"__uuid__":"18Ct2AyghEsLX5wVDjNPaW"},"clock":{"__id__":47},"readyNode":{"__id__":41},"timePrefab":{"__uuid__":"1dl+JLbvxM6rdZ3PiY36Ot"},"headNode":{"__id__":40}},{"__type__":"cc.Node","_name":"FileNode_3","_parent":{"__id__":28},"_children":[{"__id__":50},{"__id__":51},{"__id__":52}],"_components":[{"__id__":58},{"__type__":"cc.StudioWidget","node":{"__id__":49},"_alignFlags":12,"_left":0.775,"_bottom":0.8692,"_isAbsLeft":false,"_isAbsBottom":false}],"_prefab":{"__type__":"cc.PrefabInfo","root":{"__id__":28},"asset":{"__uuid__":"51HAn93itBVq7tnKpIYNL9"},"fileId":"7a/KhjzGJCKY0esYbVfF2P"},"_anchorPoint":{"__type__":"cc.Vec2"},"_trs":{"__type__":"TypedArray","ctor":"Float64Array","array":[352,295.36,0,0,0,0,1,1,1,1]}},{"__type__":"cc.Node","_name":"headNode","_parent":{"__id__":49},"_prefab":{"__type__":"cc.PrefabInfo","root":{"__id__":28},"asset":{"__uuid__":"51HAn93itBVq7tnKpIYNL9"},"fileId":"559CRzp45HM4SgyFKDBcyZ"},"_trs":{"__type__":"TypedArray","ctor":"Float64Array","array":[0,0,0,0,0,0,1,1,1,1]}},{"__type__":"cc.Node","_name":"ready","_parent":{"__id__":49},"_active":false,"_components":[{"__type__":"cc.Sprite","_name":"ready<Sprite>","node":{"__id__":51},"_materials":[{"__uuid__":"ecpdLyjvZBwrvm+cedCcQy"}],"_spriteFrame":{"__uuid__":"16BDkYQS5C3qBV/BKH/7G+"},"_sizeMode":0,"_isTrimmedMode":false}],"_prefab":{"__type__":"cc.PrefabInfo","root":{"__id__":28},"asset":{"__uuid__":"51HAn93itBVq7tnKpIYNL9"},"fileId":"5aDN4UbTRGl6cVfm94lWyb"},"_contentSize":{"__type__":"cc.Size","width":92,"height":49},"_trs":{"__type__":"TypedArray","ctor":"Float64Array","array":[0,-23,0,0,0,0,1,0.8,0.8,0.8]}},{"__type__":"cc.Node","_name":"clock","_parent":{"__id__":49},"_children":[{"__id__":53},{"__id__":54},{"__id__":55}],"_components":[{"__id__":57}],"_prefab":{"__type__":"cc.PrefabInfo","root":{"__id__":28},"asset":{"__uuid__":"51HAn93itBVq7tnKpIYNL9"},"fileId":"01622loXFCgLapR1Qos/Gp"},"_contentSize":{"__type__":"cc.Size","width":103,"height":105},"_trs":{"__type__":"TypedArray","ctor":"Float64Array","array":[0,-4.67,0,0,0,0,1,0.9,0.9,0.9]}},{"__type__":"cc.Node","_name":"timeBg","_parent":{"__id__":52},"_components":[{"__type__":"cc.Sprite","_name":"timeBg<Sprite>","node":{"__id__":53},"_materials":[{"__uuid__":"ecpdLyjvZBwrvm+cedCcQy"}],"_spriteFrame":{"__uuid__":"705HTZIkhMraQ82YyK4wym"},"_sizeMode":0,"_isTrimmedMode":false}],"_prefab":{"__type__":"cc.PrefabInfo","root":{"__id__":28},"asset":{"__uuid__":"51HAn93itBVq7tnKpIYNL9"},"fileId":"d8dxVAA1ZDT6iJAs0V+Cmd"},"_contentSize":{"__type__":"cc.Size","width":103,"height":105},"_trs":{"__type__":"TypedArray","ctor":"Float64Array","array":[0,0,0,0,0,0,1,1,1,1]}},{"__type__":"cc.Node","_name":"Node_Ani","_parent":{"__id__":52},"_prefab":{"__type__":"cc.PrefabInfo","root":{"__id__":28},"asset":{"__uuid__":"51HAn93itBVq7tnKpIYNL9"},"fileId":"7cv3LDPPVFIJ98HJ8ftIZL"},"_anchorPoint":{"__type__":"cc.Vec2"},"_trs":{"__type__":"TypedArray","ctor":"Float64Array","array":[0,0,0,0,0,0,1,1,1,1]}},{"__type__":"cc.Node","_name":"Text_time","_parent":{"__id__":52},"_components":[{"__id__":56}],"_prefab":{"__type__":"cc.PrefabInfo","root":{"__id__":28},"asset":{"__uuid__":"51HAn93itBVq7tnKpIYNL9"},"fileId":"3anHmJ/OJNkoUk6PssGq/a"},"_contentSize":{"__type__":"cc.Size","width":72,"height":48},"_trs":{"__type__":"TypedArray","ctor":"Float64Array","array":[0,0,0,0,0,0,1,0.7,0.7,1]}},{"__type__":"cc.Label","_name":"Text_time<Label>","node":{"__id__":55},"_materials":[{"__uuid__":"ecpdLyjvZBwrvm+cedCcQy"}],"_string":"20","_N$string":"20","_fontSize":45,"_lineHeight":48,"_N$file":{"__uuid__":"49VhTqcbFJm5IHnRyFx++l"},"_isSystemFontUsed":false,"_N$horizontalAlign":1,"_N$verticalAlign":1},{"__type__":"23033gqUPhLwbJCT5jo+L8o","node":{"__id__":52},"Text_time":{"__id__":56},"Node_Ani":{"__id__":54}},{"__type__":"7575bbJy5lFpalEdZJAh+5D","node":{"__id__":49},"clientSeatId":3,"playerNodePrefab":{"__uuid__":"18Ct2AyghEsLX5wVDjNPaW"},"clock":{"__id__":57},"readyNode":{"__id__":51},"timePrefab":{"__uuid__":"1dl+JLbvxM6rdZ3PiY36Ot"},"headNode":{"__id__":50}},{"__type__":"cc.Node","_name":"FileNode_4","_parent":{"__id__":28},"_children":[{"__id__":60},{"__id__":61},{"__id__":62}],"_components":[{"__id__":68},{"__type__":"cc.StudioWidget","node":{"__id__":59},"_alignFlags":12,"_left":0.044,"_bottom":0.6951,"_isAbsLeft":false,"_isAbsBottom":false}],"_prefab":{"__type__":"cc.PrefabInfo","root":{"__id__":28},"asset":{"__uuid__":"51HAn93itBVq7tnKpIYNL9"},"fileId":"d61uVxmUlPe7+XunIm3VtE"},"_anchorPoint":{"__type__":"cc.Vec2"},"_trs":{"__type__":"TypedArray","ctor":"Float64Array","array":[-583.6800000000001,156.08000000000004,0,0,0,0,1,1,1,1]}},{"__type__":"cc.Node","_name":"headNode","_parent":{"__id__":59},"_prefab":{"__type__":"cc.PrefabInfo","root":{"__id__":28},"asset":{"__uuid__":"51HAn93itBVq7tnKpIYNL9"},"fileId":"33Eg3go7hEq47tYv4il8Wg"},"_trs":{"__type__":"TypedArray","ctor":"Float64Array","array":[0,0,0,0,0,0,1,1,1,1]}},{"__type__":"cc.Node","_name":"ready","_parent":{"__id__":59},"_active":false,"_components":[{"__type__":"cc.Sprite","_name":"ready<Sprite>","node":{"__id__":61},"_materials":[{"__uuid__":"ecpdLyjvZBwrvm+cedCcQy"}],"_spriteFrame":{"__uuid__":"16BDkYQS5C3qBV/BKH/7G+"},"_sizeMode":0,"_isTrimmedMode":false}],"_prefab":{"__type__":"cc.PrefabInfo","root":{"__id__":28},"asset":{"__uuid__":"51HAn93itBVq7tnKpIYNL9"},"fileId":"e5SPFjFR9IU5IDn1+p1Xeo"},"_contentSize":{"__type__":"cc.Size","width":92,"height":49},"_trs":{"__type__":"TypedArray","ctor":"Float64Array","array":[0,-23,0,0,0,0,1,0.8,0.8,0.8]}},{"__type__":"cc.Node","_name":"clock","_parent":{"__id__":59},"_children":[{"__id__":63},{"__id__":64},{"__id__":65}],"_components":[{"__id__":67}],"_prefab":{"__type__":"cc.PrefabInfo","root":{"__id__":28},"asset":{"__uuid__":"51HAn93itBVq7tnKpIYNL9"},"fileId":"5aZGh9jiVLPoF9btBtvTC/"},"_contentSize":{"__type__":"cc.Size","width":103,"height":105},"_trs":{"__type__":"TypedArray","ctor":"Float64Array","array":[0,82.77,0,0,0,0,1,0.9,0.9,0.9]}},{"__type__":"cc.Node","_name":"timeBg","_parent":{"__id__":62},"_components":[{"__type__":"cc.Sprite","_name":"timeBg<Sprite>","node":{"__id__":63},"_materials":[{"__uuid__":"ecpdLyjvZBwrvm+cedCcQy"}],"_spriteFrame":{"__uuid__":"705HTZIkhMraQ82YyK4wym"},"_sizeMode":0,"_isTrimmedMode":false}],"_prefab":{"__type__":"cc.PrefabInfo","root":{"__id__":28},"asset":{"__uuid__":"51HAn93itBVq7tnKpIYNL9"},"fileId":"7a1HuUsrlPqbSDyErJ1LW8"},"_contentSize":{"__type__":"cc.Size","width":103,"height":105},"_trs":{"__type__":"TypedArray","ctor":"Float64Array","array":[0,0,0,0,0,0,1,1,1,1]}},{"__type__":"cc.Node","_name":"Node_Ani","_parent":{"__id__":62},"_prefab":{"__type__":"cc.PrefabInfo","root":{"__id__":28},"asset":{"__uuid__":"51HAn93itBVq7tnKpIYNL9"},"fileId":"921377Pf1Caq9W4+9D/Dej"},"_anchorPoint":{"__type__":"cc.Vec2"},"_trs":{"__type__":"TypedArray","ctor":"Float64Array","array":[0,0,0,0,0,0,1,1,1,1]}},{"__type__":"cc.Node","_name":"Text_time","_parent":{"__id__":62},"_components":[{"__id__":66}],"_prefab":{"__type__":"cc.PrefabInfo","root":{"__id__":28},"asset":{"__uuid__":"51HAn93itBVq7tnKpIYNL9"},"fileId":"39L60KefpEa6A5F5pXGn+f"},"_contentSize":{"__type__":"cc.Size","width":72,"height":48},"_trs":{"__type__":"TypedArray","ctor":"Float64Array","array":[0,0,0,0,0,0,1,0.7,0.7,1]}},{"__type__":"cc.Label","_name":"Text_time<Label>","node":{"__id__":65},"_materials":[{"__uuid__":"ecpdLyjvZBwrvm+cedCcQy"}],"_string":"20","_N$string":"20","_fontSize":45,"_lineHeight":48,"_N$file":{"__uuid__":"49VhTqcbFJm5IHnRyFx++l"},"_isSystemFontUsed":false,"_N$horizontalAlign":1,"_N$verticalAlign":1},{"__type__":"23033gqUPhLwbJCT5jo+L8o","node":{"__id__":62},"Text_time":{"__id__":66},"Node_Ani":{"__id__":64}},{"__type__":"7575bbJy5lFpalEdZJAh+5D","node":{"__id__":59},"clientSeatId":4,"playerNodePrefab":{"__uuid__":"18Ct2AyghEsLX5wVDjNPaW"},"clock":{"__id__":67},"readyNode":{"__id__":61},"timePrefab":{"__uuid__":"1dl+JLbvxM6rdZ3PiY36Ot"},"headNode":{"__id__":60}},{"__type__":"cc.Node","_name":"readyBtn","_parent":{"__id__":28},"_children":[{"__id__":70}],"_active":false,"_components":[{"__type__":"cc.Button","node":{"__id__":69},"duration":0.05,"zoomScale":1.1,"clickEvents":[{"__type__":"cc.ClickEvent","target":{"__id__":28},"_componentId":"1b385M5Vu9IDba4HsX0T1ED","handler":"onBtnClick","customEventData":"readyBtn"}],"_N$transition":3,"transition":3,"_N$pressedColor":{"__type__":"cc.Color","r":255,"g":255,"b":255},"pressedColor":{"__type__":"cc.Color","r":255,"g":255,"b":255},"_N$disabledColor":{"__type__":"cc.Color","r":255,"g":255,"b":255},"_N$target":{"__id__":69}},{"__type__":"cc.Sprite","_name":"readyBtn<Sprite>","node":{"__id__":69},"_materials":[{"__uuid__":"ecpdLyjvZBwrvm+cedCcQy"}],"_spriteFrame":{"__uuid__":"f6WUO4Vj5CjpIRFAmIdl70"},"_sizeMode":0}],"_prefab":{"__type__":"cc.PrefabInfo","root":{"__id__":28},"asset":{"__uuid__":"51HAn93itBVq7tnKpIYNL9"},"fileId":"63El7o4LpJ9ou/7wJo7A6d"},"_contentSize":{"__type__":"cc.Size","width":250,"height":76},"_trs":{"__type__":"TypedArray","ctor":"Float64Array","array":[0,-63,0,0,0,0,1,1,1,1]}},{"__type__":"cc.Node","_name":"label","_parent":{"__id__":69},"_components":[{"__type__":"cc.Label","_name":"label<Label>","node":{"__id__":70},"_materials":[{"__uuid__":"ecpdLyjvZBwrvm+cedCcQy"}],"_string":"准  备","_N$string":"准  备","_fontSize":36,"_lineHeight":46,"_N$file":{"__uuid__":"41VA2r2p1B0qYgaGz1nBDl"},"_isSystemFontUsed":false,"_N$horizontalAlign":1,"_N$verticalAlign":1}],"_prefab":{"__type__":"cc.PrefabInfo","root":{"__id__":28},"asset":{"__uuid__":"51HAn93itBVq7tnKpIYNL9"},"fileId":"25boInPalL9ZTzCHrqZ1uW"},"_contentSize":{"__type__":"cc.Size","width":97.2,"height":46},"_trs":{"__type__":"TypedArray","ctor":"Float64Array","array":[-0.004,4,0,0,0,0,1,1,1,1]}},{"__type__":"cc.Node","_name":"seatDownBtn","_parent":{"__id__":28},"_children":[{"__id__":72}],"_active":false,"_components":[{"__type__":"cc.Button","node":{"__id__":71},"duration":0.05,"zoomScale":1.1,"clickEvents":[{"__type__":"cc.ClickEvent","target":{"__id__":28},"_componentId":"1b385M5Vu9IDba4HsX0T1ED","handler":"onBtnClick","customEventData":"seatDownBtn"}],"_N$transition":3,"transition":3,"_N$pressedColor":{"__type__":"cc.Color","r":255,"g":255,"b":255},"pressedColor":{"__type__":"cc.Color","r":255,"g":255,"b":255},"_N$disabledColor":{"__type__":"cc.Color","r":255,"g":255,"b":255},"_N$target":{"__id__":71}},{"__type__":"cc.Sprite","_name":"seatDownBtn<Sprite>","node":{"__id__":71},"_materials":[{"__uuid__":"ecpdLyjvZBwrvm+cedCcQy"}],"_spriteFrame":{"__uuid__":"f6WUO4Vj5CjpIRFAmIdl70"},"_sizeMode":0}],"_prefab":{"__type__":"cc.PrefabInfo","root":{"__id__":28},"asset":{"__uuid__":"51HAn93itBVq7tnKpIYNL9"},"fileId":"d5qmpKujZE6qAdV0fgvIbU"},"_contentSize":{"__type__":"cc.Size","width":250,"height":76},"_trs":{"__type__":"TypedArray","ctor":"Float64Array","array":[0,-63,0,0,0,0,1,1,1,1]}},{"__type__":"cc.Node","_name":"label","_parent":{"__id__":71},"_components":[{"__type__":"cc.Label","_name":"label<Label>","node":{"__id__":72},"_materials":[{"__uuid__":"ecpdLyjvZBwrvm+cedCcQy"}],"_string":"快速坐下","_N$string":"快速坐下","_fontSize":36,"_lineHeight":46,"_N$file":{"__uuid__":"41VA2r2p1B0qYgaGz1nBDl"},"_isSystemFontUsed":false,"_N$horizontalAlign":1,"_N$verticalAlign":1}],"_prefab":{"__type__":"cc.PrefabInfo","root":{"__id__":28},"asset":{"__uuid__":"51HAn93itBVq7tnKpIYNL9"},"fileId":"c3nz1UWMpMOpEa36VhXXtV"},"_contentSize":{"__type__":"cc.Size","width":148.5,"height":46},"_trs":{"__type__":"TypedArray","ctor":"Float64Array","array":[-0.004,4,0,0,0,0,1,1,1,1]}},{"__type__":"cc.Node","_name":"minStart","_parent":{"__id__":28},"_children":[{"__id__":74}],"_active":false,"_components":[{"__type__":"cc.Button","node":{"__id__":73},"_normalMaterial":{"__uuid__":"ecpdLyjvZBwrvm+cedCcQy"},"_grayMaterial":{"__uuid__":"3ae7efMv1CLq2ilvUY/tQi"},"duration":0.05,"zoomScale":1.1,"clickEvents":[{"__type__":"cc.ClickEvent","target":{"__id__":28},"_componentId":"1b385M5Vu9IDba4HsX0T1ED","handler":"onBtnClick","customEventData":"minStart"}],"_N$enableAutoGrayEffect":true,"_N$transition":3,"transition":3,"_N$pressedColor":{"__type__":"cc.Color","r":255,"g":255,"b":255},"pressedColor":{"__type__":"cc.Color","r":255,"g":255,"b":255},"_N$disabledColor":{"__type__":"cc.Color","r":255,"g":255,"b":255},"_N$target":{"__id__":73}},{"__type__":"cc.Sprite","_name":"seatDownBtn<Sprite>","node":{"__id__":73},"_materials":[{"__uuid__":"ecpdLyjvZBwrvm+cedCcQy"}],"_spriteFrame":{"__uuid__":"ebL1jpO5dDOaRU9e1MZI1r"},"_sizeMode":0}],"_prefab":{"__type__":"cc.PrefabInfo","root":{"__id__":28},"asset":{"__uuid__":"51HAn93itBVq7tnKpIYNL9"},"fileId":"f4sWHwNXBFpLgR9uGYgRxG"},"_contentSize":{"__type__":"cc.Size","width":250,"height":76},"_trs":{"__type__":"TypedArray","ctor":"Float64Array","array":[263,-63,0,0,0,0,1,1,1,1]}},{"__type__":"cc.Node","_name":"label","_parent":{"__id__":73},"_components":[{"__type__":"cc.Label","_name":"label<Label>","node":{"__id__":74},"_materials":[{"__uuid__":"ecpdLyjvZBwrvm+cedCcQy"}],"_string":"少人提前开","_N$string":"少人提前开","_fontSize":30,"_lineHeight":46,"_N$file":{"__uuid__":"fdmAMSTwdOm7YbZ/hyHZp1"},"_isSystemFontUsed":false,"_N$horizontalAlign":1,"_N$verticalAlign":1}],"_prefab":{"__type__":"cc.PrefabInfo","root":{"__id__":28},"asset":{"__uuid__":"51HAn93itBVq7tnKpIYNL9"},"fileId":"14p2jRTatGY4CJqIHY2XmD"},"_contentSize":{"__type__":"cc.Size","width":153.75,"height":46},"_trs":{"__type__":"TypedArray","ctor":"Float64Array","array":[-0.004,4,0,0,0,0,1,1,1,1]}},{"__type__":"cc.Node","_name":"buZhaBtn","_parent":{"__id__":28},"_active":false,"_components":[{"__type__":"cc.StudioWidget","node":{"__id__":75},"_alignFlags":12,"_left":0.325,"_bottom":0.2865,"_isAbsLeft":false,"_isAbsBottom":false},{"__type__":"cc.Button","node":{"__id__":75},"_normalMaterial":{"__uuid__":"ecpdLyjvZBwrvm+cedCcQy"},"clickEvents":[{"__type__":"cc.ClickEvent","target":{"__id__":28},"_componentId":"1b385M5Vu9IDba4HsX0T1ED","handler":"onBtnClick","customEventData":"buZhaBtn"}],"_N$transition":2,"transition":2,"_N$normalSprite":{"__uuid__":"b8MruPfydPKoxshrRhjiL5"},"_N$pressedSprite":{"__uuid__":"6fFQaauvdGxrq4RE70/A5Z"},"pressedSprite":{"__uuid__":"6fFQaauvdGxrq4RE70/A5Z"},"_N$target":{"__id__":75}},{"__type__":"cc.Sprite","_name":"buZhaBtn<Sprite>","node":{"__id__":75},"_materials":[{"__uuid__":"ecpdLyjvZBwrvm+cedCcQy"}],"_spriteFrame":{"__uuid__":"b8MruPfydPKoxshrRhjiL5"},"_type":1,"_sizeMode":0,"_isTrimmedMode":false}],"_prefab":{"__type__":"cc.PrefabInfo","root":{"__id__":28},"asset":{"__uuid__":"51HAn93itBVq7tnKpIYNL9"},"fileId":"1b335SxIFHFqdjBoZsRcqk"},"_contentSize":{"__type__":"cc.Size","width":192,"height":75},"_trs":{"__type__":"TypedArray","ctor":"Float64Array","array":[-128,-133.3,0,0,0,0,1,1,1,1]}},{"__type__":"cc.Node","_name":"zhaNiaoBtn","_parent":{"__id__":28},"_active":false,"_components":[{"__type__":"cc.StudioWidget","node":{"__id__":76},"_alignFlags":12,"_left":0.525,"_bottom":0.2865,"_isAbsLeft":false,"_isAbsBottom":false},{"__type__":"cc.Button","node":{"__id__":76},"_normalMaterial":{"__uuid__":"ecpdLyjvZBwrvm+cedCcQy"},"clickEvents":[{"__type__":"cc.ClickEvent","target":{"__id__":28},"_componentId":"1b385M5Vu9IDba4HsX0T1ED","handler":"onBtnClick","customEventData":"zhaNiaoBtn"}],"_N$transition":2,"transition":2,"_N$normalSprite":{"__uuid__":"bb2GmSQgJDvp29heTvgirk"},"_N$pressedSprite":{"__uuid__":"97WyXo3NxFQKOv+OpeQPc/"},"pressedSprite":{"__uuid__":"97WyXo3NxFQKOv+OpeQPc/"},"_N$hoverSprite":{"__uuid__":"bb2GmSQgJDvp29heTvgirk"},"hoverSprite":{"__uuid__":"bb2GmSQgJDvp29heTvgirk"},"_N$target":{"__id__":76}},{"__type__":"cc.Sprite","_name":"zhaNiaoBtn<Sprite>","node":{"__id__":76},"_materials":[{"__uuid__":"ecpdLyjvZBwrvm+cedCcQy"}],"_spriteFrame":{"__uuid__":"bb2GmSQgJDvp29heTvgirk"},"_type":1,"_sizeMode":0,"_isTrimmedMode":false}],"_prefab":{"__type__":"cc.PrefabInfo","root":{"__id__":28},"asset":{"__uuid__":"51HAn93itBVq7tnKpIYNL9"},"fileId":"3bIBxGiLNN3p+xf9xzffHN"},"_contentSize":{"__type__":"cc.Size","width":192,"height":75},"_trs":{"__type__":"TypedArray","ctor":"Float64Array","array":[128,-133.3,0,0,0,0,1,1,1,1]}},{"__type__":"cc.Node","_name":"buCuoBtn","_parent":{"__id__":28},"_active":false,"_components":[{"__type__":"cc.StudioWidget","node":{"__id__":77},"_alignFlags":12,"_left":0.325,"_bottom":0.2865,"_isAbsLeft":false,"_isAbsBottom":false},{"__type__":"cc.Button","node":{"__id__":77},"_normalMaterial":{"__uuid__":"ecpdLyjvZBwrvm+cedCcQy"},"clickEvents":[{"__type__":"cc.ClickEvent","target":{"__id__":28},"_componentId":"1b385M5Vu9IDba4HsX0T1ED","handler":"onBtnClick","customEventData":"buCuoBtn"}],"_N$transition":2,"transition":2,"_N$normalSprite":{"__uuid__":"17JFGTlhJHNoZVGX5G/bST"},"_N$pressedSprite":{"__uuid__":"33Kxh4+sFFVbM7RdX7ZBki"},"pressedSprite":{"__uuid__":"33Kxh4+sFFVbM7RdX7ZBki"},"_N$hoverSprite":{"__uuid__":"17JFGTlhJHNoZVGX5G/bST"},"hoverSprite":{"__uuid__":"17JFGTlhJHNoZVGX5G/bST"},"_N$target":{"__id__":77}},{"__type__":"cc.Sprite","_name":"buCuoBtn<Sprite>","node":{"__id__":77},"_materials":[{"__uuid__":"ecpdLyjvZBwrvm+cedCcQy"}],"_spriteFrame":{"__uuid__":"17JFGTlhJHNoZVGX5G/bST"},"_type":1,"_sizeMode":0,"_isTrimmedMode":false}],"_prefab":{"__type__":"cc.PrefabInfo","root":{"__id__":28},"asset":{"__uuid__":"51HAn93itBVq7tnKpIYNL9"},"fileId":"04kI6+TVFEcqBfFeMYE8iH"},"_contentSize":{"__type__":"cc.Size","width":192,"height":75},"_trs":{"__type__":"TypedArray","ctor":"Float64Array","array":[-128,-133.3,0,0,0,0,1,1,1,1]}},{"__type__":"cc.Node","_name":"chuoDaBtn","_parent":{"__id__":28},"_active":false,"_components":[{"__type__":"cc.StudioWidget","node":{"__id__":78},"_alignFlags":12,"_left":0.525,"_bottom":0.2865,"_isAbsLeft":false,"_isAbsBottom":false},{"__type__":"cc.Button","node":{"__id__":78},"_normalMaterial":{"__uuid__":"ecpdLyjvZBwrvm+cedCcQy"},"clickEvents":[{"__type__":"cc.ClickEvent","target":{"__id__":28},"_componentId":"1b385M5Vu9IDba4HsX0T1ED","handler":"onBtnClick","customEventData":"chuoDaBtn"}],"_N$transition":2,"transition":2,"_N$normalSprite":{"__uuid__":"b6W4ZCFTpDsJoGo71VjnvX"},"_N$pressedSprite":{"__uuid__":"b1mOrPHy9MDbvPYROGXPMu"},"pressedSprite":{"__uuid__":"b1mOrPHy9MDbvPYROGXPMu"},"_N$hoverSprite":{"__uuid__":"b6W4ZCFTpDsJoGo71VjnvX"},"hoverSprite":{"__uuid__":"b6W4ZCFTpDsJoGo71VjnvX"},"_N$target":{"__id__":78}},{"__type__":"cc.Sprite","_name":"chuoDaBtn<Sprite>","node":{"__id__":78},"_materials":[{"__uuid__":"ecpdLyjvZBwrvm+cedCcQy"}],"_spriteFrame":{"__uuid__":"b6W4ZCFTpDsJoGo71VjnvX"},"_type":1,"_sizeMode":0,"_isTrimmedMode":false}],"_prefab":{"__type__":"cc.PrefabInfo","root":{"__id__":28},"asset":{"__uuid__":"51HAn93itBVq7tnKpIYNL9"},"fileId":"63mepP9bBACakJy3Bqop70"},"_contentSize":{"__type__":"cc.Size","width":192,"height":75},"_trs":{"__type__":"TypedArray","ctor":"Float64Array","array":[128,-133.3,0,0,0,0,1,1,1,1]}},{"__type__":"cc.Node","_name":"shareNode","_parent":{"__id__":28},"_children":[{"__id__":80}],"_components":[{"__type__":"f78a6qdmHtJgZkymreI0nI7","node":{"__id__":79},"btnNode":{"__id__":80}}],"_prefab":{"__type__":"cc.PrefabInfo","root":{"__id__":28},"asset":{"__uuid__":"51HAn93itBVq7tnKpIYNL9"},"fileId":"5dLv36UtxCG7ToS+tVcCQB"},"_trs":{"__type__":"TypedArray","ctor":"Float64Array","array":[0,41,0,0,0,0,1,1,1,1]}},{"__type__":"cc.Node","_name":"shareBtn","_parent":{"__id__":79},"_children":[{"__id__":81}],"_components":[{"__type__":"cc.Button","node":{"__id__":80},"clickEvents":[{"__type__":"cc.ClickEvent","target":{"__id__":79},"_componentId":"f78a6qdmHtJgZkymreI0nI7","handler":"onShareBtnClick"}],"_N$transition":3,"transition":3,"_N$pressedColor":{"__type__":"cc.Color","r":255,"g":255,"b":255},"pressedColor":{"__type__":"cc.Color","r":255,"g":255,"b":255},"_N$disabledColor":{"__type__":"cc.Color","r":255,"g":255,"b":255},"_N$target":{"__id__":80}},{"__type__":"cc.Sprite","node":{"__id__":80},"_materials":[{"__uuid__":"ecpdLyjvZBwrvm+cedCcQy"}],"_spriteFrame":{"__uuid__":"ebL1jpO5dDOaRU9e1MZI1r"},"_sizeMode":0}],"_prefab":{"__type__":"cc.PrefabInfo","root":{"__id__":28},"asset":{"__uuid__":"51HAn93itBVq7tnKpIYNL9"},"fileId":"7cOFKIP41FvbC2PfhyufFO"},"_contentSize":{"__type__":"cc.Size","width":250,"height":76},"_trs":{"__type__":"TypedArray","ctor":"Float64Array","array":[0,0,0,0,0,0,1,1,1,1]}},{"__type__":"cc.Node","_name":"label","_parent":{"__id__":80},"_components":[{"__type__":"cc.Label","node":{"__id__":81},"_materials":[{"__uuid__":"ecpdLyjvZBwrvm+cedCcQy"}],"_string":"分  享","_N$string":"分  享","_fontSize":36,"_lineHeight":46,"_N$file":{"__uuid__":"fdmAMSTwdOm7YbZ/hyHZp1"},"_isSystemFontUsed":false,"_N$horizontalAlign":1,"_N$verticalAlign":1}],"_prefab":{"__type__":"cc.PrefabInfo","root":{"__id__":28},"asset":{"__uuid__":"51HAn93itBVq7tnKpIYNL9"},"fileId":"018SfYDBpJ3rtD2Cov8O7V"},"_contentSize":{"__type__":"cc.Size","width":96.3,"height":46},"_trs":{"__type__":"TypedArray","ctor":"Float64Array","array":[-0.004,4,0,0,0,0,1,1,1,1]}},{"__type__":"1b385M5Vu9IDba4HsX0T1ED","node":{"__id__":28},"playerList":[{"__id__":38},{"__id__":48},{"__id__":58},{"__id__":68}]},{"__type__":"cc.Node","_name":"MenuNode","_objFlags":512,"_parent":{"__id__":2},"_children":[{"__id__":84},{"__id__":85},{"__id__":86}],"_components":[{"__type__":"cc.Widget","node":{"__id__":83},"_alignFlags":45},{"__type__":"052a0UDKrRE/o0VNXp1G+Ol","node":{"__id__":83}}],"_prefab":{"__type__":"cc.PrefabInfo","root":{"__id__":83},"asset":{"__uuid__":"5esQ3Yd4hMzotA6J044ruk"},"fileId":"acU8XkVfdPjr0/kP9yMPRC"},"_contentSize":{"__type__":"cc.Size","width":1280,"height":800},"_trs":{"__type__":"TypedArray","ctor":"Float64Array","array":[0,0,0,0,0,0,1,1,1,1]}},{"__type__":"cc.Node","_name":"witnessListBtn","_parent":{"__id__":83},"_components":[{"__type__":"cc.Sprite","node":{"__id__":84},"_materials":[{"__uuid__":"ecpdLyjvZBwrvm+cedCcQy"}],"_spriteFrame":{"__uuid__":"1bHYnQsoVC3IRShx24zW9G"}},{"__type__":"cc.Button","node":{"__id__":84},"_normalMaterial":{"__uuid__":"ecpdLyjvZBwrvm+cedCcQy"},"clickEvents":[{"__type__":"cc.ClickEvent","target":{"__id__":83},"_componentId":"052a0UDKrRE/o0VNXp1G+Ol","handler":"onBtnClick","customEventData":"witnessList"}],"_N$transition":3,"transition":3,"_N$pressedColor":{"__type__":"cc.Color","r":255,"g":255,"b":255},"pressedColor":{"__type__":"cc.Color","r":255,"g":255,"b":255},"_N$disabledColor":{"__type__":"cc.Color","r":255,"g":255,"b":255},"_N$target":{"__id__":84}},{"__type__":"cc.Widget","node":{"__id__":84},"_alignFlags":12,"_left":0.8669554687500001,"_right":116.88599999999997,"_bottom":0.90275,"_isAbsLeft":false,"_isAbsBottom":false}],"_prefab":{"__type__":"cc.PrefabInfo","root":{"__id__":83},"asset":{"__uuid__":"5esQ3Yd4hMzotA6J044ruk"},"fileId":"f9LWIbbQpGoKRhacjer3Ph"},"_contentSize":{"__type__":"cc.Size","width":61,"height":65},"_trs":{"__type__":"TypedArray","ctor":"Float64Array","array":[500.203,354.70000000000005,0,0,0,0,1,1,1,1]}},{"__type__":"cc.Node","_name":"menuBtn","_parent":{"__id__":83},"_components":[{"__type__":"cc.StudioWidget","node":{"__id__":85},"_alignFlags":12,"_left":0.9444812499999999,"_bottom":0.9027499999999999,"_isAbsLeft":false,"_isAbsBottom":false},{"__type__":"cc.Button","node":{"__id__":85},"_normalMaterial":{"__uuid__":"ecpdLyjvZBwrvm+cedCcQy"},"duration":0.05,"zoomScale":1.1,"clickEvents":[{"__type__":"cc.ClickEvent","target":{"__id__":83},"_componentId":"052a0UDKrRE/o0VNXp1G+Ol","handler":"onBtnClick","customEventData":"menuBtn"}],"_N$transition":3,"transition":3,"_N$target":{"__id__":85}},{"__type__":"cc.Sprite","_name":"menuBtn<Sprite>","node":{"__id__":85},"_materials":[{"__uuid__":"ecpdLyjvZBwrvm+cedCcQy"}],"_spriteFrame":{"__uuid__":"11+W2KJEVJlqWfJaADQmds"}}],"_prefab":{"__type__":"cc.PrefabInfo","root":{"__id__":83},"asset":{"__uuid__":"5esQ3Yd4hMzotA6J044ruk"},"fileId":"21rXj8+SpEorwACqzJh5Sr"},"_contentSize":{"__type__":"cc.Size","width":61,"height":65},"_trs":{"__type__":"TypedArray","ctor":"Float64Array","array":[599.4359999999999,354.69999999999993,0,0,0,0,1,1,1,1]}},{"__type__":"cc.Node","_name":"restartBtn","_parent":{"__id__":83},"_components":[{"__type__":"cc.StudioWidget","node":{"__id__":86},"_alignFlags":12,"_left":0.007931250000000015,"_bottom":0.79185,"_isAbsLeft":false,"_isAbsBottom":false},{"__type__":"cc.Button","node":{"__id__":86},"_normalMaterial":{"__uuid__":"ecpdLyjvZBwrvm+cedCcQy"},"duration":0.05,"zoomScale":1.1,"clickEvents":[{"__type__":"cc.ClickEvent","target":{"__id__":83},"_componentId":"052a0UDKrRE/o0VNXp1G+Ol","handler":"onBtnClick","customEventData":"restartBtn"}],"_N$transition":3,"transition":3,"_N$target":{"__id__":86}},{"__type__":"cc.Sprite","_name":"restartBtn<Sprite>","node":{"__id__":86},"_materials":[{"__uuid__":"ecpdLyjvZBwrvm+cedCcQy"}],"_spriteFrame":{"__uuid__":"529vZZW2tGt4KoesA1zfpb"}}],"_prefab":{"__type__":"cc.PrefabInfo","root":{"__id__":83},"asset":{"__uuid__":"5esQ3Yd4hMzotA6J044ruk"},"fileId":"e7xrJK1GxAU7lvxZWj/h12"},"_contentSize":{"__type__":"cc.Size","width":61,"height":65},"_trs":{"__type__":"TypedArray","ctor":"Float64Array","array":[-599.348,265.98,0,0,0,0,1,1,1,1]}},{"__type__":"cc.Node","_name":"AutoNode","_parent":{"__id__":2},"_children":[{"__id__":88}],"_components":[{"__type__":"cc.Widget","node":{"__id__":87},"_alignFlags":45},{"__type__":"7cdeeqc3ctJuZ2GZ27MQR18","node":{"__id__":87}}],"_contentSize":{"__type__":"cc.Size","width":1280,"height":800},"_trs":{"__type__":"TypedArray","ctor":"Float64Array","array":[0,0,0,0,0,0,1,1,1,1]}},{"__type__":"cc.Node","_name":"autoBtn","_parent":{"__id__":87},"_active":false,"_components":[{"__type__":"cc.StudioWidget","node":{"__id__":88},"_alignFlags":12,"_left":0.9325000000000001,"_bottom":0.21325,"_isAbsLeft":false,"_isAbsBottom":false},{"__type__":"cc.Button","node":{"__id__":88},"_normalMaterial":{"__uuid__":"ecpdLyjvZBwrvm+cedCcQy"},"duration":0.05,"zoomScale":1.1,"clickEvents":[{"__type__":"cc.ClickEvent","target":{"__id__":87},"_componentId":"7cdeeqc3ctJuZ2GZ27MQR18","handler":"onAutoBtnClick","customEventData":"autoBtn"}],"_N$transition":3,"transition":3,"_N$normalSprite":{"__uuid__":"1dyiRe7eNEA5zEtXXNvL2H"},"_N$target":{"__id__":88}},{"__type__":"cc.Sprite","_name":"Button_deposit<Sprite>","node":{"__id__":88},"_materials":[{"__uuid__":"ecpdLyjvZBwrvm+cedCcQy"}],"_spriteFrame":{"__uuid__":"1dyiRe7eNEA5zEtXXNvL2H"},"_type":1,"_sizeMode":0,"_isTrimmedMode":false}],"_contentSize":{"__type__":"cc.Size","width":77,"height":78},"_trs":{"__type__":"TypedArray","ctor":"Float64Array","array":[592.1000000000001,-190.4,0,0,0,0,1,1,1,1]}},{"__type__":"cc.Node","_name":"chatNode","_parent":{"__id__":2},"_children":[{"__id__":90},{"__id__":91},{"__id__":92}],"_components":[{"__type__":"48c06BpvORIwJ6ncbRq0Og8","node":{"__id__":89},"gameType":7,"headList":[{"__id__":29},{"__id__":39},{"__id__":49},{"__id__":59}],"Node_ChatSelect":{"__uuid__":"datPVvwR5Ip4zddSf5tpcy"},"BQ_Box":{"__uuid__":"8bUNi7zlVHxoW/YdexhaGX"},"chatAniCtrl":{"__id__":93},"voicePlayed":{"__uuid__":"c2JV+BuV1G+a7Aqi1MYq+P"},"voiceBtn":{"__id__":90},"cancelImg":{"__id__":92},"voicePrefab":{"__uuid__":"b1wwQgKuREW5raeKI4ZL3+"}},{"__id__":93},{"__type__":"cc.Widget","node":{"__id__":89},"_alignFlags":45,"_originalWidth":1280,"_originalHeight":720}],"_contentSize":{"__type__":"cc.Size","width":1280,"height":800},"_trs":{"__type__":"TypedArray","ctor":"Float64Array","array":[0,0,0,0,0,0,1,1,1,1]}},{"__type__":"cc.Node","_name":"dp_0033_40","_parent":{"__id__":89},"_components":[{"__type__":"cc.StudioWidget","node":{"__id__":90},"_alignFlags":12,"_left":0.9336500000000001,"_bottom":0.32199999999999995,"_isAbsLeft":false,"_isAbsBottom":false},{"__type__":"f713eWkHa5LJLBfJMCLd3R2","node":{"__id__":90}},{"__type__":"cc.Sprite","node":{"__id__":90},"_materials":[{"__uuid__":"ecpdLyjvZBwrvm+cedCcQy"}],"_spriteFrame":{"__uuid__":"bbmSnx/d5Ee6SEt4pnBi2u"}}],"_contentSize":{"__type__":"cc.Size","width":79,"height":79},"_trs":{"__type__":"TypedArray","ctor":"Float64Array","array":[594.5720000000001,-102.90000000000003,0,0,0,0,1,1,1,1]}},{"__type__":"cc.Node","_name":"zm_btn_chat","_parent":{"__id__":89},"_components":[{"__type__":"cc.StudioWidget","node":{"__id__":91},"_alignFlags":12,"_left":0.9336500000000001,"_bottom":0.43170000000000003,"_isAbsLeft":false,"_isAbsBottom":false},{"__type__":"cc.Button","node":{"__id__":91},"clickEvents":[{"__type__":"cc.ClickEvent","target":{"__id__":89},"_componentId":"48c06BpvORIwJ6ncbRq0Og8","handler":"onChatClick"}],"_N$transition":3,"transition":3,"_N$pressedColor":{"__type__":"cc.Color","r":255,"g":255,"b":255},"pressedColor":{"__type__":"cc.Color","r":255,"g":255,"b":255},"_N$disabledColor":{"__type__":"cc.Color","r":255,"g":255,"b":255},"_N$target":{"__id__":91}},{"__type__":"cc.Sprite","node":{"__id__":91},"_materials":[{"__uuid__":"ecpdLyjvZBwrvm+cedCcQy"}],"_spriteFrame":{"__uuid__":"13uyrd6DpCFbs8x+cn5m3a"}}],"_contentSize":{"__type__":"cc.Size","width":79,"height":79},"_trs":{"__type__":"TypedArray","ctor":"Float64Array","array":[594.5720000000001,-15.139999999999986,0,0,0,0,1,-1,1,1]}},{"__type__":"cc.Node","_name":"audio_cancle","_parent":{"__id__":89},"_active":false,"_components":[{"__type__":"cc.Sprite","node":{"__id__":92},"_materials":[{"__uuid__":"ecpdLyjvZBwrvm+cedCcQy"}],"_spriteFrame":{"__uuid__":"bbtZbEZd1DB7ZtgzaaIrUO"}}],"_contentSize":{"__type__":"cc.Size","width":282,"height":282},"_trs":{"__type__":"TypedArray","ctor":"Float64Array","array":[0,0,0,0,0,0,1,1,1,1]}},{"__type__":"fbdd4aZZsBCtaxr3Cp7F0HX","node":{"__id__":89},"interactive_node":{"__id__":94},"aniPrefab":[{"__uuid__":"3d+h8nS1hIv7KQsM6f5mMm"},{"__uuid__":"373FU8bvBKO68RYHqgcWJ0"},{"__uuid__":"0aj2DXRZhP1bQe7TFhUhh9"},{"__uuid__":"caIkHhGktLQZH2M3VcNvG9"}],"headNode":[{"__id__":29},{"__id__":39},{"__id__":49},{"__id__":59}]},{"__type__":"cc.Node","_name":"interactive_node","_parent":{"__id__":2},"_trs":{"__type__":"TypedArray","ctor":"Float64Array","array":[0,0,0,0,0,0,1,1,1,1]}},{"__type__":"cc.Node","_objFlags":512,"_parent":{"__id__":2},"_id":"4fd5PwZlNJlY+7Lbyd+Jnf","_prefab":{"__type__":"cc.PrefabInfo","root":{"__id__":95},"asset":{"__uuid__":"6eM8xW5lpLCY68s9MZp80J"},"fileId":"51HASmyjJEO5XzpHuAq11i","sync":true},"_name":"ActionLayer","_trs":{"__type__":"TypedArray","ctor":"Float64Array","array":[0,0,0,0,0,0,1,1,1,1]}}]