[{"__type__":"cc.Prefab","_name":"CardLayer","data":{"__id__":1}},{"__type__":"cc.Node","_name":"CardLayer","_children":[{"__id__":2},{"__id__":9},{"__id__":16},{"__id__":23},{"__id__":27},{"__id__":28},{"__id__":32},{"__id__":33}],"_components":[{"__type__":"cc.Widget","node":{"__id__":1},"_alignFlags":45,"_originalWidth":1280,"_originalHeight":800},{"__type__":"4b0ecBZoTJDVr5ottNA4Qq1","node":{"__id__":1},"drawSome":{"__id__":35},"cardManager":[{"__id__":26},{"__id__":22},{"__id__":15},{"__id__":8}]}],"_prefab":{"__type__":"cc.PrefabInfo","root":{"__id__":1},"asset":{"__uuid__":"64674+M4NHMJX+n0pVaPzn"},"fileId":"31u7Pcjs1K2JZmWVk5LSA8"},"_contentSize":{"__type__":"cc.Size","width":1280,"height":800},"_trs":{"__type__":"TypedArray","ctor":"Float64Array","array":[0,0,0,0,0,0,1,1,1,1]}},{"__type__":"cc.Node","_name":"CardGroupManager4","_parent":{"__id__":1},"_children":[{"__id__":3},{"__id__":4},{"__id__":5},{"__id__":6},{"__id__":7}],"_components":[{"__id__":8},{"__type__":"cc.Widget","node":{"__id__":2},"_alignFlags":45,"_originalWidth":1280,"_originalHeight":800}],"_prefab":{"__type__":"cc.PrefabInfo","root":{"__id__":1},"asset":{"__uuid__":"64674+M4NHMJX+n0pVaPzn"},"fileId":"1dmpbzCY5F4brjvL19Of3p"},"_contentSize":{"__type__":"cc.Size","width":1280,"height":800},"_trs":{"__type__":"TypedArray","ctor":"Float64Array","array":[0,0,0,0,0,0,1,1,1,1]}},{"__type__":"cc.Node","_name":"hanldeCard","_parent":{"__id__":2},"_components":[{"__type__":"cc.StudioWidget","node":{"__id__":3},"_alignFlags":12,"_left":0.11,"_bottom":0.55,"_isAbsLeft":false,"_isAbsBottom":false}],"_prefab":{"__type__":"cc.PrefabInfo","root":{"__id__":1},"asset":{"__uuid__":"64674+M4NHMJX+n0pVaPzn"},"fileId":"ad5J3ozglJqL9DhtFu6z3x"},"_contentSize":{"__type__":"cc.Size","width":364,"height":144},"_anchorPoint":{"__type__":"cc.Vec2","y":0.5},"_trs":{"__type__":"TypedArray","ctor":"Float64Array","array":[-499.2,112.00000000000006,0,0,0,0,1,1,1,1]}},{"__type__":"cc.Node","_name":"playhanlde","_parent":{"__id__":2},"_components":[{"__type__":"cc.StudioWidget","node":{"__id__":4},"_alignFlags":4,"_bottom":0.75,"_isAbsBottom":false}],"_prefab":{"__type__":"cc.PrefabInfo","root":{"__id__":1},"asset":{"__uuid__":"64674+M4NHMJX+n0pVaPzn"},"fileId":"20h5VkOKFOH5Aig9N/M54F"},"_contentSize":{"__type__":"cc.Size","width":728,"height":72},"_anchorPoint":{"__type__":"cc.Vec2"},"_trs":{"__type__":"TypedArray","ctor":"Float64Array","array":[0,200,0,0,0,0,1,1,1,1]}},{"__type__":"cc.Node","_name":"xicard","_parent":{"__id__":2},"_components":[{"__type__":"cc.StudioWidget","node":{"__id__":5},"_alignFlags":12,"_left":0.1,"_bottom":0.62,"_isAbsLeft":false,"_isAbsBottom":false}],"_prefab":{"__type__":"cc.PrefabInfo","root":{"__id__":1},"asset":{"__uuid__":"64674+M4NHMJX+n0pVaPzn"},"fileId":"beRRdgz/dFeqpOPr/YBveM"},"_contentSize":{"__type__":"cc.Size","width":728,"height":72},"_anchorPoint":{"__type__":"cc.Vec2"},"_trs":{"__type__":"TypedArray","ctor":"Float64Array","array":[-512,96,0,0,0,0,1,1,1,1]}},{"__type__":"cc.Node","_name":"outCard","_parent":{"__id__":2},"_components":[{"__type__":"cc.StudioWidget","node":{"__id__":6},"_alignFlags":12,"_left":0.2,"_bottom":0.5894,"_isAbsLeft":false,"_isAbsBottom":false}],"_prefab":{"__type__":"cc.PrefabInfo","root":{"__id__":1},"asset":{"__uuid__":"64674+M4NHMJX+n0pVaPzn"},"fileId":"b9tezYry5ERqhIFP0AzsNZ"},"_contentSize":{"__type__":"cc.Size","width":1,"height":1},"_anchorPoint":{"__type__":"cc.Vec2","y":0.5},"_trs":{"__type__":"TypedArray","ctor":"Float64Array","array":[-384,72.02000000000004,0,0,0,0,1,1,1,1]}},{"__type__":"cc.Node","_name":"fa","_parent":{"__id__":2},"_active":false,"_components":[{"__type__":"cc.StudioWidget","node":{"__id__":7},"_alignFlags":12,"_left":0.0011999999999999997,"_bottom":0.5769000000000001,"_isAbsLeft":false,"_isAbsBottom":false}],"_prefab":{"__type__":"cc.PrefabInfo","root":{"__id__":1},"asset":{"__uuid__":"64674+M4NHMJX+n0pVaPzn"},"fileId":"1aoqe727VCD6og6uCXuZ8f"},"_opacity":0,"_contentSize":{"__type__":"cc.Size","width":116,"height":165},"_trs":{"__type__":"TypedArray","ctor":"Float64Array","array":[-609.464,102.77,0,0,0,0,1,0.5,0.5,0.5]}},{"__type__":"4b315aUE7VOFp72Cu+ENhhi","node":{"__id__":2},"cardSpritePrefab":{"__uuid__":"9d2kuIlJRA8Lly+0hZMIw/"},"cardSmallPrefab":{"__uuid__":"43W3unTPNFMZJ9KEC9/oCg"},"clientSeatId":4},{"__type__":"cc.Node","_name":"CardGroupManager3","_parent":{"__id__":1},"_children":[{"__id__":10},{"__id__":11},{"__id__":12},{"__id__":13},{"__id__":14}],"_components":[{"__id__":15},{"__type__":"cc.Widget","node":{"__id__":9},"_alignFlags":45,"_originalWidth":1280,"_originalHeight":800}],"_prefab":{"__type__":"cc.PrefabInfo","root":{"__id__":1},"asset":{"__uuid__":"64674+M4NHMJX+n0pVaPzn"},"fileId":"32Hm3eGBdDXrTNN2KF1HPI"},"_contentSize":{"__type__":"cc.Size","width":1280,"height":800},"_trs":{"__type__":"TypedArray","ctor":"Float64Array","array":[0,0,0,0,0,0,1,1,1,1]}},{"__type__":"cc.Node","_name":"hanldeCard","_parent":{"__id__":9},"_components":[{"__type__":"cc.StudioWidget","node":{"__id__":10},"_alignFlags":12,"_left":0.47000000000000003,"_bottom":0.8085,"_isAbsLeft":false,"_isAbsBottom":false}],"_prefab":{"__type__":"cc.PrefabInfo","root":{"__id__":1},"asset":{"__uuid__":"64674+M4NHMJX+n0pVaPzn"},"fileId":"e2EsEl7jtA/rhmKpADMfMW"},"_contentSize":{"__type__":"cc.Size","width":364,"height":144},"_anchorPoint":{"__type__":"cc.Vec2","y":0.5},"_trs":{"__type__":"TypedArray","ctor":"Float64Array","array":[-38.39999999999998,318.79999999999995,0,0,0,0,1,1,1,1]}},{"__type__":"cc.Node","_name":"playhanlde","_parent":{"__id__":9},"_components":[{"__type__":"cc.StudioWidget","node":{"__id__":11},"_alignFlags":12,"_left":0.47000000000000003,"_bottom":0.818,"_isAbsLeft":false,"_isAbsBottom":false}],"_prefab":{"__type__":"cc.PrefabInfo","root":{"__id__":1},"asset":{"__uuid__":"64674+M4NHMJX+n0pVaPzn"},"fileId":"377pZ0JhtPwJ+g/GQ6Nzjb"},"_contentSize":{"__type__":"cc.Size","width":364,"height":144},"_anchorPoint":{"__type__":"cc.Vec2","y":1},"_trs":{"__type__":"TypedArray","ctor":"Float64Array","array":[-38.39999999999998,398.4,0,0,0,0,1,1,1,1]}},{"__type__":"cc.Node","_name":"xicard","_parent":{"__id__":9},"_components":[{"__type__":"cc.StudioWidget","node":{"__id__":12},"_alignFlags":12,"_left":0.43,"_bottom":0.775,"_isAbsLeft":false,"_isAbsBottom":false}],"_prefab":{"__type__":"cc.PrefabInfo","root":{"__id__":1},"asset":{"__uuid__":"64674+M4NHMJX+n0pVaPzn"},"fileId":"16Qer1P6ZGqKpUu+IavNh+"},"_contentSize":{"__type__":"cc.Size","width":728,"height":72},"_anchorPoint":{"__type__":"cc.Vec2"},"_trs":{"__type__":"TypedArray","ctor":"Float64Array","array":[-89.60000000000002,220,0,0,0,0,1,1,1,1]}},{"__type__":"cc.Node","_name":"outCard","_parent":{"__id__":9},"_components":[{"__type__":"cc.StudioWidget","node":{"__id__":13},"_alignFlags":12,"_left":0.49960000000000004,"_bottom":0.7694,"_isAbsLeft":false,"_isAbsBottom":false}],"_prefab":{"__type__":"cc.PrefabInfo","root":{"__id__":1},"asset":{"__uuid__":"64674+M4NHMJX+n0pVaPzn"},"fileId":"e106g7udVP8JlIYEOzwlmO"},"_contentSize":{"__type__":"cc.Size","width":1,"height":1},"_trs":{"__type__":"TypedArray","ctor":"Float64Array","array":[-0.011999999999943611,216.01999999999998,0,0,0,0,1,1,1,1]}},{"__type__":"cc.Node","_name":"fa","_parent":{"__id__":9},"_active":false,"_components":[{"__type__":"cc.StudioWidget","node":{"__id__":14},"_alignFlags":12,"_left":0.3547,"_bottom":0.8269000000000001,"_isAbsLeft":false,"_isAbsBottom":false}],"_prefab":{"__type__":"cc.PrefabInfo","root":{"__id__":1},"asset":{"__uuid__":"64674+M4NHMJX+n0pVaPzn"},"fileId":"ceWJzUM2ZGqJ2r28jJcSSW"},"_opacity":0,"_contentSize":{"__type__":"cc.Size","width":116,"height":165},"_trs":{"__type__":"TypedArray","ctor":"Float64Array","array":[-156.984,302.77,0,0,0,0,1,0.5,0.5,0.5]}},{"__type__":"4b315aUE7VOFp72Cu+ENhhi","node":{"__id__":9},"cardSpritePrefab":{"__uuid__":"9d2kuIlJRA8Lly+0hZMIw/"},"cardSmallPrefab":{"__uuid__":"43W3unTPNFMZJ9KEC9/oCg"},"clientSeatId":3},{"__type__":"cc.Node","_name":"CardGroupManager2","_parent":{"__id__":1},"_children":[{"__id__":17},{"__id__":18},{"__id__":19},{"__id__":20},{"__id__":21}],"_components":[{"__id__":22},{"__type__":"cc.Widget","node":{"__id__":16},"_alignFlags":45,"_originalWidth":1280,"_originalHeight":800}],"_prefab":{"__type__":"cc.PrefabInfo","root":{"__id__":1},"asset":{"__uuid__":"64674+M4NHMJX+n0pVaPzn"},"fileId":"c28NAfsjhKdK4kEVDh0+Ny"},"_contentSize":{"__type__":"cc.Size","width":1280,"height":800},"_trs":{"__type__":"TypedArray","ctor":"Float64Array","array":[0,0,0,0,0,0,1,1,1,1]}},{"__type__":"cc.Node","_name":"hanldeCard","_parent":{"__id__":16},"_components":[{"__type__":"cc.StudioWidget","node":{"__id__":17},"_alignFlags":12,"_left":0.6056,"_bottom":0.55,"_isAbsLeft":false,"_isAbsBottom":false}],"_prefab":{"__type__":"cc.PrefabInfo","root":{"__id__":1},"asset":{"__uuid__":"64674+M4NHMJX+n0pVaPzn"},"fileId":"b2BDdnlzhHgJrDyb0YhN7E"},"_contentSize":{"__type__":"cc.Size","width":364,"height":144},"_anchorPoint":{"__type__":"cc.Vec2","x":1,"y":0.5},"_trs":{"__type__":"TypedArray","ctor":"Float64Array","array":[499.168,112.00000000000006,0,0,0,0,1,1,1,1]}},{"__type__":"cc.Node","_name":"playhanlde","_parent":{"__id__":16},"_components":[{"__type__":"cc.StudioWidget","node":{"__id__":18},"_alignFlags":12,"_left":0.4312,"_bottom":0.75,"_isAbsLeft":false,"_isAbsBottom":false}],"_prefab":{"__type__":"cc.PrefabInfo","root":{"__id__":1},"asset":{"__uuid__":"64674+M4NHMJX+n0pVaPzn"},"fileId":"99zucytC5IWrHmQGieQfQM"},"_contentSize":{"__type__":"cc.Size","width":728,"height":72},"_anchorPoint":{"__type__":"cc.Vec2","x":1},"_trs":{"__type__":"TypedArray","ctor":"Float64Array","array":[639.936,200,0,0,0,0,1,1,1,1]}},{"__type__":"cc.Node","_name":"xicard","_parent":{"__id__":16},"_components":[{"__type__":"cc.StudioWidget","node":{"__id__":19},"_alignFlags":12,"_left":0.33120000000000005,"_bottom":0.62,"_isAbsLeft":false,"_isAbsBottom":false}],"_prefab":{"__type__":"cc.PrefabInfo","root":{"__id__":1},"asset":{"__uuid__":"64674+M4NHMJX+n0pVaPzn"},"fileId":"45pK2RmFhA2Yhf0WVw8KPv"},"_contentSize":{"__type__":"cc.Size","width":728,"height":72},"_anchorPoint":{"__type__":"cc.Vec2","x":1},"_trs":{"__type__":"TypedArray","ctor":"Float64Array","array":[511.93600000000004,96,0,0,0,0,1,1,1,1]}},{"__type__":"cc.Node","_name":"outCard","_parent":{"__id__":16},"_components":[{"__type__":"cc.StudioWidget","node":{"__id__":20},"_alignFlags":12,"_left":0.7992,"_bottom":0.5894,"_isAbsLeft":false,"_isAbsBottom":false}],"_prefab":{"__type__":"cc.PrefabInfo","root":{"__id__":1},"asset":{"__uuid__":"64674+M4NHMJX+n0pVaPzn"},"fileId":"5ajXNnh4RAr7iD7/skTI5F"},"_contentSize":{"__type__":"cc.Size","width":1,"height":1},"_anchorPoint":{"__type__":"cc.Vec2","x":1,"y":0.5},"_trs":{"__type__":"TypedArray","ctor":"Float64Array","array":[383.976,72.02000000000004,0,0,0,0,1,1,1,1]}},{"__type__":"cc.Node","_name":"fa","_parent":{"__id__":16},"_active":false,"_components":[{"__type__":"cc.StudioWidget","node":{"__id__":21},"_alignFlags":12,"_left":0.9055,"_bottom":0.5769000000000001,"_isAbsLeft":false,"_isAbsBottom":false}],"_prefab":{"__type__":"cc.PrefabInfo","root":{"__id__":1},"asset":{"__uuid__":"64674+M4NHMJX+n0pVaPzn"},"fileId":"2eoTnmhg9ORrX/oSTrcIvo"},"_opacity":0,"_contentSize":{"__type__":"cc.Size","width":116,"height":165},"_trs":{"__type__":"TypedArray","ctor":"Float64Array","array":[548.04,102.77,0,0,0,0,1,0.5,0.5,0.5]}},{"__type__":"4b315aUE7VOFp72Cu+ENhhi","node":{"__id__":16},"cardSpritePrefab":{"__uuid__":"9d2kuIlJRA8Lly+0hZMIw/"},"cardSmallPrefab":{"__uuid__":"43W3unTPNFMZJ9KEC9/oCg"},"clientSeatId":2},{"__type__":"cc.Node","_name":"CardGroupManager1","_parent":{"__id__":1},"_children":[{"__id__":24},{"__id__":25}],"_components":[{"__id__":26},{"__type__":"cc.Widget","node":{"__id__":23},"_alignFlags":45,"_originalWidth":1280,"_originalHeight":800}],"_prefab":{"__type__":"cc.PrefabInfo","root":{"__id__":1},"asset":{"__uuid__":"64674+M4NHMJX+n0pVaPzn"},"fileId":"95TGAmcbBJ2ph87MpztkD0"},"_contentSize":{"__type__":"cc.Size","width":1280,"height":800},"_trs":{"__type__":"TypedArray","ctor":"Float64Array","array":[0,0,0,0,0,0,1,1,1,1]}},{"__type__":"cc.Node","_name":"hanlde","_parent":{"__id__":23},"_components":[{"__type__":"cc.StudioWidget","node":{"__id__":24},"_alignFlags":4,"_left":0.4996,"_bottom":0.22375,"_isAbsLeft":false,"_isAbsBottom":false}],"_prefab":{"__type__":"cc.PrefabInfo","root":{"__id__":1},"asset":{"__uuid__":"64674+M4NHMJX+n0pVaPzn"},"fileId":"9eYL1oSmlFH4xFEp6oPENW"},"_contentSize":{"__type__":"cc.Size","width":1,"height":1},"_anchorPoint":{"__type__":"cc.Vec2","x":0.5},"_trs":{"__type__":"TypedArray","ctor":"Float64Array","array":[0,-221,0,0,0,0,1,1,1,1]}},{"__type__":"cc.Node","_name":"outCard","_parent":{"__id__":23},"_components":[{"__type__":"cc.StudioWidget","node":{"__id__":25},"_alignFlags":4,"_left":0.49960000000000004,"_bottom":0.4194,"_isAbsLeft":false,"_isAbsBottom":false}],"_prefab":{"__type__":"cc.PrefabInfo","root":{"__id__":1},"asset":{"__uuid__":"64674+M4NHMJX+n0pVaPzn"},"fileId":"758nMYB+tDjamHM+/F3gT6"},"_contentSize":{"__type__":"cc.Size","width":1,"height":1},"_trs":{"__type__":"TypedArray","ctor":"Float64Array","array":[0,-63.98000000000002,0,0,0,0,1,1,1,1]}},{"__type__":"4b315aUE7VOFp72Cu+ENhhi","node":{"__id__":23},"cardSpritePrefab":{"__uuid__":"9d2kuIlJRA8Lly+0hZMIw/"},"clientSeatId":1},{"__type__":"cc.Node","_name":"Image_clone","_parent":{"__id__":1},"_components":[{"__type__":"cc.Sprite","_name":"Image_clone<Sprite>","node":{"__id__":27},"_materials":[{"__uuid__":"ecpdLyjvZBwrvm+cedCcQy"}],"_spriteFrame":{"__uuid__":"9dZqOJTBNBlaNJ1hPuZHf8"}}],"_prefab":{"__type__":"cc.PrefabInfo","root":{"__id__":1},"asset":{"__uuid__":"64674+M4NHMJX+n0pVaPzn"},"fileId":"35wqBDa3tDE6siE3AAd5wh"},"_contentSize":{"__type__":"cc.Size","width":157,"height":218},"_trs":{"__type__":"TypedArray","ctor":"Float64Array","array":[-22.300000000000068,-605.9200000000001,0,0,0,0,1,1,1,1]}},{"__type__":"cc.Node","_name":"SmallCard","_parent":{"__id__":1},"_children":[{"__id__":29},{"__id__":30},{"__id__":31}],"_components":[{"__type__":"6f48bOTDitATIIEYlM+1Eli","node":{"__id__":28},"Panel_content":{"__id__":29},"m_smallCardClone":{"__id__":31}}],"_prefab":{"__type__":"cc.PrefabInfo","root":{"__id__":1},"asset":{"__uuid__":"64674+M4NHMJX+n0pVaPzn"},"fileId":"b4zNdqwHBOOZoW6XSrxcWf"},"_contentSize":{"__type__":"cc.Size","width":729,"height":86},"_anchorPoint":{"__type__":"cc.Vec2"},"_trs":{"__type__":"TypedArray","ctor":"Float64Array","array":[-419.5,-527,0,0,0,0,1,1,1,1]}},{"__type__":"cc.Node","_name":"content","_parent":{"__id__":28},"_components":[{"__type__":"cc.BlockInputEvents","node":{"__id__":29}}],"_prefab":{"__type__":"cc.PrefabInfo","root":{"__id__":1},"asset":{"__uuid__":"64674+M4NHMJX+n0pVaPzn"},"fileId":"e7QP8DB+pG64yZTjEEsEvv"},"_contentSize":{"__type__":"cc.Size","width":729,"height":86},"_anchorPoint":{"__type__":"cc.Vec2"},"_trs":{"__type__":"TypedArray","ctor":"Float64Array","array":[0,0,0,0,0,0,1,1,1,1]}},{"__type__":"cc.Node","_name":"Image_cellbg","_parent":{"__id__":28},"_active":false,"_components":[{"__type__":"cc.Sprite","_name":"Image_cellbg<Sprite>","node":{"__id__":30},"_materials":[{"__uuid__":"ecpdLyjvZBwrvm+cedCcQy"}],"_spriteFrame":{"__uuid__":"37kKpui7VHQ4zfF3QihhOe"},"_type":1,"_sizeMode":0,"_isTrimmedMode":false}],"_prefab":{"__type__":"cc.PrefabInfo","root":{"__id__":1},"asset":{"__uuid__":"64674+M4NHMJX+n0pVaPzn"},"fileId":"feqieHLLBLJ7AORBkw4gYO"},"_contentSize":{"__type__":"cc.Size","width":729,"height":86},"_anchorPoint":{"__type__":"cc.Vec2"},"_trs":{"__type__":"TypedArray","ctor":"Float64Array","array":[0,0,0,0,0,0,1,1,1,1]}},{"__type__":"cc.Node","_name":"item","_parent":{"__id__":28},"_components":[{"__type__":"cc.Sprite","_name":"Image_item<Sprite>","node":{"__id__":31},"_materials":[{"__uuid__":"ecpdLyjvZBwrvm+cedCcQy"}],"_spriteFrame":{"__uuid__":"ffdkcNAmZAn4qGwLWTeC7j"}}],"_prefab":{"__type__":"cc.PrefabInfo","root":{"__id__":31},"asset":{"__uuid__":"43W3unTPNFMZJ9KEC9/oCg"},"fileId":"b8v/U/rhREPrWkx1rA+pmB"},"_contentSize":{"__type__":"cc.Size","width":32,"height":72},"_anchorPoint":{"__type__":"cc.Vec2","y":0.5},"_trs":{"__type__":"TypedArray","ctor":"Float64Array","array":[10,41,0,0,0,0,1,1,1,1]}},{"__type__":"cc.Node","_name":"Panel_effect","_parent":{"__id__":1},"_components":[{"__type__":"cc.StudioWidget","node":{"__id__":32},"_alignFlags":45,"_left":5.551115123125783e-17,"_right":-1.1102230246251565e-16,"_isAbsLeft":false,"_isAbsRight":false,"_originalWidth":1280,"_originalHeight":800}],"_prefab":{"__type__":"cc.PrefabInfo","root":{"__id__":1},"asset":{"__uuid__":"64674+M4NHMJX+n0pVaPzn"},"fileId":"54LhGB+2pGGIzdNdNVhPMH"},"_contentSize":{"__type__":"cc.Size","width":1280,"height":800},"_trs":{"__type__":"TypedArray","ctor":"Float64Array","array":[1.1368683772161603e-13,0,0,0,0,0,1,1,1,1]}},{"__type__":"cc.Node","_name":"draw","_parent":{"__id__":1},"_components":[{"__type__":"cc.Widget","node":{"__id__":33},"_alignFlags":45},{"__id__":34},{"__id__":35}],"_prefab":{"__type__":"cc.PrefabInfo","root":{"__id__":1},"asset":{"__uuid__":"64674+M4NHMJX+n0pVaPzn"},"fileId":"25d8t60/hGRI8Ly5QULzxa"},"_contentSize":{"__type__":"cc.Size","width":1280,"height":800},"_trs":{"__type__":"TypedArray","ctor":"Float64Array","array":[0,0,0,0,0,0,1,1,1,1]}},{"__type__":"cc.Graphics","node":{"__id__":33},"_materials":[{"__uuid__":"6fgBCSDDdPMInvyNlggls2"}]},{"__type__":"3fcdf8DkgRALavItAwEr11H","node":{"__id__":33},"graphics":{"__id__":34}}]