[{"__type__":"cc.Prefab","_name":"ActionLayer","data":{"__id__":1}},{"__type__":"cc.Node","_name":"ActionLayer","_children":[{"__id__":2},{"__id__":3},{"__id__":4},{"__id__":5},{"__id__":6},{"__id__":7},{"__id__":8},{"__id__":9},{"__id__":10},{"__id__":11},{"__id__":12},{"__id__":13},{"__id__":14},{"__id__":16},{"__id__":40},{"__id__":41}],"_components":[{"__type__":"cc.Widget","node":{"__id__":1},"_alignFlags":45,"_originalWidth":1280,"_originalHeight":800},{"__type__":"4771dJVYzxMsKJgn/biKjYm","node":{"__id__":1},"bao_li_zi_red":{"__uuid__":"e0xW+dHYJBmLYSiZ8DwxH7"}}],"_prefab":{"__type__":"cc.PrefabInfo","root":{"__id__":1},"asset":{"__uuid__":"92YiwXz3xMNbhjUYzLklkw"},"fileId":"bfyYIJob1MY7x+JEJg3w/2"},"_contentSize":{"__type__":"cc.Size","width":1280,"height":800},"_trs":{"__type__":"TypedArray","ctor":"Float64Array","array":[0,0,0,0,0,0,1,1,1,1]}},{"__type__":"cc.Node","_name":"Image_3","_parent":{"__id__":1},"_active":false,"_components":[{"__type__":"cc.StudioWidget","node":{"__id__":2},"_alignFlags":12,"_left":0.4617,"_bottom":0.7262500000000001,"_isAbsLeft":false,"_isAbsBottom":false},{"__type__":"cc.Sprite","_name":"Image_3<Sprite>","node":{"__id__":2},"_materials":[{"__uuid__":"ecpdLyjvZBwrvm+cedCcQy"}],"_spriteFrame":{"__uuid__":"d1xulK1FdPHLpPfeJV4Peo"},"_sizeMode":0,"_isTrimmedMode":false}],"_contentSize":{"__type__":"cc.Size","width":98,"height":54},"_trs":{"__type__":"TypedArray","ctor":"Float64Array","array":[-0.02400000000000091,208,0,0,0,0,1,1,1,1]}},{"__type__":"cc.Node","_name":"Image_2","_parent":{"__id__":1},"_active":false,"_components":[{"__type__":"cc.StudioWidget","node":{"__id__":3},"_alignFlags":12,"_left":0.7417,"_bottom":0.5862499999999999,"_isAbsLeft":false,"_isAbsBottom":false},{"__type__":"cc.Sprite","_name":"Image_2<Sprite>","node":{"__id__":3},"_materials":[{"__uuid__":"ecpdLyjvZBwrvm+cedCcQy"}],"_spriteFrame":{"__uuid__":"d1xulK1FdPHLpPfeJV4Peo"},"_sizeMode":0,"_isTrimmedMode":false}],"_contentSize":{"__type__":"cc.Size","width":98,"height":54},"_trs":{"__type__":"TypedArray","ctor":"Float64Array","array":[358.376,95.99999999999994,0,0,0,0,1,1,1,1]}},{"__type__":"cc.Node","_name":"Image_1","_parent":{"__id__":1},"_active":false,"_components":[{"__type__":"cc.StudioWidget","node":{"__id__":4},"_alignFlags":12,"_left":0.4617,"_bottom":0.40625,"_isAbsLeft":false,"_isAbsBottom":false},{"__type__":"cc.Sprite","_name":"Image_1<Sprite>","node":{"__id__":4},"_materials":[{"__uuid__":"ecpdLyjvZBwrvm+cedCcQy"}],"_spriteFrame":{"__uuid__":"d1xulK1FdPHLpPfeJV4Peo"},"_sizeMode":0,"_isTrimmedMode":false}],"_contentSize":{"__type__":"cc.Size","width":98,"height":54},"_trs":{"__type__":"TypedArray","ctor":"Float64Array","array":[-0.02400000000000091,-48,0,0,0,0,1,1,1,1]}},{"__type__":"cc.Node","_name":"Image_4","_parent":{"__id__":1},"_active":false,"_components":[{"__type__":"cc.StudioWidget","node":{"__id__":5},"_alignFlags":12,"_left":0.1817,"_bottom":0.5862499999999999,"_isAbsLeft":false,"_isAbsBottom":false},{"__type__":"cc.Sprite","_name":"Image_4<Sprite>","node":{"__id__":5},"_materials":[{"__uuid__":"ecpdLyjvZBwrvm+cedCcQy"}],"_spriteFrame":{"__uuid__":"d1xulK1FdPHLpPfeJV4Peo"},"_sizeMode":0,"_isTrimmedMode":false}],"_contentSize":{"__type__":"cc.Size","width":98,"height":54},"_trs":{"__type__":"TypedArray","ctor":"Float64Array","array":[-358.424,95.99999999999994,0,0,0,0,1,1,1,1]}},{"__type__":"cc.Node","_name":"Panel_ted3","_parent":{"__id__":1},"_active":false,"_components":[{"__type__":"cc.StudioWidget","node":{"__id__":6},"_alignFlags":12,"_left":0.6427,"_bottom":0.9175,"_isAbsLeft":false,"_isAbsBottom":false}],"_contentSize":{"__type__":"cc.Size","width":1,"height":1},"_trs":{"__type__":"TypedArray","ctor":"Float64Array","array":[183.15600000000006,334.5,0,0,0,0,1,1,1,1]}},{"__type__":"cc.Node","_name":"Panel_ted2","_parent":{"__id__":1},"_active":false,"_components":[{"__type__":"cc.StudioWidget","node":{"__id__":7},"_alignFlags":12,"_left":0.8634999999999999,"_bottom":0.6022,"_isAbsLeft":false,"_isAbsBottom":false}],"_contentSize":{"__type__":"cc.Size","width":1,"height":1},"_anchorPoint":{"__type__":"cc.Vec2","x":1,"y":0.5},"_trs":{"__type__":"TypedArray","ctor":"Float64Array","array":[466.28,82.25999999999999,0,0,0,0,1,1,1,1]}},{"__type__":"cc.Node","_name":"Panel_ted4","_parent":{"__id__":1},"_active":false,"_components":[{"__type__":"cc.StudioWidget","node":{"__id__":8},"_alignFlags":12,"_left":0.1368,"_bottom":0.6012,"_isAbsLeft":false,"_isAbsBottom":false}],"_contentSize":{"__type__":"cc.Size","width":1,"height":1},"_anchorPoint":{"__type__":"cc.Vec2","y":0.5},"_trs":{"__type__":"TypedArray","ctor":"Float64Array","array":[-464.89599999999996,81.45999999999998,0,0,0,0,1,1,1,1]}},{"__type__":"cc.Node","_name":"Panel_ted1","_parent":{"__id__":1},"_active":false,"_components":[{"__type__":"cc.StudioWidget","node":{"__id__":9},"_alignFlags":12,"_left":0.4996,"_bottom":0.3494,"_isAbsLeft":false,"_isAbsBottom":false}],"_contentSize":{"__type__":"cc.Size","width":1,"height":1},"_trs":{"__type__":"TypedArray","ctor":"Float64Array","array":[-0.012000000000057298,-119.98000000000002,0,0,0,0,1,1,1,1]}},{"__type__":"cc.Node","_name":"Image_baodan1","_parent":{"__id__":1},"_active":false,"_components":[{"__type__":"cc.StudioWidget","node":{"__id__":10},"_alignFlags":12,"_left":0.11630000000000001,"_bottom":0.3267,"_isAbsLeft":false,"_isAbsBottom":false},{"__type__":"cc.Sprite","_name":"Image_baodan1<Sprite>","node":{"__id__":10},"_materials":[{"__uuid__":"ecpdLyjvZBwrvm+cedCcQy"}],"_spriteFrame":{"__uuid__":"5fWZ17Rk5Bm4KaarOoz1Ex"},"_sizeMode":0,"_isTrimmedMode":false}],"_contentSize":{"__type__":"cc.Size","width":115,"height":40},"_trs":{"__type__":"TypedArray","ctor":"Float64Array","array":[-433.63599999999997,-118.63999999999999,0,0,0,0,1,1,1,1]}},{"__type__":"cc.Node","_name":"Image_baodan2","_parent":{"__id__":1},"_active":false,"_components":[{"__type__":"cc.StudioWidget","node":{"__id__":11},"_alignFlags":12,"_left":0.7750999999999999,"_bottom":0.695,"_isAbsLeft":false,"_isAbsBottom":false},{"__type__":"cc.Sprite","_name":"Image_baodan2<Sprite>","node":{"__id__":11},"_materials":[{"__uuid__":"ecpdLyjvZBwrvm+cedCcQy"}],"_spriteFrame":{"__uuid__":"5fWZ17Rk5Bm4KaarOoz1Ex"},"_sizeMode":0,"_isTrimmedMode":false}],"_contentSize":{"__type__":"cc.Size","width":115,"height":40},"_trs":{"__type__":"TypedArray","ctor":"Float64Array","array":[409.62799999999993,176,0,0,0,0,1,1,1,1]}},{"__type__":"cc.Node","_name":"Image_baodan3","_parent":{"__id__":1},"_active":false,"_components":[{"__type__":"cc.StudioWidget","node":{"__id__":12},"_alignFlags":12,"_left":0.374,"_bottom":0.9125,"_isAbsLeft":false,"_isAbsBottom":false},{"__type__":"cc.Sprite","_name":"Image_baodan3<Sprite>","node":{"__id__":12},"_materials":[{"__uuid__":"ecpdLyjvZBwrvm+cedCcQy"}],"_spriteFrame":{"__uuid__":"5fWZ17Rk5Bm4KaarOoz1Ex"},"_sizeMode":0,"_isTrimmedMode":false}],"_contentSize":{"__type__":"cc.Size","width":115,"height":40},"_trs":{"__type__":"TypedArray","ctor":"Float64Array","array":[-103.77999999999997,350,0,0,0,0,1,1,1,1]}},{"__type__":"cc.Node","_name":"Image_baodan4","_parent":{"__id__":1},"_active":false,"_components":[{"__type__":"cc.StudioWidget","node":{"__id__":13},"_alignFlags":12,"_left":0.1351,"_bottom":0.695,"_isAbsLeft":false,"_isAbsBottom":false},{"__type__":"cc.Sprite","_name":"Image_baodan4<Sprite>","node":{"__id__":13},"_materials":[{"__uuid__":"ecpdLyjvZBwrvm+cedCcQy"}],"_spriteFrame":{"__uuid__":"5fWZ17Rk5Bm4KaarOoz1Ex"},"_sizeMode":0,"_isTrimmedMode":false}],"_contentSize":{"__type__":"cc.Size","width":115,"height":40},"_trs":{"__type__":"TypedArray","ctor":"Float64Array","array":[-409.572,176,0,0,0,0,1,1,1,1]}},{"__type__":"cc.Node","_name":"Panel_heidi","_parent":{"__id__":1},"_children":[{"__id__":15}],"_active":false,"_components":[{"__type__":"cc.StudioWidget","node":{"__id__":14},"_alignFlags":45,"_isAbsLeft":false,"_isAbsRight":false,"_isAbsBottom":false,"_originalWidth":1280,"_originalHeight":800},{"__type__":"cc.BlockInputEvents","node":{"__id__":14}}],"_contentSize":{"__type__":"cc.Size","width":1280,"height":800},"_trs":{"__type__":"TypedArray","ctor":"Float64Array","array":[0,0,0,0,0,0,1,1,1,1]}},{"__type__":"cc.Node","_name":"background","_parent":{"__id__":14},"_components":[{"__type__":"cc.Sprite","_name":"background<Sprite>","node":{"__id__":15},"_materials":[{"__uuid__":"ecpdLyjvZBwrvm+cedCcQy"}],"_spriteFrame":{"__uuid__":"a2MjXRFdtLlYQ5ouAFv/+R"},"_sizeMode":0,"_isTrimmedMode":false},{"__type__":"cc.StudioWidget","node":{"__id__":15},"_alignFlags":45,"_originalWidth":1280,"_originalHeight":800}],"_opacity":77,"_color":{"__type__":"cc.Color"},"_contentSize":{"__type__":"cc.Size","width":1280,"height":800},"_trs":{"__type__":"TypedArray","ctor":"Float64Array","array":[0,0,0,0,0,0,1,1,1,1]}},{"__type__":"cc.Node","_name":"Panel_effect","_parent":{"__id__":1},"_children":[{"__id__":17},{"__id__":18},{"__id__":19},{"__id__":20},{"__id__":21},{"__id__":23},{"__id__":25},{"__id__":27},{"__id__":29},{"__id__":30},{"__id__":31},{"__id__":32},{"__id__":33},{"__id__":34},{"__id__":35},{"__id__":36},{"__id__":37},{"__id__":38},{"__id__":39}],"_components":[{"__type__":"cc.StudioWidget","node":{"__id__":16},"_alignFlags":45,"_isAbsLeft":false,"_isAbsRight":false,"_originalWidth":1280,"_originalHeight":800}],"_contentSize":{"__type__":"cc.Size","width":1280,"height":800},"_trs":{"__type__":"TypedArray","ctor":"Float64Array","array":[0,0,0,0,0,0,1,1,1,1]}},{"__type__":"cc.Node","_name":"effect_bom1","_parent":{"__id__":16},"_components":[{"__type__":"cc.StudioWidget","node":{"__id__":17},"_alignFlags":12,"_left":0.5,"_bottom":0.45,"_isAbsLeft":false,"_isAbsBottom":false}],"_anchorPoint":{"__type__":"cc.Vec2"},"_trs":{"__type__":"TypedArray","ctor":"Float64Array","array":[0,-40,0,0,0,0,1,1,1,1]}},{"__type__":"cc.Node","_name":"effect_bom2","_parent":{"__id__":16},"_components":[{"__type__":"cc.StudioWidget","node":{"__id__":18},"_alignFlags":12,"_left":0.75,"_bottom":0.59,"_isAbsLeft":false,"_isAbsBottom":false}],"_anchorPoint":{"__type__":"cc.Vec2"},"_trs":{"__type__":"TypedArray","ctor":"Float64Array","array":[320,72,0,0,0,0,1,1,1,1]}},{"__type__":"cc.Node","_name":"effect_bom3","_parent":{"__id__":16},"_components":[{"__type__":"cc.StudioWidget","node":{"__id__":19},"_alignFlags":12,"_left":0.5,"_bottom":0.75,"_isAbsLeft":false,"_isAbsBottom":false}],"_anchorPoint":{"__type__":"cc.Vec2"},"_trs":{"__type__":"TypedArray","ctor":"Float64Array","array":[0,200,0,0,0,0,1,1,1,1]}},{"__type__":"cc.Node","_name":"effect_bom4","_parent":{"__id__":16},"_components":[{"__type__":"cc.StudioWidget","node":{"__id__":20},"_alignFlags":12,"_left":0.25,"_bottom":0.59,"_isAbsLeft":false,"_isAbsBottom":false}],"_anchorPoint":{"__type__":"cc.Vec2"},"_trs":{"__type__":"TypedArray","ctor":"Float64Array","array":[-320,72,0,0,0,0,1,1,1,1]}},{"__type__":"cc.Node","_name":"effect_jingbao1","_parent":{"__id__":16},"_children":[{"__id__":22}],"_components":[{"__type__":"cc.StudioWidget","node":{"__id__":21},"_alignFlags":12,"_left":0.0453,"_bottom":0.065,"_isAbsLeft":false,"_isAbsBottom":false}],"_anchorPoint":{"__type__":"cc.Vec2"},"_trs":{"__type__":"TypedArray","ctor":"Float64Array","array":[-582.016,-348,0,0,0,0,1,0.8,0.8,1]}},{"__type__":"cc.Node","_name":"naozhongjingbao","_parent":{"__id__":21},"_components":[{"__type__":"sp.Skeleton","node":{"__id__":22},"_materials":[{"__uuid__":"7a/QZLET9IDreTiBfRn2PD"}],"defaultSkin":"default","defaultAnimation":"jingbao","_preCacheMode":0,"premultipliedAlpha":false,"_animationName":"jingbao","_N$skeletonData":{"__uuid__":"d3Db+Px9RHHaEtN0MzyUD9"}}],"_contentSize":{"__type__":"cc.Size","width":103,"height":105},"_trs":{"__type__":"TypedArray","ctor":"Float64Array","array":[0,0,0,0,0,0,1,1,1,1]}},{"__type__":"cc.Node","_name":"effect_jingbao2","_parent":{"__id__":16},"_children":[{"__id__":24}],"_components":[{"__type__":"cc.StudioWidget","node":{"__id__":23},"_alignFlags":12,"_left":0.9491,"_bottom":0.68,"_isAbsLeft":false,"_isAbsBottom":false}],"_anchorPoint":{"__type__":"cc.Vec2"},"_trs":{"__type__":"TypedArray","ctor":"Float64Array","array":[574.848,144,0,0,0,0,1,0.8,0.7131,1]}},{"__type__":"cc.Node","_name":"naozhongjingbao","_parent":{"__id__":23},"_components":[{"__type__":"sp.Skeleton","node":{"__id__":24},"_materials":[{"__uuid__":"7a/QZLET9IDreTiBfRn2PD"}],"defaultSkin":"default","defaultAnimation":"jingbao","_preCacheMode":0,"premultipliedAlpha":false,"_animationName":"jingbao","_N$skeletonData":{"__uuid__":"d3Db+Px9RHHaEtN0MzyUD9"}}],"_contentSize":{"__type__":"cc.Size","width":103,"height":105},"_trs":{"__type__":"TypedArray","ctor":"Float64Array","array":[0,0,0,0,0,0,1,1,1,1]}},{"__type__":"cc.Node","_name":"effect_jingbao3","_parent":{"__id__":16},"_children":[{"__id__":26}],"_components":[{"__type__":"cc.StudioWidget","node":{"__id__":25},"_alignFlags":12,"_left":0.4,"_bottom":0.93,"_isAbsLeft":false,"_isAbsBottom":false}],"_anchorPoint":{"__type__":"cc.Vec2"},"_trs":{"__type__":"TypedArray","ctor":"Float64Array","array":[-128,344,0,0,0,0,1,0.8,0.8,1]}},{"__type__":"cc.Node","_name":"naozhongjingbao","_parent":{"__id__":25},"_components":[{"__type__":"sp.Skeleton","node":{"__id__":26},"_materials":[{"__uuid__":"7a/QZLET9IDreTiBfRn2PD"}],"defaultSkin":"default","defaultAnimation":"jingbao","_preCacheMode":0,"premultipliedAlpha":false,"_animationName":"jingbao","_N$skeletonData":{"__uuid__":"d3Db+Px9RHHaEtN0MzyUD9"}}],"_contentSize":{"__type__":"cc.Size","width":103,"height":105},"_trs":{"__type__":"TypedArray","ctor":"Float64Array","array":[0,0,0,0,0,0,1,1,1,1]}},{"__type__":"cc.Node","_name":"effect_jingbao4","_parent":{"__id__":16},"_children":[{"__id__":28}],"_components":[{"__type__":"cc.StudioWidget","node":{"__id__":27},"_alignFlags":12,"_left":0.0459,"_bottom":0.68,"_isAbsLeft":false,"_isAbsBottom":false}],"_anchorPoint":{"__type__":"cc.Vec2"},"_trs":{"__type__":"TypedArray","ctor":"Float64Array","array":[-581.248,144,0,0,0,0,1,0.8,0.8,1]}},{"__type__":"cc.Node","_name":"naozhongjingbao","_parent":{"__id__":27},"_components":[{"__type__":"sp.Skeleton","node":{"__id__":28},"_materials":[{"__uuid__":"7a/QZLET9IDreTiBfRn2PD"}],"defaultSkin":"default","defaultAnimation":"jingbao","_preCacheMode":0,"premultipliedAlpha":false,"_animationName":"jingbao","_N$skeletonData":{"__uuid__":"d3Db+Px9RHHaEtN0MzyUD9"}}],"_contentSize":{"__type__":"cc.Size","width":103,"height":105},"_trs":{"__type__":"TypedArray","ctor":"Float64Array","array":[0,0,0,0,0,0,1,1,1,1]}},{"__type__":"cc.Node","_name":"Image_jiaopai","_parent":{"__id__":16},"_active":false,"_components":[{"__type__":"cc.Sprite","_name":"Image_jiaopai<Sprite>","node":{"__id__":29},"_materials":[{"__uuid__":"ecpdLyjvZBwrvm+cedCcQy"}],"_spriteFrame":{"__uuid__":"bcqJYB0/VDbbOXVYJ103jL"},"_sizeMode":0,"_isTrimmedMode":false}],"_contentSize":{"__type__":"cc.Size","width":116,"height":165},"_anchorPoint":{"__type__":"cc.Vec2","x":0.5},"_trs":{"__type__":"TypedArray","ctor":"Float64Array","array":[0,-42,0,0,0,0,1,1,1,1]}},{"__type__":"cc.Node","_name":"effect_mingji1","_parent":{"__id__":16},"_components":[{"__type__":"cc.StudioWidget","node":{"__id__":30},"_alignFlags":12,"_left":0.5,"_bottom":0.45,"_isAbsLeft":false,"_isAbsBottom":false}],"_anchorPoint":{"__type__":"cc.Vec2"},"_trs":{"__type__":"TypedArray","ctor":"Float64Array","array":[0,-40,0,0,0,0,1,1,1,1]}},{"__type__":"cc.Node","_name":"effect_mingji2","_parent":{"__id__":16},"_components":[{"__type__":"cc.StudioWidget","node":{"__id__":31},"_alignFlags":12,"_left":0.75,"_bottom":0.59,"_isAbsLeft":false,"_isAbsBottom":false}],"_anchorPoint":{"__type__":"cc.Vec2"},"_trs":{"__type__":"TypedArray","ctor":"Float64Array","array":[320,72,0,0,0,0,1,1,1,1]}},{"__type__":"cc.Node","_name":"effect_mingji3","_parent":{"__id__":16},"_components":[{"__type__":"cc.StudioWidget","node":{"__id__":32},"_alignFlags":12,"_left":0.5,"_bottom":0.72,"_isAbsLeft":false,"_isAbsBottom":false}],"_anchorPoint":{"__type__":"cc.Vec2"},"_trs":{"__type__":"TypedArray","ctor":"Float64Array","array":[0,176,0,0,0,0,1,1,1,1]}},{"__type__":"cc.Node","_name":"effect_mingji4","_parent":{"__id__":16},"_components":[{"__type__":"cc.StudioWidget","node":{"__id__":33},"_alignFlags":12,"_left":0.25,"_bottom":0.59,"_isAbsLeft":false,"_isAbsBottom":false}],"_anchorPoint":{"__type__":"cc.Vec2"},"_trs":{"__type__":"TypedArray","ctor":"Float64Array","array":[-320,72,0,0,0,0,1,1,1,1]}},{"__type__":"cc.Node","_name":"Image_dupai","_parent":{"__id__":16},"_active":false,"_components":[{"__type__":"cc.StudioWidget","node":{"__id__":34},"_alignFlags":12,"_left":0.43945,"_bottom":0.40435,"_isAbsLeft":false,"_isAbsBottom":false},{"__type__":"cc.Sprite","_name":"Image_dupai<Sprite>","node":{"__id__":34},"_materials":[{"__uuid__":"ecpdLyjvZBwrvm+cedCcQy"}],"_spriteFrame":{"__uuid__":"60/LN0RxVL4rUz3mWvQOMO"},"_sizeMode":0,"_isTrimmedMode":false}],"_contentSize":{"__type__":"cc.Size","width":155,"height":265},"_trs":{"__type__":"TypedArray","ctor":"Float64Array","array":[-0.004000000000019099,55.98000000000002,0,0,0,0,1,1,1,1]}},{"__type__":"cc.Node","_name":"Node_mingjiNew","_parent":{"__id__":16},"_components":[{"__type__":"cc.StudioWidget","node":{"__id__":35},"_alignFlags":45}],"_contentSize":{"__type__":"cc.Size","width":1280,"height":800},"_trs":{"__type__":"TypedArray","ctor":"Float64Array","array":[0,0,0,0,0,0,1,1,1,1]}},{"__type__":"cc.Node","_name":"Node_replaceUser1","_parent":{"__id__":16},"_components":[{"__type__":"cc.StudioWidget","node":{"__id__":36},"_alignFlags":12,"_left":0.0453,"_bottom":0.065,"_isAbsLeft":false,"_isAbsBottom":false}],"_anchorPoint":{"__type__":"cc.Vec2"},"_trs":{"__type__":"TypedArray","ctor":"Float64Array","array":[-582.016,-348,0,0,0,0,1,1,1,1]}},{"__type__":"cc.Node","_name":"Node_replaceUser2","_parent":{"__id__":16},"_components":[{"__type__":"cc.StudioWidget","node":{"__id__":37},"_alignFlags":12,"_left":0.9491,"_bottom":0.68,"_isAbsLeft":false,"_isAbsBottom":false}],"_anchorPoint":{"__type__":"cc.Vec2"},"_trs":{"__type__":"TypedArray","ctor":"Float64Array","array":[574.848,144,0,0,0,0,1,1,1,1]}},{"__type__":"cc.Node","_name":"Node_replaceUser3","_parent":{"__id__":16},"_components":[{"__type__":"cc.StudioWidget","node":{"__id__":38},"_alignFlags":12,"_left":0.4,"_bottom":0.93,"_isAbsLeft":false,"_isAbsBottom":false}],"_anchorPoint":{"__type__":"cc.Vec2"},"_trs":{"__type__":"TypedArray","ctor":"Float64Array","array":[-128,344,0,0,0,0,1,1,1,1]}},{"__type__":"cc.Node","_name":"Node_replaceUser4","_parent":{"__id__":16},"_components":[{"__type__":"cc.StudioWidget","node":{"__id__":39},"_alignFlags":12,"_left":0.0459,"_bottom":0.68,"_isAbsLeft":false,"_isAbsBottom":false}],"_anchorPoint":{"__type__":"cc.Vec2"},"_trs":{"__type__":"TypedArray","ctor":"Float64Array","array":[-581.248,144,0,0,0,0,1,1,1,1]}},{"__type__":"cc.Node","_name":"Panel_Particle","_parent":{"__id__":1},"_components":[{"__type__":"cc.StudioWidget","node":{"__id__":40},"_alignFlags":45,"_originalWidth":1280,"_originalHeight":800}],"_contentSize":{"__type__":"cc.Size","width":1280,"height":800},"_trs":{"__type__":"TypedArray","ctor":"Float64Array","array":[0,0,0,0,0,0,1,1,1,1]}},{"__type__":"cc.Node","_name":"readyBtn","_parent":{"__id__":1},"_active":false,"_components":[{"__type__":"cc.Button","node":{"__id__":41},"duration":0.05,"zoomScale":1.1,"clickEvents":[{"__type__":"cc.ClickEvent","target":{"__id__":1},"_componentId":"4771dJVYzxMsKJgn/biKjYm","handler":"onReadyClick","customEventData":"readyBtn"}],"_N$transition":3,"transition":3,"_N$pressedColor":{"__type__":"cc.Color","r":255,"g":255,"b":255},"pressedColor":{"__type__":"cc.Color","r":255,"g":255,"b":255},"_N$disabledColor":{"__type__":"cc.Color","r":255,"g":255,"b":255},"_N$target":{"__id__":41}},{"__type__":"cc.Sprite","_name":"readyBtn<Sprite>","node":{"__id__":41},"_materials":[{"__uuid__":"ecpdLyjvZBwrvm+cedCcQy"}],"_spriteFrame":{"__uuid__":"e4irjrB21FA6YW65G9XetV"},"_isTrimmedMode":false}],"_prefab":{"__type__":"cc.PrefabInfo","root":{"__id__":1},"asset":{"__uuid__":"92YiwXz3xMNbhjUYzLklkw"},"fileId":"0dwoyEa2NElL4t5GuY3yES"},"_contentSize":{"__type__":"cc.Size","width":237,"height":79},"_trs":{"__type__":"TypedArray","ctor":"Float64Array","array":[0,-158.52,0,0,0,0,1,1,1,1]}}]