{"__type__":"cc.LabelAtlas","_name":"Ui_card_number_font","spriteFrame":{"__uuid__":"f4UdFS2/dGjJ+TE0EH0o5X"},"fontSize":21.12,"_fntConfig":{"commonHeight":24,"fontSize":21,"atlasName":"Ui_card_number","fontDefDictionary":{"46":{"rect":{"x":0,"y":0,"width":15,"height":24},"xOffset":0,"yOffset":0,"xAdvance":15},"47":{"rect":{"x":15,"y":0,"width":15,"height":24},"xOffset":0,"yOffset":0,"xAdvance":15},"48":{"rect":{"x":30,"y":0,"width":15,"height":24},"xOffset":0,"yOffset":0,"xAdvance":15},"49":{"rect":{"x":45,"y":0,"width":15,"height":24},"xOffset":0,"yOffset":0,"xAdvance":15},"50":{"rect":{"x":60,"y":0,"width":15,"height":24},"xOffset":0,"yOffset":0,"xAdvance":15},"51":{"rect":{"x":75,"y":0,"width":15,"height":24},"xOffset":0,"yOffset":0,"xAdvance":15},"52":{"rect":{"x":90,"y":0,"width":15,"height":24},"xOffset":0,"yOffset":0,"xAdvance":15},"53":{"rect":{"x":105,"y":0,"width":15,"height":24},"xOffset":0,"yOffset":0,"xAdvance":15},"54":{"rect":{"x":120,"y":0,"width":15,"height":24},"xOffset":0,"yOffset":0,"xAdvance":15},"55":{"rect":{"x":135,"y":0,"width":15,"height":24},"xOffset":0,"yOffset":0,"xAdvance":15},"56":{"rect":{"x":150,"y":0,"width":15,"height":24},"xOffset":0,"yOffset":0,"xAdvance":15},"57":{"rect":{"x":165,"y":0,"width":15,"height":24},"xOffset":0,"yOffset":0,"xAdvance":15}},"kerningDict":{}}}