[{"__type__":"cc.Prefab","_name":"ActionLayer","data":{"__id__":1}},{"__type__":"cc.Node","_name":"ActionLayer","_children":[{"__id__":2},{"__id__":29},{"__id__":48},{"__id__":49},{"__id__":50},{"__id__":51},{"__id__":52},{"__id__":53},{"__id__":54},{"__id__":55},{"__id__":56},{"__id__":70},{"__id__":71},{"__id__":72},{"__id__":73},{"__id__":74},{"__id__":75},{"__id__":76},{"__id__":77},{"__type__":"cc.Node","_name":"Node_start","_parent":{"__id__":1},"_prefab":{"__type__":"cc.PrefabInfo","root":{"__id__":1},"asset":{"__uuid__":"6eM8xW5lpLCY68s9MZp80J"},"fileId":"d2BFVtX6xIU7ew9wxSNeot"},"_trs":{"__type__":"TypedArray","ctor":"Float64Array","array":[0,0,0,0,0,0,1,1,1,1]}},{"__id__":78},{"__id__":79}],"_components":[{"__type__":"cc.Widget","node":{"__id__":1},"_alignFlags":45,"_originalWidth":1280,"_originalHeight":800},{"__type__":"6dac97rCPdB97OZABXmfmMC","node":{"__id__":1}}],"_prefab":{"__type__":"cc.PrefabInfo","root":{"__id__":1},"asset":{"__uuid__":"6eM8xW5lpLCY68s9MZp80J"},"fileId":"51HASmyjJEO5XzpHuAq11i"},"_contentSize":{"__type__":"cc.Size","width":1280,"height":800},"_trs":{"__type__":"TypedArray","ctor":"Float64Array","array":[640,400,0,0,0,0,1,1,1,1]}},{"__type__":"cc.Node","_name":"Panel_1","_parent":{"__id__":1},"_children":[{"__id__":3},{"__id__":4},{"__id__":5},{"__id__":7},{"__id__":9},{"__id__":11},{"__id__":13},{"__id__":15},{"__id__":17},{"__id__":19},{"__id__":20},{"__id__":21},{"__id__":23},{"__id__":25},{"__id__":27}],"_components":[{"__type__":"cc.Widget","node":{"__id__":2},"_alignFlags":32},{"__type__":"cc.Layout","node":{"__id__":2},"_layoutSize":{"__type__":"cc.Size","width":1760,"height":1},"_resize":1,"_N$layoutType":1,"_N$horizontalDirection":1}],"_prefab":{"__type__":"cc.PrefabInfo","root":{"__id__":1},"asset":{"__uuid__":"6eM8xW5lpLCY68s9MZp80J"},"fileId":"e3292loD1GQqhibvhXKSe7"},"_contentSize":{"__type__":"cc.Size","width":1760,"height":1},"_anchorPoint":{"__type__":"cc.Vec2","x":1},"_trs":{"__type__":"TypedArray","ctor":"Float64Array","array":[640,-145,0,0,0,0,1,1,1,1]}},{"__type__":"cc.Node","_name":"Button_0","_parent":{"__id__":2},"_components":[{"__type__":"cc.Button","node":{"__id__":3},"duration":0.05,"zoomScale":1.1,"clickEvents":[{"__type__":"cc.ClickEvent","target":{"__id__":3},"_componentId":"f749fBTERRI+pbMKm8foF4m","handler":"onBtnClick"}],"_N$transition":3,"transition":3,"_N$target":{"__id__":3}},{"__type__":"cc.Sprite","_name":"Button_1<Sprite>","node":{"__id__":3},"_materials":[{"__uuid__":"ecpdLyjvZBwrvm+cedCcQy"}],"_spriteFrame":{"__uuid__":"e4jPtRfVNDn4d2V6FTP21L"},"_sizeMode":0,"_isTrimmedMode":false},{"__type__":"f749fBTERRI+pbMKm8foF4m","node":{"__id__":3}}],"_prefab":{"__type__":"cc.PrefabInfo","root":{"__id__":1},"asset":{"__uuid__":"6eM8xW5lpLCY68s9MZp80J"},"fileId":"249cLwh25LjYmeSse/CqXR"},"_contentSize":{"__type__":"cc.Size","width":110,"height":110},"_trs":{"__type__":"TypedArray","ctor":"Float64Array","array":[-55,0,0,0,0,0,1,1,1,1]}},{"__type__":"cc.Node","_name":"Button_1","_parent":{"__id__":2},"_active":false,"_components":[{"__type__":"cc.Button","node":{"__id__":4},"duration":0.05,"zoomScale":1.1,"clickEvents":[{"__type__":"cc.ClickEvent","target":{"__id__":4},"_componentId":"f749fBTERRI+pbMKm8foF4m","handler":"onBtnClick"}],"_N$transition":3,"transition":3,"_N$target":{"__id__":4}},{"__type__":"f749fBTERRI+pbMKm8foF4m","node":{"__id__":4}}],"_prefab":{"__type__":"cc.PrefabInfo","root":{"__id__":1},"asset":{"__uuid__":"6eM8xW5lpLCY68s9MZp80J"},"fileId":"6bw1QOHyhHP7D9HUqcnrqH"},"_contentSize":{"__type__":"cc.Size","width":150,"height":150},"_trs":{"__type__":"TypedArray","ctor":"Float64Array","array":[137.1914,0,0,0,0,0,1,1,1,1]}},{"__type__":"cc.Node","_name":"Button_2","_parent":{"__id__":2},"_children":[{"__id__":6}],"_components":[{"__type__":"cc.Button","node":{"__id__":5},"duration":0.05,"zoomScale":1.1,"clickEvents":[{"__type__":"cc.ClickEvent","target":{"__id__":5},"_componentId":"f749fBTERRI+pbMKm8foF4m","handler":"onBtnClick"}],"_N$transition":3,"transition":3,"_N$target":{"__id__":5}},{"__type__":"f749fBTERRI+pbMKm8foF4m","node":{"__id__":5}}],"_prefab":{"__type__":"cc.PrefabInfo","root":{"__id__":1},"asset":{"__uuid__":"6eM8xW5lpLCY68s9MZp80J"},"fileId":"cfFjAETkJOqpBevvNQJaBH"},"_contentSize":{"__type__":"cc.Size","width":150,"height":150},"_trs":{"__type__":"TypedArray","ctor":"Float64Array","array":[-185,0,0,0,0,0,1,1,1,1]}},{"__type__":"cc.Node","_name":"anniu","_parent":{"__id__":5},"_components":[{"__type__":"sp.Skeleton","_name":"anniu<Skeleton>","node":{"__id__":6},"_materials":[{"__uuid__":"7a/QZLET9IDreTiBfRn2PD"}],"defaultSkin":"default","defaultAnimation":"hu","_preCacheMode":0,"premultipliedAlpha":false,"_animationName":"hu","_N$skeletonData":{"__uuid__":"5a1xpXicpMHpEcVSWSuxWc"}}],"_prefab":{"__type__":"cc.PrefabInfo","root":{"__id__":1},"asset":{"__uuid__":"6eM8xW5lpLCY68s9MZp80J"},"fileId":"edJX+SQZxKq5kve/i/FfYd"},"_trs":{"__type__":"TypedArray","ctor":"Float64Array","array":[0,0,0,0,0,0,1,1,1,1]}},{"__type__":"cc.Node","_name":"Button_3","_parent":{"__id__":2},"_children":[{"__id__":8}],"_components":[{"__type__":"cc.Button","node":{"__id__":7},"duration":0.05,"zoomScale":1.1,"clickEvents":[{"__type__":"cc.ClickEvent","target":{"__id__":7},"_componentId":"f749fBTERRI+pbMKm8foF4m","handler":"onBtnClick"}],"_N$transition":3,"transition":3,"_N$target":{"__id__":7}},{"__type__":"f749fBTERRI+pbMKm8foF4m","node":{"__id__":7}}],"_prefab":{"__type__":"cc.PrefabInfo","root":{"__id__":1},"asset":{"__uuid__":"6eM8xW5lpLCY68s9MZp80J"},"fileId":"57RP6fRWZBgI8JsY/gAZkI"},"_contentSize":{"__type__":"cc.Size","width":150,"height":150},"_trs":{"__type__":"TypedArray","ctor":"Float64Array","array":[-335,0,0,0,0,0,1,1,1,1]}},{"__type__":"cc.Node","_name":"anniu","_parent":{"__id__":7},"_components":[{"__type__":"sp.Skeleton","_name":"anniu<Skeleton>","node":{"__id__":8},"_materials":[{"__uuid__":"7a/QZLET9IDreTiBfRn2PD"}],"defaultSkin":"default","defaultAnimation":"gang","_preCacheMode":0,"premultipliedAlpha":false,"_animationName":"gang","_N$skeletonData":{"__uuid__":"5a1xpXicpMHpEcVSWSuxWc"}}],"_prefab":{"__type__":"cc.PrefabInfo","root":{"__id__":1},"asset":{"__uuid__":"6eM8xW5lpLCY68s9MZp80J"},"fileId":"4cEK1AaA1A3roT2nb4U3OZ"},"_trs":{"__type__":"TypedArray","ctor":"Float64Array","array":[0,0,0,0,0,0,1,1,1,1]}},{"__type__":"cc.Node","_name":"Button_4","_parent":{"__id__":2},"_children":[{"__id__":10}],"_components":[{"__type__":"cc.Button","node":{"__id__":9},"duration":0.05,"zoomScale":1.1,"clickEvents":[{"__type__":"cc.ClickEvent","target":{"__id__":9},"_componentId":"f749fBTERRI+pbMKm8foF4m","handler":"onBtnClick"}],"_N$transition":3,"transition":3,"_N$target":{"__id__":9}},{"__type__":"f749fBTERRI+pbMKm8foF4m","node":{"__id__":9}}],"_prefab":{"__type__":"cc.PrefabInfo","root":{"__id__":1},"asset":{"__uuid__":"6eM8xW5lpLCY68s9MZp80J"},"fileId":"5duaYXoExIw4caDr3BsOJP"},"_contentSize":{"__type__":"cc.Size","width":150,"height":150},"_trs":{"__type__":"TypedArray","ctor":"Float64Array","array":[-485,0,0,0,0,0,1,1,1,1]}},{"__type__":"cc.Node","_name":"anniu","_parent":{"__id__":9},"_components":[{"__type__":"sp.Skeleton","_name":"anniu<Skeleton>","node":{"__id__":10},"_materials":[{"__uuid__":"7a/QZLET9IDreTiBfRn2PD"}],"defaultSkin":"default","defaultAnimation":"gang","_preCacheMode":0,"premultipliedAlpha":false,"_animationName":"gang","_N$skeletonData":{"__uuid__":"5a1xpXicpMHpEcVSWSuxWc"}}],"_prefab":{"__type__":"cc.PrefabInfo","root":{"__id__":1},"asset":{"__uuid__":"6eM8xW5lpLCY68s9MZp80J"},"fileId":"f7SQBKU19KmJJdTOp1lR/e"},"_trs":{"__type__":"TypedArray","ctor":"Float64Array","array":[0,0,0,0,0,0,1,1,1,1]}},{"__type__":"cc.Node","_name":"Button_5","_parent":{"__id__":2},"_children":[{"__id__":12}],"_components":[{"__type__":"cc.Button","node":{"__id__":11},"duration":0.05,"zoomScale":1.1,"clickEvents":[{"__type__":"cc.ClickEvent","target":{"__id__":11},"_componentId":"f749fBTERRI+pbMKm8foF4m","handler":"onBtnClick"}],"_N$transition":3,"transition":3,"_N$target":{"__id__":11}},{"__type__":"f749fBTERRI+pbMKm8foF4m","node":{"__id__":11}}],"_prefab":{"__type__":"cc.PrefabInfo","root":{"__id__":1},"asset":{"__uuid__":"6eM8xW5lpLCY68s9MZp80J"},"fileId":"d4THfikkpMYKJHCJVSL0xI"},"_contentSize":{"__type__":"cc.Size","width":150,"height":150},"_trs":{"__type__":"TypedArray","ctor":"Float64Array","array":[-635,0,0,0,0,0,1,1,1,1]}},{"__type__":"cc.Node","_name":"anniu","_parent":{"__id__":11},"_components":[{"__type__":"sp.Skeleton","_name":"anniu<Skeleton>","node":{"__id__":12},"_materials":[{"__uuid__":"7a/QZLET9IDreTiBfRn2PD"}],"defaultSkin":"default","defaultAnimation":"peng","_preCacheMode":0,"premultipliedAlpha":false,"_animationName":"peng","_N$skeletonData":{"__uuid__":"5a1xpXicpMHpEcVSWSuxWc"}}],"_prefab":{"__type__":"cc.PrefabInfo","root":{"__id__":1},"asset":{"__uuid__":"6eM8xW5lpLCY68s9MZp80J"},"fileId":"d5Dx0VwFBIKpibOxT95TGs"},"_trs":{"__type__":"TypedArray","ctor":"Float64Array","array":[0,0,0,0,0,0,1,1,1,1]}},{"__type__":"cc.Node","_name":"Button_6","_parent":{"__id__":2},"_children":[{"__id__":14}],"_components":[{"__type__":"cc.Button","node":{"__id__":13},"duration":0.05,"zoomScale":1.1,"clickEvents":[{"__type__":"cc.ClickEvent","target":{"__id__":13},"_componentId":"f749fBTERRI+pbMKm8foF4m","handler":"onBtnClick"}],"_N$transition":3,"transition":3,"_N$target":{"__id__":13}},{"__type__":"f749fBTERRI+pbMKm8foF4m","node":{"__id__":13}}],"_prefab":{"__type__":"cc.PrefabInfo","root":{"__id__":1},"asset":{"__uuid__":"6eM8xW5lpLCY68s9MZp80J"},"fileId":"4bqED47dNLTK+vW24ZUlnp"},"_contentSize":{"__type__":"cc.Size","width":150,"height":150},"_trs":{"__type__":"TypedArray","ctor":"Float64Array","array":[-785,0,0,0,0,0,1,1,1,1]}},{"__type__":"cc.Node","_name":"anniu","_parent":{"__id__":13},"_components":[{"__type__":"sp.Skeleton","_name":"anniu<Skeleton>","node":{"__id__":14},"_materials":[{"__uuid__":"7a/QZLET9IDreTiBfRn2PD"}],"defaultSkin":"default","defaultAnimation":"chi","_preCacheMode":0,"premultipliedAlpha":false,"_animationName":"chi","_N$skeletonData":{"__uuid__":"5a1xpXicpMHpEcVSWSuxWc"}}],"_prefab":{"__type__":"cc.PrefabInfo","root":{"__id__":1},"asset":{"__uuid__":"6eM8xW5lpLCY68s9MZp80J"},"fileId":"ea4C4r0kZBdol+yD7qMkC/"},"_trs":{"__type__":"TypedArray","ctor":"Float64Array","array":[0,0,0,0,0,0,1,1,1,1]}},{"__type__":"cc.Node","_name":"Button_7","_parent":{"__id__":2},"_children":[{"__id__":16}],"_components":[{"__type__":"cc.Button","node":{"__id__":15},"duration":0.05,"zoomScale":1.1,"clickEvents":[{"__type__":"cc.ClickEvent","target":{"__id__":15},"_componentId":"f749fBTERRI+pbMKm8foF4m","handler":"onBtnClick"}],"_N$transition":3,"transition":3,"_N$target":{"__id__":15}},{"__type__":"f749fBTERRI+pbMKm8foF4m","node":{"__id__":15}}],"_prefab":{"__type__":"cc.PrefabInfo","root":{"__id__":1},"asset":{"__uuid__":"6eM8xW5lpLCY68s9MZp80J"},"fileId":"39/m1t3MVPf40NYtFis7W6"},"_contentSize":{"__type__":"cc.Size","width":150,"height":150},"_trs":{"__type__":"TypedArray","ctor":"Float64Array","array":[-935,0,0,0,0,0,1,1,1,1]}},{"__type__":"cc.Node","_name":"anniu","_parent":{"__id__":15},"_components":[{"__type__":"sp.Skeleton","_name":"anniu<Skeleton>","node":{"__id__":16},"_materials":[{"__uuid__":"7a/QZLET9IDreTiBfRn2PD"}],"defaultSkin":"default","defaultAnimation":"ti","_preCacheMode":0,"premultipliedAlpha":false,"_animationName":"ti","_N$skeletonData":{"__uuid__":"5a1xpXicpMHpEcVSWSuxWc"}}],"_prefab":{"__type__":"cc.PrefabInfo","root":{"__id__":1},"asset":{"__uuid__":"6eM8xW5lpLCY68s9MZp80J"},"fileId":"38voAKmpZFVJBsbxOY1Qvr"},"_trs":{"__type__":"TypedArray","ctor":"Float64Array","array":[0,0,0,0,0,0,1,1,1,1]}},{"__type__":"cc.Node","_name":"Button_8","_parent":{"__id__":2},"_children":[{"__id__":18}],"_components":[{"__type__":"cc.Button","node":{"__id__":17},"duration":0.05,"zoomScale":1.1,"clickEvents":[{"__type__":"cc.ClickEvent","target":{"__id__":17},"_componentId":"f749fBTERRI+pbMKm8foF4m","handler":"onBtnClick"}],"_N$transition":3,"transition":3,"_N$target":{"__id__":17}},{"__type__":"f749fBTERRI+pbMKm8foF4m","node":{"__id__":17}}],"_prefab":{"__type__":"cc.PrefabInfo","root":{"__id__":1},"asset":{"__uuid__":"6eM8xW5lpLCY68s9MZp80J"},"fileId":"d6kLLe5pNHB5tF6hb6NvHn"},"_contentSize":{"__type__":"cc.Size","width":150,"height":150},"_trs":{"__type__":"TypedArray","ctor":"Float64Array","array":[-1085,0,0,0,0,0,1,1,1,1]}},{"__type__":"cc.Node","_name":"anniu","_parent":{"__id__":17},"_components":[{"__type__":"sp.Skeleton","_name":"anniu<Skeleton>","node":{"__id__":18},"_materials":[{"__uuid__":"7a/QZLET9IDreTiBfRn2PD"}],"defaultSkin":"default","defaultAnimation":"yao","_preCacheMode":0,"premultipliedAlpha":false,"_animationName":"yao","_N$skeletonData":{"__uuid__":"5a1xpXicpMHpEcVSWSuxWc"}}],"_prefab":{"__type__":"cc.PrefabInfo","root":{"__id__":1},"asset":{"__uuid__":"6eM8xW5lpLCY68s9MZp80J"},"fileId":"2bNChKLHtNTbln7sEgS3g1"},"_trs":{"__type__":"TypedArray","ctor":"Float64Array","array":[0,0,0,0,0,0,1,1,1,1]}},{"__type__":"cc.Node","_name":"Button_9","_parent":{"__id__":2},"_active":false,"_components":[{"__type__":"cc.Button","node":{"__id__":19},"duration":0.05,"zoomScale":1.1,"clickEvents":[{"__type__":"cc.ClickEvent","target":{"__id__":19},"_componentId":"f749fBTERRI+pbMKm8foF4m","handler":"onBtnClick"}],"_N$transition":3,"transition":3,"_N$target":{"__id__":19}},{"__type__":"f749fBTERRI+pbMKm8foF4m","node":{"__id__":19}}],"_prefab":{"__type__":"cc.PrefabInfo","root":{"__id__":1},"asset":{"__uuid__":"6eM8xW5lpLCY68s9MZp80J"},"fileId":"3fBeFNczJAurs4JzepdBxh"},"_contentSize":{"__type__":"cc.Size","width":150,"height":150},"_trs":{"__type__":"TypedArray","ctor":"Float64Array","array":[-424.256,0,0,0,0,0,1,1,1,1]}},{"__type__":"cc.Node","_name":"Button_10","_parent":{"__id__":2},"_active":false,"_components":[{"__type__":"cc.Button","node":{"__id__":20},"duration":0.05,"zoomScale":1.1,"clickEvents":[{"__type__":"cc.ClickEvent","target":{"__id__":20},"_componentId":"f749fBTERRI+pbMKm8foF4m","handler":"onBtnClick"}],"_N$transition":3,"transition":3,"_N$target":{"__id__":20}},{"__type__":"f749fBTERRI+pbMKm8foF4m","node":{"__id__":20}}],"_prefab":{"__type__":"cc.PrefabInfo","root":{"__id__":1},"asset":{"__uuid__":"6eM8xW5lpLCY68s9MZp80J"},"fileId":"49iyWyJPRIyKWkIbVw543D"},"_contentSize":{"__type__":"cc.Size","width":150,"height":150},"_trs":{"__type__":"TypedArray","ctor":"Float64Array","array":[-1085,0,0,0,0,0,1,1,1,1]}},{"__type__":"cc.Node","_name":"Button_11","_parent":{"__id__":2},"_children":[{"__id__":22}],"_components":[{"__type__":"cc.Button","node":{"__id__":21},"duration":0.05,"zoomScale":1.1,"clickEvents":[{"__type__":"cc.ClickEvent","target":{"__id__":21},"_componentId":"f749fBTERRI+pbMKm8foF4m","handler":"onBtnClick"}],"_N$transition":3,"transition":3,"_N$target":{"__id__":21}},{"__type__":"f749fBTERRI+pbMKm8foF4m","node":{"__id__":21}}],"_prefab":{"__type__":"cc.PrefabInfo","root":{"__id__":1},"asset":{"__uuid__":"6eM8xW5lpLCY68s9MZp80J"},"fileId":"23Hm4ouwtFo5bgqwdOWBFb"},"_contentSize":{"__type__":"cc.Size","width":150,"height":150},"_trs":{"__type__":"TypedArray","ctor":"Float64Array","array":[-1235,0,0,0,0,0,1,1,1,1]}},{"__type__":"cc.Node","_name":"anniu","_parent":{"__id__":21},"_components":[{"__type__":"sp.Skeleton","_name":"anniu<Skeleton>","node":{"__id__":22},"_materials":[{"__uuid__":"7a/QZLET9IDreTiBfRn2PD"}],"defaultSkin":"default","defaultAnimation":"bu","_preCacheMode":0,"premultipliedAlpha":false,"_animationName":"bu","_N$skeletonData":{"__uuid__":"5a1xpXicpMHpEcVSWSuxWc"}}],"_prefab":{"__type__":"cc.PrefabInfo","root":{"__id__":1},"asset":{"__uuid__":"6eM8xW5lpLCY68s9MZp80J"},"fileId":"fcWvovvdVD9bmRDIQKOUoV"},"_trs":{"__type__":"TypedArray","ctor":"Float64Array","array":[0,0,0,0,0,0,1,1,1,1]}},{"__type__":"cc.Node","_name":"Button_12","_parent":{"__id__":2},"_children":[{"__id__":24}],"_components":[{"__type__":"cc.Button","node":{"__id__":23},"duration":0.05,"zoomScale":1.1,"clickEvents":[{"__type__":"cc.ClickEvent","target":{"__id__":23},"_componentId":"f749fBTERRI+pbMKm8foF4m","handler":"onBtnClick"}],"_N$transition":3,"transition":3,"_N$target":{"__id__":23}},{"__type__":"f749fBTERRI+pbMKm8foF4m","node":{"__id__":23}}],"_prefab":{"__type__":"cc.PrefabInfo","root":{"__id__":1},"asset":{"__uuid__":"6eM8xW5lpLCY68s9MZp80J"},"fileId":"64z52CKRhCRrnbWbIsAFEz"},"_contentSize":{"__type__":"cc.Size","width":150,"height":150},"_trs":{"__type__":"TypedArray","ctor":"Float64Array","array":[-1385,0,0,0,0,0,1,1,1,1]}},{"__type__":"cc.Node","_name":"anniu","_parent":{"__id__":23},"_components":[{"__type__":"sp.Skeleton","_name":"anniu<Skeleton>","node":{"__id__":24},"_materials":[{"__uuid__":"7a/QZLET9IDreTiBfRn2PD"}],"defaultSkin":"default","defaultAnimation":"gang","_preCacheMode":0,"premultipliedAlpha":false,"_animationName":"gang","_N$skeletonData":{"__uuid__":"5a1xpXicpMHpEcVSWSuxWc"}}],"_prefab":{"__type__":"cc.PrefabInfo","root":{"__id__":1},"asset":{"__uuid__":"6eM8xW5lpLCY68s9MZp80J"},"fileId":"07SJH6BU5Gr5chlAGCj8v5"},"_trs":{"__type__":"TypedArray","ctor":"Float64Array","array":[0,0,0,0,0,0,1,1,1,1]}},{"__type__":"cc.Node","_name":"Button_13","_parent":{"__id__":2},"_children":[{"__id__":26}],"_components":[{"__type__":"cc.Button","node":{"__id__":25},"duration":0.05,"zoomScale":1.1,"clickEvents":[{"__type__":"cc.ClickEvent","target":{"__id__":25},"_componentId":"f749fBTERRI+pbMKm8foF4m","handler":"onBtnClick"}],"_N$transition":3,"transition":3,"_N$target":{"__id__":25}},{"__type__":"f749fBTERRI+pbMKm8foF4m","node":{"__id__":25}}],"_prefab":{"__type__":"cc.PrefabInfo","root":{"__id__":1},"asset":{"__uuid__":"6eM8xW5lpLCY68s9MZp80J"},"fileId":"ef44BStdRDmqxCvLff23Lg"},"_contentSize":{"__type__":"cc.Size","width":150,"height":150},"_trs":{"__type__":"TypedArray","ctor":"Float64Array","array":[-1535,0,0,0,0,0,1,1,1,1]}},{"__type__":"cc.Node","_name":"anniu","_parent":{"__id__":25},"_components":[{"__type__":"sp.Skeleton","_name":"anniu<Skeleton>","node":{"__id__":26},"_materials":[{"__uuid__":"7a/QZLET9IDreTiBfRn2PD"}],"defaultSkin":"default","defaultAnimation":"gang","_preCacheMode":0,"premultipliedAlpha":false,"_animationName":"gang","_N$skeletonData":{"__uuid__":"5a1xpXicpMHpEcVSWSuxWc"}}],"_prefab":{"__type__":"cc.PrefabInfo","root":{"__id__":1},"asset":{"__uuid__":"6eM8xW5lpLCY68s9MZp80J"},"fileId":"2do7JOH7xEt55LWxOSakO0"},"_trs":{"__type__":"TypedArray","ctor":"Float64Array","array":[0,0,0,0,0,0,1,1,1,1]}},{"__type__":"cc.Node","_name":"Button_14","_parent":{"__id__":2},"_children":[{"__id__":28}],"_components":[{"__type__":"cc.Button","node":{"__id__":27},"duration":0.05,"zoomScale":1.1,"clickEvents":[{"__type__":"cc.ClickEvent","target":{"__id__":27},"_componentId":"f749fBTERRI+pbMKm8foF4m","handler":"onBtnClick"}],"_N$transition":3,"transition":3,"_N$target":{"__id__":27}},{"__type__":"f749fBTERRI+pbMKm8foF4m","node":{"__id__":27}}],"_prefab":{"__type__":"cc.PrefabInfo","root":{"__id__":1},"asset":{"__uuid__":"6eM8xW5lpLCY68s9MZp80J"},"fileId":"f6qO3JNjRPP7dSQF+q+4oA"},"_contentSize":{"__type__":"cc.Size","width":150,"height":150},"_trs":{"__type__":"TypedArray","ctor":"Float64Array","array":[-1685,0,0,0,0,0,1,1,1,1]}},{"__type__":"cc.Node","_name":"anniu","_parent":{"__id__":27},"_components":[{"__type__":"sp.Skeleton","_name":"anniu<Skeleton>","node":{"__id__":28},"_materials":[{"__uuid__":"7a/QZLET9IDreTiBfRn2PD"}],"defaultSkin":"default","defaultAnimation":"gang","_preCacheMode":0,"premultipliedAlpha":false,"_animationName":"gang","_N$skeletonData":{"__uuid__":"5a1xpXicpMHpEcVSWSuxWc"}}],"_prefab":{"__type__":"cc.PrefabInfo","root":{"__id__":1},"asset":{"__uuid__":"6eM8xW5lpLCY68s9MZp80J"},"fileId":"caShCvjrlPjof8b3i+Y7FZ"},"_trs":{"__type__":"TypedArray","ctor":"Float64Array","array":[0,0,0,0,0,0,1,1,1,1]}},{"__type__":"cc.Node","_name":"chiGangShow","_parent":{"__id__":1},"_children":[{"__id__":30},{"__id__":47}],"_active":false,"_components":[{"__type__":"cc.StudioWidget","node":{"__id__":29},"_alignFlags":32,"_left":0.43669453125,"_right":0.084375,"_isAbsLeft":false,"_isAbsRight":false},{"__type__":"cc.Sprite","_name":"Image_3<Sprite>","node":{"__id__":29},"_materials":[{"__uuid__":"ecpdLyjvZBwrvm+cedCcQy"}],"_spriteFrame":{"__uuid__":"02Mhn22vZCNYn1cQwh+1w9"}},{"__type__":"a71a9TRETNH8YXij+usQSN1","node":{"__id__":29},"eatcopy":{"__id__":30},"layout":{"__id__":47}}],"_prefab":{"__type__":"cc.PrefabInfo","root":{"__id__":1},"asset":{"__uuid__":"6eM8xW5lpLCY68s9MZp80J"},"fileId":"1cdT+U2bVHdoEbDg+JNZCf"},"_contentSize":{"__type__":"cc.Size","width":613,"height":111},"_anchorPoint":{"__type__":"cc.Vec2","x":1,"y":0.5},"_trs":{"__type__":"TypedArray","ctor":"Float64Array","array":[532,-15,0,0,0,0,1,1,1,1]}},{"__type__":"cc.Node","_name":"eatcopy","_parent":{"__id__":29},"_children":[{"__id__":31},{"__id__":35},{"__id__":39},{"__id__":43}],"_components":[{"__type__":"4e81amQPmtCGI2nAD5yhol2","node":{"__id__":30},"mjCards":[{"__id__":34},{"__id__":38},{"__id__":42},{"__id__":46}]},{"__type__":"cc.Button","node":{"__id__":30},"duration":0.02,"zoomScale":1.1,"clickEvents":[{"__type__":"cc.ClickEvent","target":{"__id__":30},"_componentId":"4e81amQPmtCGI2nAD5yhol2","handler":"onCellClick"}],"_N$transition":3,"transition":3,"_N$target":{"__id__":30}}],"_prefab":{"__type__":"cc.PrefabInfo","root":{"__id__":1},"asset":{"__uuid__":"6eM8xW5lpLCY68s9MZp80J"},"fileId":"98UcR5OnxCEo8LwQX1cO+2"},"_contentSize":{"__type__":"cc.Size","width":170,"height":100},"_trs":{"__type__":"TypedArray","ctor":"Float64Array","array":[-455,0,0,0,0,0,1,1,1,1]}},{"__type__":"cc.Node","_name":"FileNode_1","_parent":{"__id__":30},"_children":[{"__id__":32},{"__id__":33}],"_components":[{"__type__":"cc.Sprite","_name":"FileNode_11<Sprite>","node":{"__id__":31},"_materials":[{"__uuid__":"ecpdLyjvZBwrvm+cedCcQy"}],"_spriteFrame":{"__uuid__":"38EVGlx45PrrbSZqxgUerV"},"_sizeMode":0,"_isTrimmedMode":false},{"__id__":34}],"_prefab":{"__type__":"cc.PrefabInfo","root":{"__id__":1},"asset":{"__uuid__":"6eM8xW5lpLCY68s9MZp80J"},"fileId":"b3PV6EpgpI3onaqiPRkTR1"},"_contentSize":{"__type__":"cc.Size","width":60,"height":80},"_trs":{"__type__":"TypedArray","ctor":"Float64Array","array":[-54.3,-12,0,0,0,0,1,1,1,1]}},{"__type__":"cc.Node","_name":"Image_color","_parent":{"__id__":31},"_active":false,"_components":[{"__type__":"cc.Sprite","_name":"Image_color<Sprite>","node":{"__id__":32},"_materials":[{"__uuid__":"ecpdLyjvZBwrvm+cedCcQy"}],"_spriteFrame":{"__uuid__":"d3dvwSfBZPJLPGIVLeeyrj"},"_sizeMode":0,"_isTrimmedMode":false}],"_prefab":{"__type__":"cc.PrefabInfo","root":{"__id__":1},"asset":{"__uuid__":"6eM8xW5lpLCY68s9MZp80J"},"fileId":"2bTY0hFJxMdIy2JEwEYCuM"},"_contentSize":{"__type__":"cc.Size","width":65,"height":87},"_trs":{"__type__":"TypedArray","ctor":"Float64Array","array":[0,0,0,0,0,0,1,1,1,1]}},{"__type__":"cc.Node","_name":"Panel_zz","_parent":{"__id__":31},"_components":[{"__type__":"cc.Sprite","_name":"Panel_zz<Sprite>","node":{"__id__":33},"_materials":[{"__uuid__":"ecpdLyjvZBwrvm+cedCcQy"}],"_spriteFrame":{"__uuid__":"e16B7E81NGyJ9zWeECRbqn"},"_sizeMode":0,"_isTrimmedMode":false}],"_prefab":{"__type__":"cc.PrefabInfo","root":{"__id__":1},"asset":{"__uuid__":"6eM8xW5lpLCY68s9MZp80J"},"fileId":"7b6LP9veJMBZS6im5Nw2Cm"},"_opacity":0,"_contentSize":{"__type__":"cc.Size","width":65,"height":87},"_trs":{"__type__":"TypedArray","ctor":"Float64Array","array":[0,0,0,0,0,0,1,1,1,1]}},{"__type__":"499d6zhxk5CMI8APfMsLapf","node":{"__id__":31}},{"__type__":"cc.Node","_name":"FileNode_2","_parent":{"__id__":30},"_children":[{"__id__":36},{"__id__":37}],"_components":[{"__type__":"cc.Sprite","_name":"FileNode_12<Sprite>","node":{"__id__":35},"_materials":[{"__uuid__":"ecpdLyjvZBwrvm+cedCcQy"}],"_spriteFrame":{"__uuid__":"38EVGlx45PrrbSZqxgUerV"},"_sizeMode":0,"_isTrimmedMode":false},{"__id__":38}],"_prefab":{"__type__":"cc.PrefabInfo","root":{"__id__":1},"asset":{"__uuid__":"6eM8xW5lpLCY68s9MZp80J"},"fileId":"a0YMDUYRVBaZd9SQKAd+zj"},"_contentSize":{"__type__":"cc.Size","width":60,"height":80},"_trs":{"__type__":"TypedArray","ctor":"Float64Array","array":[0,-12,0,0,0,0,1,1,1,1]}},{"__type__":"cc.Node","_name":"Image_color","_parent":{"__id__":35},"_active":false,"_components":[{"__type__":"cc.Sprite","_name":"Image_color<Sprite>","node":{"__id__":36},"_materials":[{"__uuid__":"ecpdLyjvZBwrvm+cedCcQy"}],"_spriteFrame":{"__uuid__":"d3dvwSfBZPJLPGIVLeeyrj"},"_sizeMode":0,"_isTrimmedMode":false}],"_prefab":{"__type__":"cc.PrefabInfo","root":{"__id__":1},"asset":{"__uuid__":"6eM8xW5lpLCY68s9MZp80J"},"fileId":"c5l7+vTSRBcJudVxrPUAY/"},"_contentSize":{"__type__":"cc.Size","width":65,"height":87},"_trs":{"__type__":"TypedArray","ctor":"Float64Array","array":[0,0,0,0,0,0,1,1,1,1]}},{"__type__":"cc.Node","_name":"Panel_zz","_parent":{"__id__":35},"_components":[{"__type__":"cc.Sprite","_name":"Panel_zz<Sprite>","node":{"__id__":37},"_materials":[{"__uuid__":"ecpdLyjvZBwrvm+cedCcQy"}],"_spriteFrame":{"__uuid__":"e16B7E81NGyJ9zWeECRbqn"},"_sizeMode":0,"_isTrimmedMode":false}],"_prefab":{"__type__":"cc.PrefabInfo","root":{"__id__":1},"asset":{"__uuid__":"6eM8xW5lpLCY68s9MZp80J"},"fileId":"b9ZpTJAwpGQaUscZwHK4Lg"},"_opacity":0,"_contentSize":{"__type__":"cc.Size","width":65,"height":87},"_trs":{"__type__":"TypedArray","ctor":"Float64Array","array":[0,0,0,0,0,0,1,1,1,1]}},{"__type__":"499d6zhxk5CMI8APfMsLapf","node":{"__id__":35}},{"__type__":"cc.Node","_name":"FileNode_3","_parent":{"__id__":30},"_children":[{"__id__":40},{"__id__":41}],"_components":[{"__type__":"cc.Sprite","_name":"FileNode_13<Sprite>","node":{"__id__":39},"_materials":[{"__uuid__":"ecpdLyjvZBwrvm+cedCcQy"}],"_spriteFrame":{"__uuid__":"38EVGlx45PrrbSZqxgUerV"},"_sizeMode":0,"_isTrimmedMode":false},{"__id__":42}],"_prefab":{"__type__":"cc.PrefabInfo","root":{"__id__":1},"asset":{"__uuid__":"6eM8xW5lpLCY68s9MZp80J"},"fileId":"45Y2B+YfxLw7chfTp64Xl4"},"_contentSize":{"__type__":"cc.Size","width":60,"height":80},"_trs":{"__type__":"TypedArray","ctor":"Float64Array","array":[54.3,-12,0,0,0,0,1,1,1,1]}},{"__type__":"cc.Node","_name":"Image_color","_parent":{"__id__":39},"_active":false,"_components":[{"__type__":"cc.Sprite","_name":"Image_color<Sprite>","node":{"__id__":40},"_materials":[{"__uuid__":"ecpdLyjvZBwrvm+cedCcQy"}],"_spriteFrame":{"__uuid__":"d3dvwSfBZPJLPGIVLeeyrj"},"_sizeMode":0,"_isTrimmedMode":false}],"_prefab":{"__type__":"cc.PrefabInfo","root":{"__id__":1},"asset":{"__uuid__":"6eM8xW5lpLCY68s9MZp80J"},"fileId":"11AoeM6N9KSq67Za1sSOJb"},"_contentSize":{"__type__":"cc.Size","width":65,"height":87},"_trs":{"__type__":"TypedArray","ctor":"Float64Array","array":[0,0,0,0,0,0,1,1,1,1]}},{"__type__":"cc.Node","_name":"Panel_zz","_parent":{"__id__":39},"_components":[{"__type__":"cc.Sprite","_name":"Panel_zz<Sprite>","node":{"__id__":41},"_materials":[{"__uuid__":"ecpdLyjvZBwrvm+cedCcQy"}],"_spriteFrame":{"__uuid__":"e16B7E81NGyJ9zWeECRbqn"},"_sizeMode":0,"_isTrimmedMode":false}],"_prefab":{"__type__":"cc.PrefabInfo","root":{"__id__":1},"asset":{"__uuid__":"6eM8xW5lpLCY68s9MZp80J"},"fileId":"ccDwkhR3RBC6r1z4xSTIxl"},"_opacity":0,"_contentSize":{"__type__":"cc.Size","width":65,"height":87},"_trs":{"__type__":"TypedArray","ctor":"Float64Array","array":[0,0,0,0,0,0,1,1,1,1]}},{"__type__":"499d6zhxk5CMI8APfMsLapf","node":{"__id__":39}},{"__type__":"cc.Node","_name":"FileNode_4","_parent":{"__id__":30},"_children":[{"__id__":44},{"__id__":45}],"_components":[{"__type__":"cc.Sprite","_name":"FileNode_14<Sprite>","node":{"__id__":43},"_materials":[{"__uuid__":"ecpdLyjvZBwrvm+cedCcQy"}],"_spriteFrame":{"__uuid__":"38EVGlx45PrrbSZqxgUerV"},"_sizeMode":0,"_isTrimmedMode":false},{"__id__":46}],"_prefab":{"__type__":"cc.PrefabInfo","root":{"__id__":1},"asset":{"__uuid__":"6eM8xW5lpLCY68s9MZp80J"},"fileId":"26EnpsoFBFkL+eAh1YQzst"},"_contentSize":{"__type__":"cc.Size","width":60,"height":80},"_trs":{"__type__":"TypedArray","ctor":"Float64Array","array":[0,11,0,0,0,0,1,1,1,1]}},{"__type__":"cc.Node","_name":"Image_color","_parent":{"__id__":43},"_active":false,"_components":[{"__type__":"cc.Sprite","_name":"Image_color<Sprite>","node":{"__id__":44},"_materials":[{"__uuid__":"ecpdLyjvZBwrvm+cedCcQy"}],"_spriteFrame":{"__uuid__":"d3dvwSfBZPJLPGIVLeeyrj"},"_sizeMode":0,"_isTrimmedMode":false}],"_prefab":{"__type__":"cc.PrefabInfo","root":{"__id__":1},"asset":{"__uuid__":"6eM8xW5lpLCY68s9MZp80J"},"fileId":"22OLaZ3RNFIZSNV4OyLYOS"},"_contentSize":{"__type__":"cc.Size","width":65,"height":87},"_trs":{"__type__":"TypedArray","ctor":"Float64Array","array":[0,0,0,0,0,0,1,1,1,1]}},{"__type__":"cc.Node","_name":"Panel_zz","_parent":{"__id__":43},"_components":[{"__type__":"cc.Sprite","_name":"Panel_zz<Sprite>","node":{"__id__":45},"_materials":[{"__uuid__":"ecpdLyjvZBwrvm+cedCcQy"}],"_spriteFrame":{"__uuid__":"e16B7E81NGyJ9zWeECRbqn"},"_sizeMode":0,"_isTrimmedMode":false}],"_prefab":{"__type__":"cc.PrefabInfo","root":{"__id__":1},"asset":{"__uuid__":"6eM8xW5lpLCY68s9MZp80J"},"fileId":"2eMhSi9zdKyaBaQfu0dcdE"},"_opacity":0,"_contentSize":{"__type__":"cc.Size","width":65,"height":87},"_trs":{"__type__":"TypedArray","ctor":"Float64Array","array":[0,0,0,0,0,0,1,1,1,1]}},{"__type__":"499d6zhxk5CMI8APfMsLapf","node":{"__id__":43}},{"__type__":"cc.Node","_name":"layout","_parent":{"__id__":29},"_components":[{"__type__":"cc.Layout","node":{"__id__":47},"_layoutSize":{"__type__":"cc.Size","width":520,"height":100},"_resize":1,"_N$layoutType":1,"_N$spacingX":5}],"_prefab":{"__type__":"cc.PrefabInfo","root":{"__id__":1},"asset":{"__uuid__":"6eM8xW5lpLCY68s9MZp80J"},"fileId":"f8wEIwwwlJ+4bpD6acMjMh"},"_contentSize":{"__type__":"cc.Size","width":520,"height":100},"_trs":{"__type__":"TypedArray","ctor":"Float64Array","array":[-275,0,0,0,0,0,1,1,1,1]}},{"__type__":"cc.Node","_name":"niaoPai_4","_parent":{"__id__":1},"_components":[{"__type__":"cc.StudioWidget","node":{"__id__":48},"_alignFlags":8,"_left":0.15,"_isAbsLeft":false,"_isAbsBottom":false}],"_prefab":{"__type__":"cc.PrefabInfo","root":{"__id__":1},"asset":{"__uuid__":"6eM8xW5lpLCY68s9MZp80J"},"fileId":"b1gB1yx/VJSYzcrLcJ3/On"},"_contentSize":{"__type__":"cc.Size","width":1,"height":720},"_anchorPoint":{"__type__":"cc.Vec2","y":0.5},"_trs":{"__type__":"TypedArray","ctor":"Float64Array","array":[-448,0,0,0,0,0,1,1,1,1]}},{"__type__":"cc.Node","_name":"niaoPai_3","_parent":{"__id__":1},"_components":[{"__type__":"cc.StudioWidget","node":{"__id__":49},"_alignFlags":4,"_bottom":0.85,"_isAbsLeft":false,"_isAbsBottom":false}],"_prefab":{"__type__":"cc.PrefabInfo","root":{"__id__":1},"asset":{"__uuid__":"6eM8xW5lpLCY68s9MZp80J"},"fileId":"06F0kOI4VLX66ks2qDe/hf"},"_contentSize":{"__type__":"cc.Size","width":1280,"height":1},"_anchorPoint":{"__type__":"cc.Vec2","x":0.5,"y":1},"_trs":{"__type__":"TypedArray","ctor":"Float64Array","array":[0,281,0,0,0,0,1,1,1,1]}},{"__type__":"cc.Node","_name":"niaoPai_2","_parent":{"__id__":1},"_components":[{"__type__":"cc.StudioWidget","node":{"__id__":50},"_alignFlags":32,"_left":0.8492,"_right":0.15,"_bottom":-2.7755575615628914e-17,"_isAbsLeft":false,"_isAbsRight":false,"_isAbsBottom":false}],"_prefab":{"__type__":"cc.PrefabInfo","root":{"__id__":1},"asset":{"__uuid__":"6eM8xW5lpLCY68s9MZp80J"},"fileId":"12TtDD6RdG1q8hLUWfHkh7"},"_contentSize":{"__type__":"cc.Size","width":1,"height":720},"_anchorPoint":{"__type__":"cc.Vec2","x":1,"y":0.5},"_trs":{"__type__":"TypedArray","ctor":"Float64Array","array":[448,0,0,0,0,0,1,1,1,1]}},{"__type__":"cc.Node","_name":"niaoPai_1","_parent":{"__id__":1},"_components":[{"__type__":"cc.StudioWidget","node":{"__id__":51},"_alignFlags":4,"_bottom":0.15,"_isAbsLeft":false,"_isAbsBottom":false}],"_prefab":{"__type__":"cc.PrefabInfo","root":{"__id__":1},"asset":{"__uuid__":"6eM8xW5lpLCY68s9MZp80J"},"fileId":"7fFuStAgpLHL2XWAEf1pOc"},"_contentSize":{"__type__":"cc.Size","width":1280,"height":1},"_anchorPoint":{"__type__":"cc.Vec2","x":0.5},"_trs":{"__type__":"TypedArray","ctor":"Float64Array","array":[0,-280,0,0,0,0,1,1,1,1]}},{"__type__":"cc.Node","_name":"huType_4","_parent":{"__id__":1},"_components":[{"__type__":"cc.StudioWidget","node":{"__id__":52},"_alignFlags":8,"_isAbsBottom":false}],"_prefab":{"__type__":"cc.PrefabInfo","root":{"__id__":1},"asset":{"__uuid__":"6eM8xW5lpLCY68s9MZp80J"},"fileId":"52HAm2qNpFjYt9oCue3x8z"},"_contentSize":{"__type__":"cc.Size","width":1,"height":720},"_anchorPoint":{"__type__":"cc.Vec2","y":0.5},"_trs":{"__type__":"TypedArray","ctor":"Float64Array","array":[-640,0,0,0,0,0,1,1,1,1]}},{"__type__":"cc.Node","_name":"huType_3","_parent":{"__id__":1},"_components":[{"__type__":"cc.StudioWidget","node":{"__id__":53},"_alignFlags":1,"_bottom":0.9988,"_isAbsLeft":false,"_isAbsBottom":false}],"_prefab":{"__type__":"cc.PrefabInfo","root":{"__id__":1},"asset":{"__uuid__":"6eM8xW5lpLCY68s9MZp80J"},"fileId":"5eVOeKBPhNrKvnUPvlZJ0Y"},"_contentSize":{"__type__":"cc.Size","width":1280,"height":1},"_anchorPoint":{"__type__":"cc.Vec2","x":0.5,"y":1},"_trs":{"__type__":"TypedArray","ctor":"Float64Array","array":[0,400,0,0,0,0,1,1,1,1]}},{"__type__":"cc.Node","_name":"huType_2","_parent":{"__id__":1},"_components":[{"__type__":"cc.StudioWidget","node":{"__id__":54},"_alignFlags":32,"_left":0.9992,"_isAbsLeft":false,"_isAbsBottom":false}],"_prefab":{"__type__":"cc.PrefabInfo","root":{"__id__":1},"asset":{"__uuid__":"6eM8xW5lpLCY68s9MZp80J"},"fileId":"2685FJJXdFcLyvSp14lIQo"},"_contentSize":{"__type__":"cc.Size","width":1,"height":720},"_anchorPoint":{"__type__":"cc.Vec2","x":1,"y":0.5},"_trs":{"__type__":"TypedArray","ctor":"Float64Array","array":[640,0,0,0,0,0,1,1,1,1]}},{"__type__":"cc.Node","_name":"huType_1","_parent":{"__id__":1},"_components":[{"__type__":"cc.StudioWidget","node":{"__id__":55},"_alignFlags":4,"_isAbsLeft":false}],"_prefab":{"__type__":"cc.PrefabInfo","root":{"__id__":1},"asset":{"__uuid__":"6eM8xW5lpLCY68s9MZp80J"},"fileId":"00ZGArQtBNdZwgnGCBObQ+"},"_contentSize":{"__type__":"cc.Size","width":1280,"height":1},"_anchorPoint":{"__type__":"cc.Vec2","x":0.5},"_trs":{"__type__":"TypedArray","ctor":"Float64Array","array":[0,-400,0,0,0,0,1,1,1,1]}},{"__type__":"cc.Node","_name":"Panel_Info","_parent":{"__id__":1},"_children":[{"__id__":57},{"__id__":60},{"__id__":63},{"__id__":64},{"__id__":69}],"_components":[{"__type__":"cc.StudioWidget","node":{"__id__":56},"_alignFlags":9,"_bottom":0.9125,"_isAbsBottom":false}],"_prefab":{"__type__":"cc.PrefabInfo","root":{"__id__":1},"asset":{"__uuid__":"6eM8xW5lpLCY68s9MZp80J"},"fileId":"7ekzH9NNFHT4WSQaRZAuuN"},"_contentSize":{"__type__":"cc.Size","width":200,"height":70},"_anchorPoint":{"__type__":"cc.Vec2","y":1},"_trs":{"__type__":"TypedArray","ctor":"Float64Array","array":[-640,400,0,0,0,0,1,1,1,1]}},{"__type__":"cc.Node","_name":"Image_4","_parent":{"__id__":56},"_children":[{"__id__":58},{"__id__":59}],"_components":[{"__type__":"cc.Sprite","_name":"Image_4<Sprite>","node":{"__id__":57},"_materials":[{"__uuid__":"ecpdLyjvZBwrvm+cedCcQy"}],"_spriteFrame":{"__uuid__":"989IOHNoZKH6VMph+9evkB"},"_sizeMode":0,"_isTrimmedMode":false}],"_prefab":{"__type__":"cc.PrefabInfo","root":{"__id__":1},"asset":{"__uuid__":"6eM8xW5lpLCY68s9MZp80J"},"fileId":"d4yhWg4sNAjIKkxw/aBxx+"},"_contentSize":{"__type__":"cc.Size","width":340,"height":29},"_anchorPoint":{"__type__":"cc.Vec2","y":0.5},"_trs":{"__type__":"TypedArray","ctor":"Float64Array","array":[0.7000000000000001,-14.8125,0,0,0,0,1,1,1,1]}},{"__type__":"cc.Node","_name":"Image_flag","_parent":{"__id__":57},"_components":[{"__type__":"cc.Sprite","_name":"Image_flag<Sprite>","node":{"__id__":58},"_materials":[{"__uuid__":"ecpdLyjvZBwrvm+cedCcQy"}],"_spriteFrame":{"__uuid__":"7aXzQ2hc5PEbgbnwoAvy1d"},"_sizeMode":0,"_isTrimmedMode":false}],"_prefab":{"__type__":"cc.PrefabInfo","root":{"__id__":1},"asset":{"__uuid__":"6eM8xW5lpLCY68s9MZp80J"},"fileId":"850xR4qGxNwYr5EDPjdCyz"},"_contentSize":{"__type__":"cc.Size","width":26,"height":26},"_trs":{"__type__":"TypedArray","ctor":"Float64Array","array":[15.261000000000001,-0.0006999999999983686,0,0,0,0,1,1,1,1]}},{"__type__":"cc.Node","_name":"m_name","_parent":{"__id__":57},"_components":[{"__type__":"cc.Label","_name":"m_name<Label>","node":{"__id__":59},"_materials":[{"__uuid__":"ecpdLyjvZBwrvm+cedCcQy"}],"_fontSize":22,"_lineHeight":22,"_N$horizontalAlign":1,"_N$verticalAlign":1}],"_prefab":{"__type__":"cc.PrefabInfo","root":{"__id__":1},"asset":{"__uuid__":"6eM8xW5lpLCY68s9MZp80J"},"fileId":"f1p0S71uxCPqOlDtmnOYhk"},"_contentSize":{"__type__":"cc.Size","height":27.72},"_anchorPoint":{"__type__":"cc.Vec2","y":0.5},"_trs":{"__type__":"TypedArray","ctor":"Float64Array","array":[31.79,0,0,0,0,0,1,1,1,1]}},{"__type__":"cc.Node","_name":"Image_game","_parent":{"__id__":56},"_children":[{"__id__":61},{"__id__":62}],"_components":[{"__type__":"cc.Sprite","_name":"Image_game<Sprite>","node":{"__id__":60},"_materials":[{"__uuid__":"ecpdLyjvZBwrvm+cedCcQy"}],"_spriteFrame":{"__uuid__":"989IOHNoZKH6VMph+9evkB"},"_sizeMode":0,"_isTrimmedMode":false}],"_prefab":{"__type__":"cc.PrefabInfo","root":{"__id__":1},"asset":{"__uuid__":"6eM8xW5lpLCY68s9MZp80J"},"fileId":"5bn/diQIFE2KrMQEPnuoMj"},"_contentSize":{"__type__":"cc.Size","width":210,"height":29},"_anchorPoint":{"__type__":"cc.Vec2","y":0.5},"_trs":{"__type__":"TypedArray","ctor":"Float64Array","array":[0.7000000000000001,-48.6295,0,0,0,0,1,1,1,1]}},{"__type__":"cc.Node","_name":"Image_flag","_parent":{"__id__":60},"_components":[{"__type__":"cc.Sprite","_name":"Image_flag<Sprite>","node":{"__id__":61},"_materials":[{"__uuid__":"ecpdLyjvZBwrvm+cedCcQy"}],"_spriteFrame":{"__uuid__":"7aXzQ2hc5PEbgbnwoAvy1d"},"_sizeMode":0,"_isTrimmedMode":false}],"_prefab":{"__type__":"cc.PrefabInfo","root":{"__id__":1},"asset":{"__uuid__":"6eM8xW5lpLCY68s9MZp80J"},"fileId":"74qBBvbJVAiZadr4FjMNgg"},"_contentSize":{"__type__":"cc.Size","width":26,"height":26},"_trs":{"__type__":"TypedArray","ctor":"Float64Array","array":[14.659,-0.0006999999999983686,0,0,0,0,1,1,1,1]}},{"__type__":"cc.Node","_name":"m_name","_parent":{"__id__":60},"_components":[{"__type__":"cc.Label","_name":"m_name<Label>","node":{"__id__":62},"_materials":[{"__uuid__":"ecpdLyjvZBwrvm+cedCcQy"}],"_fontSize":22,"_lineHeight":22,"_N$horizontalAlign":1,"_N$verticalAlign":1}],"_prefab":{"__type__":"cc.PrefabInfo","root":{"__id__":1},"asset":{"__uuid__":"6eM8xW5lpLCY68s9MZp80J"},"fileId":"efm5Y/tzpOIbjC9LNJYQ1N"},"_contentSize":{"__type__":"cc.Size","height":27.72},"_anchorPoint":{"__type__":"cc.Vec2","y":0.5},"_trs":{"__type__":"TypedArray","ctor":"Float64Array","array":[35.07,0,0,0,0,0,1,1,1,1]}},{"__type__":"cc.Node","_name":"Image_ju","_parent":{"__id__":56},"_components":[{"__type__":"cc.Sprite","_name":"Image_ju<Sprite>","node":{"__id__":63},"_materials":[{"__uuid__":"ecpdLyjvZBwrvm+cedCcQy"}],"_spriteFrame":{"__uuid__":"989IOHNoZKH6VMph+9evkB"},"_sizeMode":0,"_isTrimmedMode":false}],"_prefab":{"__type__":"cc.PrefabInfo","root":{"__id__":1},"asset":{"__uuid__":"6eM8xW5lpLCY68s9MZp80J"},"fileId":"0cZNqyanxEcKBGudDHX5Yk"},"_contentSize":{"__type__":"cc.Size","width":100,"height":29},"_anchorPoint":{"__type__":"cc.Vec2","y":0.5},"_trs":{"__type__":"TypedArray","ctor":"Float64Array","array":[108.84,-83.5805,0,0,0,0,1,1,1,1]}},{"__type__":"cc.Node","_name":"Image_time","_parent":{"__id__":56},"_children":[{"__id__":65},{"__id__":66},{"__id__":67}],"_components":[{"__type__":"cc.Sprite","_name":"Image_time<Sprite>","node":{"__id__":64},"_materials":[{"__uuid__":"ecpdLyjvZBwrvm+cedCcQy"}],"_spriteFrame":{"__uuid__":"989IOHNoZKH6VMph+9evkB"},"_sizeMode":0,"_isTrimmedMode":false}],"_prefab":{"__type__":"cc.PrefabInfo","root":{"__id__":1},"asset":{"__uuid__":"6eM8xW5lpLCY68s9MZp80J"},"fileId":"15nYAOzBJDKYAHvVIcuzJp"},"_contentSize":{"__type__":"cc.Size","width":100,"height":29},"_anchorPoint":{"__type__":"cc.Vec2","y":0.5},"_trs":{"__type__":"TypedArray","ctor":"Float64Array","array":[0.7000000000000001,-83.5805,0,0,0,0,1,1,1,1]}},{"__type__":"cc.Node","_name":"Image_flag","_parent":{"__id__":64},"_components":[{"__type__":"cc.Sprite","_name":"Image_flag<Sprite>","node":{"__id__":65},"_materials":[{"__uuid__":"ecpdLyjvZBwrvm+cedCcQy"}],"_spriteFrame":{"__uuid__":"7bX47al6JMjJx9j7zwkGVj"},"_sizeMode":0,"_isTrimmedMode":false}],"_prefab":{"__type__":"cc.PrefabInfo","root":{"__id__":1},"asset":{"__uuid__":"6eM8xW5lpLCY68s9MZp80J"},"fileId":"349o1bK8lIa4rxp9pJMUP9"},"_contentSize":{"__type__":"cc.Size","width":19,"height":19},"_trs":{"__type__":"TypedArray","ctor":"Float64Array","array":[13.370000000000001,-0.00039999999999906777,0,0,0,0,1,1,1,1]}},{"__type__":"cc.Node","_name":"m_ju","_parent":{"__id__":64},"_components":[{"__type__":"cc.Label","_name":"m_ju<Label>","node":{"__id__":66},"_materials":[{"__uuid__":"ecpdLyjvZBwrvm+cedCcQy"}],"_fontSize":22,"_lineHeight":22,"_N$horizontalAlign":1,"_N$verticalAlign":1}],"_prefab":{"__type__":"cc.PrefabInfo","root":{"__id__":1},"asset":{"__uuid__":"6eM8xW5lpLCY68s9MZp80J"},"fileId":"4c2Vab50NJ8YEQHIbb8I82"},"_contentSize":{"__type__":"cc.Size","height":27.72},"_trs":{"__type__":"TypedArray","ctor":"Float64Array","array":[158,0,0,0,0,0,1,1,1,1]}},{"__type__":"cc.Node","_name":"Text_time","_parent":{"__id__":64},"_components":[{"__id__":68},{"__type__":"0dd32qbmWBMuLDPJJdKGmXV","node":{"__id__":67},"timeLabel":{"__id__":68}}],"_prefab":{"__type__":"cc.PrefabInfo","root":{"__id__":1},"asset":{"__uuid__":"6eM8xW5lpLCY68s9MZp80J"},"fileId":"60ZInLiQFHELnzQMugUdxp"},"_contentSize":{"__type__":"cc.Size","height":22},"_anchorPoint":{"__type__":"cc.Vec2","y":0.5},"_trs":{"__type__":"TypedArray","ctor":"Float64Array","array":[29.94,0,0,0,0,0,1,1,1,1]}},{"__type__":"cc.Label","_name":"Text_time<Label>","node":{"__id__":67},"_materials":[{"__uuid__":"ecpdLyjvZBwrvm+cedCcQy"}],"_fontSize":22,"_lineHeight":22,"_N$horizontalAlign":1,"_N$verticalAlign":1,"_N$cacheMode":2},{"__type__":"cc.Node","_name":"leftTopBtn","_parent":{"__id__":56},"_components":[{"__type__":"cc.Button","node":{"__id__":69},"clickEvents":[{"__type__":"cc.ClickEvent","target":{"__id__":1},"_componentId":"6dac97rCPdB97OZABXmfmMC","handler":"showWanFa"}],"_N$target":{"__id__":69}}],"_prefab":{"__type__":"cc.PrefabInfo","root":{"__id__":1},"asset":{"__uuid__":"6eM8xW5lpLCY68s9MZp80J"},"fileId":"89tLBroMJAwIcXZN4FfAKv"},"_contentSize":{"__type__":"cc.Size","width":260,"height":100},"_trs":{"__type__":"TypedArray","ctor":"Float64Array","array":[130,-50,0,0,0,0,1,1,1,1]},"_groupIndex":2,"groupIndex":2},{"__type__":"cc.Node","_name":"AtlasLabel_41","_parent":{"__id__":1},"_active":false,"_components":[{"__type__":"cc.StudioWidget","node":{"__id__":70},"_alignFlags":12,"_left":0.11,"_bottom":0.6580611111111112,"_isAbsLeft":false,"_isAbsBottom":false},{"__type__":"cc.Label","_name":"AtlasLabel_41<Label>","node":{"__id__":70},"_materials":[{"__uuid__":"ecpdLyjvZBwrvm+cedCcQy"}],"_string":"+888","_N$string":"+888","_fontSize":58,"_lineHeight":60,"_N$file":{"__uuid__":"3fsP2Sc5VHqKHIdy1yD0hs"},"_isSystemFontUsed":false,"_spacingX":-9,"_N$horizontalAlign":1,"_N$verticalAlign":1}],"_prefab":{"__type__":"cc.PrefabInfo","root":{"__id__":1},"asset":{"__uuid__":"6eM8xW5lpLCY68s9MZp80J"},"fileId":"f5Gk78wwJHP5njzKablyJ0"},"_contentSize":{"__type__":"cc.Size","width":162.82,"height":60},"_anchorPoint":{"__type__":"cc.Vec2","y":0.5},"_trs":{"__type__":"TypedArray","ctor":"Float64Array","array":[-499.2,156.44888888888897,0,0,0,0,1,1,1,1]}},{"__type__":"cc.Node","_name":"AtlasLabel_42","_parent":{"__id__":1},"_active":false,"_components":[{"__type__":"cc.StudioWidget","node":{"__id__":71},"_alignFlags":12,"_left":0.11,"_bottom":0.6580611111111112,"_isAbsLeft":false,"_isAbsBottom":false},{"__type__":"cc.Label","_name":"AtlasLabel_42<Label>","node":{"__id__":71},"_materials":[{"__uuid__":"ecpdLyjvZBwrvm+cedCcQy"}],"_string":"-888","_N$string":"-888","_fontSize":58,"_lineHeight":60,"_N$file":{"__uuid__":"45Z31L2R1MwIAjzSnYdKDl"},"_isSystemFontUsed":false,"_spacingX":-9,"_N$horizontalAlign":1,"_N$verticalAlign":1}],"_prefab":{"__type__":"cc.PrefabInfo","root":{"__id__":1},"asset":{"__uuid__":"6eM8xW5lpLCY68s9MZp80J"},"fileId":"1b0mizBtVNPb5NDW+FW4IF"},"_contentSize":{"__type__":"cc.Size","width":162.82,"height":60},"_anchorPoint":{"__type__":"cc.Vec2","y":0.5},"_trs":{"__type__":"TypedArray","ctor":"Float64Array","array":[-499.2,156.44888888888897,0,0,0,0,1,1,1,1]}},{"__type__":"cc.Node","_name":"AtlasLabel_31","_parent":{"__id__":1},"_active":false,"_components":[{"__type__":"cc.StudioWidget","node":{"__id__":72},"_alignFlags":12,"_left":0.6563734375,"_bottom":0.8321611111111111,"_isAbsLeft":false,"_isAbsBottom":false},{"__type__":"cc.Label","_name":"AtlasLabel_31<Label>","node":{"__id__":72},"_materials":[{"__uuid__":"ecpdLyjvZBwrvm+cedCcQy"}],"_string":"+888","_N$string":"+888","_fontSize":58,"_lineHeight":60,"_N$file":{"__uuid__":"3fsP2Sc5VHqKHIdy1yD0hs"},"_isSystemFontUsed":false,"_spacingX":-9,"_N$horizontalAlign":1,"_N$verticalAlign":1}],"_prefab":{"__type__":"cc.PrefabInfo","root":{"__id__":1},"asset":{"__uuid__":"6eM8xW5lpLCY68s9MZp80J"},"fileId":"86PWtp1UlGsIRXL86ceQg+"},"_contentSize":{"__type__":"cc.Size","width":162.82,"height":60},"_trs":{"__type__":"TypedArray","ctor":"Float64Array","array":[281.568,295.72888888888895,0,0,0,0,1,1,1,1]}},{"__type__":"cc.Node","_name":"AtlasLabel_32","_parent":{"__id__":1},"_active":false,"_components":[{"__type__":"cc.StudioWidget","node":{"__id__":73},"_alignFlags":12,"_left":0.6563734375,"_bottom":0.8321611111111111,"_isAbsLeft":false,"_isAbsBottom":false},{"__type__":"cc.Label","_name":"AtlasLabel_32<Label>","node":{"__id__":73},"_materials":[{"__uuid__":"ecpdLyjvZBwrvm+cedCcQy"}],"_string":"-888","_N$string":"-888","_fontSize":58,"_lineHeight":60,"_N$file":{"__uuid__":"45Z31L2R1MwIAjzSnYdKDl"},"_isSystemFontUsed":false,"_spacingX":-9,"_N$horizontalAlign":1,"_N$verticalAlign":1}],"_prefab":{"__type__":"cc.PrefabInfo","root":{"__id__":1},"asset":{"__uuid__":"6eM8xW5lpLCY68s9MZp80J"},"fileId":"82D43rFJJGX7UOcq2uuD91"},"_contentSize":{"__type__":"cc.Size","width":162.82,"height":60},"_trs":{"__type__":"TypedArray","ctor":"Float64Array","array":[281.568,295.72888888888895,0,0,0,0,1,1,1,1]}},{"__type__":"cc.Node","_name":"AtlasLabel_21","_parent":{"__id__":1},"_active":false,"_components":[{"__type__":"cc.StudioWidget","node":{"__id__":74},"_alignFlags":12,"_left":0.762746875,"_bottom":0.6580611111111112,"_isAbsLeft":false,"_isAbsBottom":false},{"__type__":"cc.Label","_name":"AtlasLabel_21<Label>","node":{"__id__":74},"_materials":[{"__uuid__":"ecpdLyjvZBwrvm+cedCcQy"}],"_string":"+888","_N$string":"+888","_fontSize":58,"_lineHeight":60,"_N$file":{"__uuid__":"3fsP2Sc5VHqKHIdy1yD0hs"},"_isSystemFontUsed":false,"_spacingX":-9,"_N$horizontalAlign":1,"_N$verticalAlign":1}],"_prefab":{"__type__":"cc.PrefabInfo","root":{"__id__":1},"asset":{"__uuid__":"6eM8xW5lpLCY68s9MZp80J"},"fileId":"e3R4bb+P1GMYngr83o6rgb"},"_contentSize":{"__type__":"cc.Size","width":162.82,"height":60},"_anchorPoint":{"__type__":"cc.Vec2","x":1,"y":0.5},"_trs":{"__type__":"TypedArray","ctor":"Float64Array","array":[499.136,156.44888888888897,0,0,0,0,1,1,1,1]}},{"__type__":"cc.Node","_name":"AtlasLabel_22","_parent":{"__id__":1},"_active":false,"_components":[{"__type__":"cc.StudioWidget","node":{"__id__":75},"_alignFlags":12,"_left":0.762746875,"_bottom":0.6580611111111112,"_isAbsLeft":false,"_isAbsBottom":false},{"__type__":"cc.Label","_name":"AtlasLabel_22<Label>","node":{"__id__":75},"_materials":[{"__uuid__":"ecpdLyjvZBwrvm+cedCcQy"}],"_string":"-888","_N$string":"-888","_fontSize":58,"_lineHeight":60,"_N$file":{"__uuid__":"45Z31L2R1MwIAjzSnYdKDl"},"_isSystemFontUsed":false,"_spacingX":-9,"_N$horizontalAlign":1,"_N$verticalAlign":1}],"_prefab":{"__type__":"cc.PrefabInfo","root":{"__id__":1},"asset":{"__uuid__":"6eM8xW5lpLCY68s9MZp80J"},"fileId":"96fOhcOgFIOoqNl3QsPCsw"},"_contentSize":{"__type__":"cc.Size","width":162.82,"height":60},"_anchorPoint":{"__type__":"cc.Vec2","x":1,"y":0.5},"_trs":{"__type__":"TypedArray","ctor":"Float64Array","array":[499.136,156.44888888888897,0,0,0,0,1,1,1,1]}},{"__type__":"cc.Node","_name":"AtlasLabel_11","_parent":{"__id__":1},"_active":false,"_components":[{"__type__":"cc.StudioWidget","node":{"__id__":76},"_alignFlags":12,"_left":0.17117343750000003,"_bottom":0.27006111111111103,"_isAbsLeft":false,"_isAbsBottom":false},{"__type__":"cc.Label","_name":"AtlasLabel_11<Label>","node":{"__id__":76},"_materials":[{"__uuid__":"ecpdLyjvZBwrvm+cedCcQy"}],"_string":"+888","_N$string":"+888","_fontSize":58,"_lineHeight":60,"_N$file":{"__uuid__":"3fsP2Sc5VHqKHIdy1yD0hs"},"_isSystemFontUsed":false,"_spacingX":-9,"_N$horizontalAlign":1,"_N$verticalAlign":1}],"_prefab":{"__type__":"cc.PrefabInfo","root":{"__id__":1},"asset":{"__uuid__":"6eM8xW5lpLCY68s9MZp80J"},"fileId":"eanmU3cfNDgI7kD0slkIWf"},"_contentSize":{"__type__":"cc.Size","width":162.82,"height":60},"_trs":{"__type__":"TypedArray","ctor":"Float64Array","array":[-339.48799999999994,-153.95111111111117,0,0,0,0,1,1,1,1]}},{"__type__":"cc.Node","_name":"AtlasLabel_12","_parent":{"__id__":1},"_active":false,"_components":[{"__type__":"cc.StudioWidget","node":{"__id__":77},"_alignFlags":12,"_left":0.17117343750000003,"_bottom":0.27006111111111103,"_isAbsLeft":false,"_isAbsBottom":false},{"__type__":"cc.Label","_name":"AtlasLabel_12<Label>","node":{"__id__":77},"_materials":[{"__uuid__":"ecpdLyjvZBwrvm+cedCcQy"}],"_string":"-888","_N$string":"-888","_fontSize":58,"_lineHeight":60,"_N$file":{"__uuid__":"45Z31L2R1MwIAjzSnYdKDl"},"_isSystemFontUsed":false,"_spacingX":-9,"_N$horizontalAlign":1,"_N$verticalAlign":1}],"_prefab":{"__type__":"cc.PrefabInfo","root":{"__id__":1},"asset":{"__uuid__":"6eM8xW5lpLCY68s9MZp80J"},"fileId":"ccflsqFxtNzqTq3PsjY2Hp"},"_contentSize":{"__type__":"cc.Size","width":162.82,"height":60},"_trs":{"__type__":"TypedArray","ctor":"Float64Array","array":[-339.48799999999994,-153.95111111111117,0,0,0,0,1,1,1,1]}},{"__type__":"cc.Node","_name":"Panel_niao","_parent":{"__id__":1},"_components":[{"__type__":"cc.StudioWidget","node":{"__id__":78},"_alignFlags":12,"_left":0.44045,"_bottom":0.56875,"_isAbsLeft":false,"_isAbsBottom":false}],"_prefab":{"__type__":"cc.PrefabInfo","root":{"__id__":1},"asset":{"__uuid__":"6eM8xW5lpLCY68s9MZp80J"},"fileId":"e3rvb6ZItHkKm/0CDTNoa5"},"_contentSize":{"__type__":"cc.Size","width":50,"height":50},"_trs":{"__type__":"TypedArray","ctor":"Float64Array","array":[-51.22399999999993,80,0,0,0,0,1,1,1,1]}},{"__type__":"cc.Node","_name":"Panel_2","_parent":{"__id__":1},"_children":[{"__type__":"cc.Node","_name":"Panel_tuowei","_parent":{"__id__":79},"_prefab":{"__type__":"cc.PrefabInfo","root":{"__id__":1},"asset":{"__uuid__":"6eM8xW5lpLCY68s9MZp80J"},"fileId":"32elq0IDBERr3yIV6/zP/j"},"_trs":{"__type__":"TypedArray","ctor":"Float64Array","array":[0,0,0,0,0,0,1,1,1,1]}},{"__type__":"cc.Node","_name":"Panel_bird","_parent":{"__id__":79},"_prefab":{"__type__":"cc.PrefabInfo","root":{"__id__":1},"asset":{"__uuid__":"6eM8xW5lpLCY68s9MZp80J"},"fileId":"edTvVRwz9D0p3PzgwfXpJO"},"_trs":{"__type__":"TypedArray","ctor":"Float64Array","array":[0,0,0,0,0,0,1,1,1,1]}}],"_prefab":{"__type__":"cc.PrefabInfo","root":{"__id__":1},"asset":{"__uuid__":"6eM8xW5lpLCY68s9MZp80J"},"fileId":"e9ut4s07FLzKm/IdhzJZlL"},"_trs":{"__type__":"TypedArray","ctor":"Float64Array","array":[0,0,0,0,0,0,1,1,1,1]}}]