[{"__type__":"cc.SceneAsset","_name":"PHZFourScene","scene":{"__id__":1},"asyncLoadAssets":{}},{"__type__":"cc.Scene","_name":"New Node","_children":[{"__id__":2}],"_active":false,"_anchorPoint":{"__type__":"cc.Vec2"},"_trs":{"__type__":"TypedArray","ctor":"Float64Array","array":[0,0,0,0,0,0,1,1,1,1]},"autoReleaseAssets":false},{"__type__":"cc.Node","_name":"Canvas","_parent":{"__id__":1},"_children":[{"__id__":3},{"__id__":4},{"__id__":29},{"__id__":30},{"__id__":31},{"__id__":92},{"__id__":97},{"__id__":98},{"__id__":103},{"__id__":104},{"__id__":7}],"_components":[{"__type__":"5f532Uocx5G37ktcyGRlvgg","node":{"__id__":2}},{"__type__":"6e608jsq6BD9Y4KzVunQyTu","node":{"__id__":2}},{"__type__":"c309cysSmZJJb1MwlMUZtPx","node":{"__id__":2}},{"__type__":"cc.Canvas","node":{"__id__":2},"_designResolution":{"__type__":"cc.Size","width":1280,"height":800},"_fitWidth":true},{"__type__":"cc.Widget","node":{"__id__":2},"_alignFlags":45},{"__type__":"64d85CtjF1DabBtK52ZnAQl","node":{"__id__":2}},{"__type__":"d9fd2jFO5hEVoMRrcsXPnxH","node":{"__id__":2}}],"_contentSize":{"__type__":"cc.Size","width":1280,"height":800},"_trs":{"__type__":"TypedArray","ctor":"Float64Array","array":[640,400,0,0,0,0,1,1,1,1]},"_id":"0efpUZDLBLzarMEU7MCzfV"},{"__type__":"cc.Node","_name":"Main Camera","_parent":{"__id__":2},"_components":[{"__type__":"cc.Camera","node":{"__id__":3},"_clearFlags":7,"_depth":-1}],"_contentSize":{"__type__":"cc.Size","width":960,"height":640},"_trs":{"__type__":"TypedArray","ctor":"Float64Array","array":[0,0,363.73066958946424,0,0,0,1,1,1,1]}},{"__type__":"cc.Node","_name":"RoomUI","_parent":{"__id__":2},"_components":[{"__type__":"9fe93LNI6xEJJVbAaegHVpX","node":{"__id__":4},"rightMenu":{"__id__":5}}],"_trs":{"__type__":"TypedArray","ctor":"Float64Array","array":[0,0,0,0,0,0,1,1,1,1]}},{"__type__":"cc.Node","_name":"RightMenuNode","_parent":{"__id__":6},"_children":[{"__id__":18}],"_active":false,"_components":[{"__type__":"77ed7/FNRhJwIJlIAPvom8U","node":{"__id__":5},"exitRoomBtn":{"__id__":21},"dissolveRoomBtn":{"__id__":23},"ownerDissolveRoomBtn":{"__id__":25},"settingBtn":{"__id__":27}},{"__type__":"cc.Button","node":{"__id__":5},"clickEvents":[{"__type__":"cc.ClickEvent","target":{"__id__":4},"_componentId":"9fe93LNI6xEJJVbAaegHVpX","handler":"onBtnClick","customEventData":"closeRightMenu"}],"_N$normalColor":{"__type__":"cc.Color","r":214,"g":214,"b":214},"_N$target":{"__id__":5}},{"__type__":"cc.Widget","node":{"__id__":5},"_alignFlags":40,"_originalWidth":1280}],"_prefab":{"__type__":"cc.PrefabInfo","root":{"__id__":7},"asset":{"__uuid__":"1aDaWFwQVIEIWwcoVXqt2s"},"fileId":"544bmzTPlCG6ErYQxnhq0n"},"_contentSize":{"__type__":"cc.Size","width":1280,"height":1080},"_trs":{"__type__":"TypedArray","ctor":"Float64Array","array":[0,0,0,0,0,0,1,1,1,1]}},{"__type__":"cc.Node","_name":"Normal","_parent":{"__id__":7},"_children":[{"__type__":"cc.Node","_name":"PlayerChat","_parent":{"__id__":6},"_prefab":{"__type__":"cc.PrefabInfo","root":{"__id__":7},"asset":{"__uuid__":"1aDaWFwQVIEIWwcoVXqt2s"},"fileId":"de2bpJiUhJAKuUPdkOjLjE"},"_trs":{"__type__":"TypedArray","ctor":"Float64Array","array":[0,0,0,0,0,0,1,1,1,1]}},{"__id__":5}],"_components":[{"__type__":"cc.Widget","node":{"__id__":6},"_alignFlags":45}],"_prefab":{"__type__":"cc.PrefabInfo","root":{"__id__":7},"asset":{"__uuid__":"1aDaWFwQVIEIWwcoVXqt2s"},"fileId":"32dccFjS+NEKKCn++A5hgHr"},"_contentSize":{"__type__":"cc.Size","width":1280,"height":800},"_trs":{"__type__":"TypedArray","ctor":"Float64Array","array":[0,0,0,0,0,0,1,1,1,1]}},{"__type__":"cc.Node","_name":"UI","_parent":{"__id__":2},"_children":[{"__id__":8},{"__id__":6},{"__id__":9},{"__id__":11}],"_components":[{"__type__":"cc.Widget","node":{"__id__":7},"_alignFlags":45,"_originalWidth":1280,"_originalHeight":720}],"_prefab":{"__type__":"cc.PrefabInfo","root":{"__id__":7},"asset":{"__uuid__":"1aDaWFwQVIEIWwcoVXqt2s"},"fileId":"2c935h/dIVKQ6MSxLu8BJMb"},"_contentSize":{"__type__":"cc.Size","width":1280,"height":800},"_trs":{"__type__":"TypedArray","ctor":"Float64Array","array":[0,0,0,0,0,0,1,1,1,1]}},{"__type__":"cc.Node","_name":"Animation","_parent":{"__id__":7},"_components":[{"__type__":"cc.Widget","node":{"__id__":8},"_alignFlags":45}],"_prefab":{"__type__":"cc.PrefabInfo","root":{"__id__":7},"asset":{"__uuid__":"1aDaWFwQVIEIWwcoVXqt2s"},"fileId":"844zGtqFZLobqPUKVp0TcS"},"_contentSize":{"__type__":"cc.Size","width":1280,"height":800},"_trs":{"__type__":"TypedArray","ctor":"Float64Array","array":[0,0,0,0,0,0,1,1,1,1]}},{"__type__":"cc.Node","_name":"ForWord","_parent":{"__id__":7},"_children":[{"__id__":10}],"_components":[{"__type__":"cc.Widget","node":{"__id__":9},"_alignFlags":45}],"_prefab":{"__type__":"cc.PrefabInfo","root":{"__id__":7},"asset":{"__uuid__":"1aDaWFwQVIEIWwcoVXqt2s"},"fileId":"6bd5c/tA2FIcbjUXJm1Vo4I"},"_contentSize":{"__type__":"cc.Size","width":1280,"height":800},"_trs":{"__type__":"TypedArray","ctor":"Float64Array","array":[0,0,0,0,0,0,1,1,1,1]}},{"__type__":"cc.Node","_name":"Mask","_parent":{"__id__":9},"_active":false,"_components":[{"__type__":"cc.Button","node":{"__id__":10},"_N$normalColor":{"__type__":"cc.Color","r":214,"g":214,"b":214},"_N$target":{"__id__":10}},{"__type__":"cc.Widget","node":{"__id__":10},"_wasAlignOnce":{},"isAlignOnce":{},"_alignFlags":45,"_originalWidth":1280,"_originalHeight":960}],"_prefab":{"__type__":"cc.PrefabInfo","root":{"__id__":7},"asset":{"__uuid__":"1aDaWFwQVIEIWwcoVXqt2s"},"fileId":"d7118yAG5lKybkFOAh8koPL"},"_opacity":128,"_color":{"__type__":"cc.Color"},"_contentSize":{"__type__":"cc.Size","width":1280,"height":960},"_trs":{"__type__":"TypedArray","ctor":"Float64Array","array":[0,0,0,0,0,0,1,1,1,1]}},{"__type__":"cc.Node","_name":"testBtnG","_parent":{"__id__":7},"_children":[{"__id__":12},{"__id__":15}],"_components":[{"__type__":"e7128ldwzlP2q4qUdybIvdD","node":{"__id__":11}},{"__type__":"cc.Widget","node":{"__id__":11},"_alignFlags":45}],"_prefab":{"__type__":"cc.PrefabInfo","root":{"__id__":7},"asset":{"__uuid__":"1aDaWFwQVIEIWwcoVXqt2s"},"fileId":"45wMNq09ZCmaD5Ey+Ue89O"},"_contentSize":{"__type__":"cc.Size","width":1280,"height":800},"_trs":{"__type__":"TypedArray","ctor":"Float64Array","array":[0,0,0,0,0,0,1,1,1,1]}},{"__type__":"cc.Node","_name":"button","_parent":{"__id__":11},"_children":[{"__id__":13}],"_components":[{"__type__":"cc.Button","node":{"__id__":12},"_normalMaterial":{"__uuid__":"ecpdLyjvZBwrvm+cedCcQy"},"clickEvents":[{"__type__":"cc.ClickEvent","target":{"__id__":2},"_componentId":"d9fd2jFO5hEVoMRrcsXPnxH","handler":"testAni","customEventData":"b2"}],"_N$transition":2,"transition":2,"_N$normalColor":{"__type__":"cc.Color","r":230,"g":230,"b":230},"_N$pressedColor":{"__type__":"cc.Color","r":200,"g":200,"b":200},"pressedColor":{"__type__":"cc.Color","r":200,"g":200,"b":200},"_N$disabledColor":{"__type__":"cc.Color","r":120,"g":120,"b":120,"a":200},"_N$normalSprite":{"__uuid__":"95yc26LhxFyp0kNJAXiGGL"},"_N$pressedSprite":{"__uuid__":"e9gfcI9PBIuq+Ue+oaUDBl"},"pressedSprite":{"__uuid__":"e9gfcI9PBIuq+Ue+oaUDBl"},"_N$hoverSprite":{"__uuid__":"e9gfcI9PBIuq+Ue+oaUDBl"},"hoverSprite":{"__uuid__":"e9gfcI9PBIuq+Ue+oaUDBl"},"_N$disabledSprite":{"__uuid__":"6drbwvAM9Gt4txImcu2YnY"},"_N$target":{"__id__":13}},{"__type__":"cc.Widget","node":{"__id__":12},"_alignFlags":33,"_right":186.42700000000002}],"_prefab":{"__type__":"cc.PrefabInfo","root":{"__id__":7},"asset":{"__uuid__":"1aDaWFwQVIEIWwcoVXqt2s"},"fileId":"94yb7y/ytB3LQjOL+7PlTn"},"_contentSize":{"__type__":"cc.Size","width":100,"height":40},"_trs":{"__type__":"TypedArray","ctor":"Float64Array","array":[403.573,380,0,0,0,0,1,1,1,1]}},{"__type__":"cc.Node","_name":"Background","_parent":{"__id__":12},"_children":[{"__id__":14}],"_components":[{"__type__":"cc.Sprite","node":{"__id__":13},"_materials":[{"__uuid__":"ecpdLyjvZBwrvm+cedCcQy"}],"_spriteFrame":{"__uuid__":"95yc26LhxFyp0kNJAXiGGL"},"_type":1,"_sizeMode":0},{"__type__":"cc.Widget","node":{"__id__":13},"alignMode":0,"_alignFlags":45,"_originalWidth":100,"_originalHeight":40}],"_prefab":{"__type__":"cc.PrefabInfo","root":{"__id__":7},"asset":{"__uuid__":"1aDaWFwQVIEIWwcoVXqt2s"},"fileId":"c8A+7QmhBGdoKrJGtxGQSA"},"_color":{"__type__":"cc.Color","r":230,"g":230,"b":230},"_contentSize":{"__type__":"cc.Size","width":100,"height":40},"_trs":{"__type__":"TypedArray","ctor":"Float64Array","array":[0,0,0,0,0,0,1,1,1,1]}},{"__type__":"cc.Node","_name":"Label","_parent":{"__id__":13},"_components":[{"__type__":"cc.Label","node":{"__id__":14},"_materials":[{"__uuid__":"ecpdLyjvZBwrvm+cedCcQy"}],"_useOriginalSize":false,"_string":"测试","_N$string":"测试","_fontSize":20,"_enableWrapText":false,"_N$horizontalAlign":1,"_N$verticalAlign":1,"_N$overflow":1}],"_prefab":{"__type__":"cc.PrefabInfo","root":{"__id__":7},"asset":{"__uuid__":"1aDaWFwQVIEIWwcoVXqt2s"},"fileId":"20IDFF23FBlJkDGY8HNOUF"},"_color":{"__type__":"cc.Color"},"_contentSize":{"__type__":"cc.Size","width":100,"height":40},"_trs":{"__type__":"TypedArray","ctor":"Float64Array","array":[0,0,0,0,0,0,1,1,1,1]}},{"__type__":"cc.Node","_name":"button","_parent":{"__id__":11},"_children":[{"__id__":16}],"_components":[{"__type__":"cc.Button","node":{"__id__":15},"_normalMaterial":{"__uuid__":"ecpdLyjvZBwrvm+cedCcQy"},"clickEvents":[{"__type__":"cc.ClickEvent","target":{"__id__":2},"_componentId":"d9fd2jFO5hEVoMRrcsXPnxH","handler":"nextAA","customEventData":"b2"}],"_N$transition":2,"transition":2,"_N$normalColor":{"__type__":"cc.Color","r":230,"g":230,"b":230},"_N$pressedColor":{"__type__":"cc.Color","r":200,"g":200,"b":200},"pressedColor":{"__type__":"cc.Color","r":200,"g":200,"b":200},"_N$disabledColor":{"__type__":"cc.Color","r":120,"g":120,"b":120,"a":200},"_N$normalSprite":{"__uuid__":"95yc26LhxFyp0kNJAXiGGL"},"_N$pressedSprite":{"__uuid__":"e9gfcI9PBIuq+Ue+oaUDBl"},"pressedSprite":{"__uuid__":"e9gfcI9PBIuq+Ue+oaUDBl"},"_N$hoverSprite":{"__uuid__":"e9gfcI9PBIuq+Ue+oaUDBl"},"hoverSprite":{"__uuid__":"e9gfcI9PBIuq+Ue+oaUDBl"},"_N$disabledSprite":{"__uuid__":"6drbwvAM9Gt4txImcu2YnY"},"_N$target":{"__id__":16}},{"__type__":"cc.Widget","node":{"__id__":15},"_alignFlags":33,"_right":186.42700000000002,"_top":48.105999999999995}],"_prefab":{"__type__":"cc.PrefabInfo","root":{"__id__":7},"asset":{"__uuid__":"1aDaWFwQVIEIWwcoVXqt2s"},"fileId":"77PioOZ95IApIBYiJPv+Xd"},"_contentSize":{"__type__":"cc.Size","width":100,"height":40},"_trs":{"__type__":"TypedArray","ctor":"Float64Array","array":[403.573,331.894,0,0,0,0,1,1,1,1]}},{"__type__":"cc.Node","_name":"Background","_parent":{"__id__":15},"_children":[{"__id__":17}],"_components":[{"__type__":"cc.Sprite","node":{"__id__":16},"_materials":[{"__uuid__":"ecpdLyjvZBwrvm+cedCcQy"}],"_spriteFrame":{"__uuid__":"95yc26LhxFyp0kNJAXiGGL"},"_type":1,"_sizeMode":0},{"__type__":"cc.Widget","node":{"__id__":16},"alignMode":0,"_alignFlags":45,"_originalWidth":100,"_originalHeight":40}],"_prefab":{"__type__":"cc.PrefabInfo","root":{"__id__":7},"asset":{"__uuid__":"1aDaWFwQVIEIWwcoVXqt2s"},"fileId":"91/kwAmnhBCoOxa2n5aTZI"},"_color":{"__type__":"cc.Color","r":230,"g":230,"b":230},"_contentSize":{"__type__":"cc.Size","width":100,"height":40},"_trs":{"__type__":"TypedArray","ctor":"Float64Array","array":[0,0,0,0,0,0,1,1,1,1]}},{"__type__":"cc.Node","_name":"Label","_parent":{"__id__":16},"_components":[{"__type__":"cc.Label","node":{"__id__":17},"_materials":[{"__uuid__":"ecpdLyjvZBwrvm+cedCcQy"}],"_useOriginalSize":false,"_string":"next","_N$string":"next","_fontSize":20,"_enableWrapText":false,"_N$horizontalAlign":1,"_N$verticalAlign":1,"_N$overflow":1}],"_prefab":{"__type__":"cc.PrefabInfo","root":{"__id__":7},"asset":{"__uuid__":"1aDaWFwQVIEIWwcoVXqt2s"},"fileId":"d5x4jPutJItqccNXzLTiMC"},"_color":{"__type__":"cc.Color"},"_contentSize":{"__type__":"cc.Size","width":100,"height":40},"_trs":{"__type__":"TypedArray","ctor":"Float64Array","array":[0,0,0,0,0,0,1,1,1,1]}},{"__type__":"cc.Node","_name":"menuNode","_parent":{"__id__":5},"_children":[{"__id__":19},{"__id__":20}],"_components":[{"__type__":"cc.Widget","node":{"__id__":18},"_alignFlags":32}],"_prefab":{"__type__":"cc.PrefabInfo","root":{"__id__":7},"asset":{"__uuid__":"1aDaWFwQVIEIWwcoVXqt2s"},"fileId":"69Nb1JdFNGpaW0/b5rllEz"},"_contentSize":{"__type__":"cc.Size","width":300,"height":1080},"_trs":{"__type__":"TypedArray","ctor":"Float64Array","array":[490,0,0,0,0,0,1,1,1,1]}},{"__type__":"cc.Node","_name":"backImage","_parent":{"__id__":18},"_components":[{"__type__":"cc.Sprite","node":{"__id__":19},"_materials":[{"__uuid__":"ecpdLyjvZBwrvm+cedCcQy"}],"_spriteFrame":{"__uuid__":"a2MjXRFdtLlYQ5ouAFv/+R"},"_sizeMode":0}],"_prefab":{"__type__":"cc.PrefabInfo","root":{"__id__":7},"asset":{"__uuid__":"1aDaWFwQVIEIWwcoVXqt2s"},"fileId":"45xPxU1qZGQYq2SoQ58jn8"},"_opacity":128,"_color":{"__type__":"cc.Color","r":36,"g":34,"b":34},"_contentSize":{"__type__":"cc.Size","width":300,"height":1080},"_trs":{"__type__":"TypedArray","ctor":"Float64Array","array":[0,0,0,0,0,0,1,1,1,1]}},{"__type__":"cc.Node","_name":"btnNode","_parent":{"__id__":18},"_children":[{"__id__":21},{"__id__":23},{"__id__":25},{"__id__":27}],"_components":[{"__type__":"cc.Layout","node":{"__id__":20},"_layoutSize":{"__type__":"cc.Size","width":300,"height":340},"_resize":1,"_N$layoutType":2,"_N$spacingY":20}],"_prefab":{"__type__":"cc.PrefabInfo","root":{"__id__":7},"asset":{"__uuid__":"1aDaWFwQVIEIWwcoVXqt2s"},"fileId":"e9rvXKjCxPnqN0dnpWPsgj"},"_contentSize":{"__type__":"cc.Size","width":300,"height":340},"_anchorPoint":{"__type__":"cc.Vec2","x":0.5,"y":1},"_trs":{"__type__":"TypedArray","ctor":"Float64Array","array":[0,270,0,0,0,0,1,1,1,1]}},{"__type__":"cc.Node","_name":"exitRoomBtn","_parent":{"__id__":20},"_children":[{"__id__":22}],"_components":[{"__type__":"cc.Button","node":{"__id__":21},"duration":0.05,"zoomScale":1.1,"clickEvents":[{"__type__":"cc.ClickEvent","target":{"__id__":4},"_componentId":"9fe93LNI6xEJJVbAaegHVpX","handler":"onBtnClick","customEventData":"exitRoom"}],"_N$transition":3,"transition":3,"_N$normalColor":{"__type__":"cc.Color","r":230,"g":230,"b":230},"_N$pressedColor":{"__type__":"cc.Color","r":200,"g":200,"b":200},"pressedColor":{"__type__":"cc.Color","r":200,"g":200,"b":200},"_N$disabledColor":{"__type__":"cc.Color","r":120,"g":120,"b":120,"a":200},"_N$target":{"__id__":22}}],"_prefab":{"__type__":"cc.PrefabInfo","root":{"__id__":7},"asset":{"__uuid__":"1aDaWFwQVIEIWwcoVXqt2s"},"fileId":"65EUWMeL9P+rX8rDSB+Tbq"},"_contentSize":{"__type__":"cc.Size","width":205,"height":70},"_trs":{"__type__":"TypedArray","ctor":"Float64Array","array":[0,-35,0,0,0,0,1,1,1,1]}},{"__type__":"cc.Node","_name":"Background","_parent":{"__id__":21},"_components":[{"__type__":"cc.Sprite","node":{"__id__":22},"_materials":[{"__uuid__":"ecpdLyjvZBwrvm+cedCcQy"}],"_spriteFrame":{"__uuid__":"7es+HO2HhC2rvkNfBvGY4h"}}],"_prefab":{"__type__":"cc.PrefabInfo","root":{"__id__":7},"asset":{"__uuid__":"1aDaWFwQVIEIWwcoVXqt2s"},"fileId":"a36F4k0E1Nc4aLBAFZn/of"},"_color":{"__type__":"cc.Color","r":230,"g":230,"b":230},"_contentSize":{"__type__":"cc.Size","width":205,"height":45},"_trs":{"__type__":"TypedArray","ctor":"Float64Array","array":[0,0,0,0,0,0,1,1,1,1]}},{"__type__":"cc.Node","_name":"dissolveRoomBtn","_parent":{"__id__":20},"_children":[{"__id__":24}],"_components":[{"__type__":"cc.Button","node":{"__id__":23},"duration":0.05,"zoomScale":1.1,"clickEvents":[{"__type__":"cc.ClickEvent","target":{"__id__":4},"_componentId":"9fe93LNI6xEJJVbAaegHVpX","handler":"onBtnClick","customEventData":"dissolveRoom"}],"_N$transition":3,"transition":3,"_N$normalColor":{"__type__":"cc.Color","r":230,"g":230,"b":230},"_N$pressedColor":{"__type__":"cc.Color","r":200,"g":200,"b":200},"pressedColor":{"__type__":"cc.Color","r":200,"g":200,"b":200},"_N$disabledColor":{"__type__":"cc.Color","r":120,"g":120,"b":120,"a":200},"_N$target":{"__id__":24}}],"_prefab":{"__type__":"cc.PrefabInfo","root":{"__id__":7},"asset":{"__uuid__":"1aDaWFwQVIEIWwcoVXqt2s"},"fileId":"38ds/FfmlAeZKeVePlpmUC"},"_contentSize":{"__type__":"cc.Size","width":207,"height":70},"_trs":{"__type__":"TypedArray","ctor":"Float64Array","array":[0,-125,0,0,0,0,1,1,1,1]}},{"__type__":"cc.Node","_name":"Background","_parent":{"__id__":23},"_components":[{"__type__":"cc.Sprite","node":{"__id__":24},"_materials":[{"__uuid__":"ecpdLyjvZBwrvm+cedCcQy"}],"_spriteFrame":{"__uuid__":"84jVaiQe1MBbITxLUROuNt"}}],"_prefab":{"__type__":"cc.PrefabInfo","root":{"__id__":7},"asset":{"__uuid__":"1aDaWFwQVIEIWwcoVXqt2s"},"fileId":"e4XNyR6MBDGp+XXXiQOPaz"},"_color":{"__type__":"cc.Color","r":230,"g":230,"b":230},"_contentSize":{"__type__":"cc.Size","width":207,"height":50},"_trs":{"__type__":"TypedArray","ctor":"Float64Array","array":[0,0,0,0,0,0,1,1,1,1]}},{"__type__":"cc.Node","_name":"ownerDissolveRoomBtn","_parent":{"__id__":20},"_children":[{"__id__":26}],"_components":[{"__type__":"cc.Button","node":{"__id__":25},"duration":0.05,"zoomScale":1.1,"clickEvents":[{"__type__":"cc.ClickEvent","target":{"__id__":4},"_componentId":"9fe93LNI6xEJJVbAaegHVpX","handler":"onBtnClick","customEventData":"ownerDissolveRoom"}],"_N$transition":3,"transition":3,"_N$normalColor":{"__type__":"cc.Color","r":230,"g":230,"b":230},"_N$pressedColor":{"__type__":"cc.Color","r":200,"g":200,"b":200},"pressedColor":{"__type__":"cc.Color","r":200,"g":200,"b":200},"_N$disabledColor":{"__type__":"cc.Color","r":120,"g":120,"b":120,"a":200},"_N$target":{"__id__":26}}],"_prefab":{"__type__":"cc.PrefabInfo","root":{"__id__":7},"asset":{"__uuid__":"1aDaWFwQVIEIWwcoVXqt2s"},"fileId":"4ef2jLtXpNe4wAiiw/8yL6"},"_contentSize":{"__type__":"cc.Size","width":207,"height":70},"_trs":{"__type__":"TypedArray","ctor":"Float64Array","array":[0,-215,0,0,0,0,1,1,1,1]}},{"__type__":"cc.Node","_name":"Background","_parent":{"__id__":25},"_components":[{"__type__":"cc.Sprite","node":{"__id__":26},"_materials":[{"__uuid__":"ecpdLyjvZBwrvm+cedCcQy"}],"_spriteFrame":{"__uuid__":"84jVaiQe1MBbITxLUROuNt"}}],"_prefab":{"__type__":"cc.PrefabInfo","root":{"__id__":7},"asset":{"__uuid__":"1aDaWFwQVIEIWwcoVXqt2s"},"fileId":"049bqFMGxJVpAc2Sx2tdHN"},"_color":{"__type__":"cc.Color","r":230,"g":230,"b":230},"_contentSize":{"__type__":"cc.Size","width":207,"height":50},"_trs":{"__type__":"TypedArray","ctor":"Float64Array","array":[0,0,0,0,0,0,1,1,1,1]}},{"__type__":"cc.Node","_name":"settingBtn","_parent":{"__id__":20},"_children":[{"__id__":28}],"_components":[{"__type__":"cc.Button","node":{"__id__":27},"duration":0.01,"zoomScale":1.1,"clickEvents":[{"__type__":"cc.ClickEvent","target":{"__id__":4},"_componentId":"9fe93LNI6xEJJVbAaegHVpX","handler":"onBtnClick","customEventData":"setting"}],"_N$transition":3,"transition":3,"_N$normalColor":{"__type__":"cc.Color","r":230,"g":230,"b":230},"_N$pressedColor":{"__type__":"cc.Color","r":200,"g":200,"b":200},"pressedColor":{"__type__":"cc.Color","r":200,"g":200,"b":200},"_N$disabledColor":{"__type__":"cc.Color","r":120,"g":120,"b":120,"a":200},"_N$target":{"__id__":28}}],"_prefab":{"__type__":"cc.PrefabInfo","root":{"__id__":7},"asset":{"__uuid__":"1aDaWFwQVIEIWwcoVXqt2s"},"fileId":"664l38UudIoqcvxqrA3r66"},"_contentSize":{"__type__":"cc.Size","width":206,"height":70},"_trs":{"__type__":"TypedArray","ctor":"Float64Array","array":[0,-305,0,0,0,0,1,1,1,1]}},{"__type__":"cc.Node","_name":"Background","_parent":{"__id__":27},"_components":[{"__type__":"cc.Sprite","node":{"__id__":28},"_materials":[{"__uuid__":"ecpdLyjvZBwrvm+cedCcQy"}],"_spriteFrame":{"__uuid__":"884biITwBAYqMZgCB/X2+I"}}],"_prefab":{"__type__":"cc.PrefabInfo","root":{"__id__":7},"asset":{"__uuid__":"1aDaWFwQVIEIWwcoVXqt2s"},"fileId":"d2UHRivYBFNo8EANh9lTc2"},"_color":{"__type__":"cc.Color","r":230,"g":230,"b":230},"_contentSize":{"__type__":"cc.Size","width":206,"height":51},"_trs":{"__type__":"TypedArray","ctor":"Float64Array","array":[0,0,0,0,0,0,1,1,1,1]}},{"__type__":"cc.Node","_parent":{"__id__":2},"_id":"f0LenQcvJHqbgNKf8c5ehI","_prefab":{"__type__":"cc.PrefabInfo","root":{"__id__":29},"asset":{"__uuid__":"26F/XWsYhNf67bmjaad+ed"},"fileId":"3bqkFgbf1Ar5jcY6yg5L5z","sync":true},"_name":"TableFourLayer","_trs":{"__type__":"TypedArray","ctor":"Float64Array","array":[0,0,0,0,0,0,1,1,1,1]}},{"__type__":"cc.Node","_parent":{"__id__":2},"_id":"63ReMAwjZCI56yd+y6B9B1","_prefab":{"__type__":"cc.PrefabInfo","root":{"__id__":30},"asset":{"__uuid__":"94uCt2aElCtqM2k8l7s45z"},"fileId":"dcuBXZ/o9PF5cQAqb+7Hdv","sync":true},"_name":"CardFourLayer","_trs":{"__type__":"TypedArray","ctor":"Float64Array","array":[0,0,0,0,0,0,1,1,1,1]}},{"__type__":"cc.Node","_name":"PlayerFourLayer","_parent":{"__id__":2},"_children":[{"__id__":32},{"__id__":45},{"__id__":58},{"__id__":71},{"__id__":84},{"__id__":85},{"__id__":87},{"__id__":89}],"_components":[{"__type__":"cc.Widget","node":{"__id__":31},"_alignFlags":45,"_originalWidth":1280,"_originalHeight":800},{"__type__":"61e5eiianFCGZBuKm9P84nf","node":{"__id__":31},"playerList":[{"__id__":44},{"__id__":57},{"__id__":70},{"__id__":83}]}],"_prefab":{"__type__":"cc.PrefabInfo","root":{"__id__":31},"asset":{"__uuid__":"d06pacUF9IJJdYVcg5NUhP"},"fileId":"7fCCeHmyVONb0Q9d7UIITf"},"_contentSize":{"__type__":"cc.Size","width":1280,"height":800},"_trs":{"__type__":"TypedArray","ctor":"Float64Array","array":[0,0,0,0,0,0,1,1,1,1]}},{"__type__":"cc.Node","_name":"FileNode_1","_parent":{"__id__":31},"_children":[{"__id__":33},{"__id__":34},{"__id__":37},{"__id__":38}],"_components":[{"__type__":"cc.StudioWidget","node":{"__id__":32},"_alignFlags":12,"_left":0.0451,"_bottom":0.1455,"_isAbsLeft":false,"_isAbsBottom":false},{"__id__":44}],"_prefab":{"__type__":"cc.PrefabInfo","root":{"__id__":31},"asset":{"__uuid__":"d06pacUF9IJJdYVcg5NUhP"},"fileId":"a3fGRMPDhDFYvdQnzs2LJ0"},"_anchorPoint":{"__type__":"cc.Vec2"},"_trs":{"__type__":"TypedArray","ctor":"Float64Array","array":[-582.272,-283.6,0,0,0,0,1,1,1,1]}},{"__type__":"cc.Node","_name":"headNode","_parent":{"__id__":32},"_prefab":{"__type__":"cc.PrefabInfo","root":{"__id__":31},"asset":{"__uuid__":"d06pacUF9IJJdYVcg5NUhP"},"fileId":"93OGj2LsRK/JS67GZ6pw0v"},"_trs":{"__type__":"TypedArray","ctor":"Float64Array","array":[0,0,0,0,0,0,1,1,1,1]}},{"__type__":"cc.Node","_name":"huxi","_parent":{"__id__":32},"_children":[{"__id__":35}],"_active":false,"_components":[{"__type__":"cc.Sprite","node":{"__id__":34},"_materials":[{"__uuid__":"ecpdLyjvZBwrvm+cedCcQy"}],"_spriteFrame":{"__uuid__":"31GxjgHQZPzIQXaxu7BDrk"},"_sizeMode":0,"_isTrimmedMode":false}],"_prefab":{"__type__":"cc.PrefabInfo","root":{"__id__":31},"asset":{"__uuid__":"d06pacUF9IJJdYVcg5NUhP"},"fileId":"487mNhKPNIopzl+Mz8Y3er"},"_contentSize":{"__type__":"cc.Size","width":106,"height":29},"_trs":{"__type__":"TypedArray","ctor":"Float64Array","array":[0,-97.26,0,0,0,0,1,1,1,1]}},{"__type__":"cc.Node","_name":"Text_huxi","_parent":{"__id__":34},"_components":[{"__id__":36}],"_prefab":{"__type__":"cc.PrefabInfo","root":{"__id__":31},"asset":{"__uuid__":"d06pacUF9IJJdYVcg5NUhP"},"fileId":"1aM4Ghj/tLv6pwwUNlCizZ"},"_contentSize":{"__type__":"cc.Size","width":28.92,"height":32.76},"_trs":{"__type__":"TypedArray","ctor":"Float64Array","array":[22.528800000000004,-0.1664999999999992,0,0,0,0,1,1,1,1]}},{"__type__":"cc.Label","node":{"__id__":35},"_materials":[{"__uuid__":"ecpdLyjvZBwrvm+cedCcQy"}],"_string":"99","_N$string":"99","_fontSize":26,"_lineHeight":0},{"__type__":"cc.Node","_name":"ready","_parent":{"__id__":32},"_active":false,"_components":[{"__type__":"cc.Sprite","node":{"__id__":37},"_materials":[{"__uuid__":"ecpdLyjvZBwrvm+cedCcQy"}],"_spriteFrame":{"__uuid__":"88uNOte6xIU5XdPkX4FYe9"},"_sizeMode":0,"_isTrimmedMode":false}],"_prefab":{"__type__":"cc.PrefabInfo","root":{"__id__":31},"asset":{"__uuid__":"d06pacUF9IJJdYVcg5NUhP"},"fileId":"b49G5ftyRJNp8u3DkugKZt"},"_contentSize":{"__type__":"cc.Size","width":83,"height":45},"_trs":{"__type__":"TypedArray","ctor":"Float64Array","array":[0,-20,0,0,0,0,1,1,1,1]}},{"__type__":"cc.Node","_name":"clock","_parent":{"__id__":32},"_children":[{"__id__":39},{"__id__":40},{"__id__":41}],"_components":[{"__id__":43}],"_prefab":{"__type__":"cc.PrefabInfo","root":{"__id__":31},"asset":{"__uuid__":"d06pacUF9IJJdYVcg5NUhP"},"fileId":"dbuSKzVWNDkbk19ieLfeBF"},"_contentSize":{"__type__":"cc.Size","width":103,"height":105},"_trs":{"__type__":"TypedArray","ctor":"Float64Array","array":[-2.802,103.81,0,0,0,0,1,0.9,0.9,0.9]}},{"__type__":"cc.Node","_name":"timeBg","_parent":{"__id__":38},"_components":[{"__type__":"cc.Sprite","_name":"timeBg<Sprite>","node":{"__id__":39},"_materials":[{"__uuid__":"ecpdLyjvZBwrvm+cedCcQy"}],"_spriteFrame":{"__uuid__":"705HTZIkhMraQ82YyK4wym"},"_sizeMode":0,"_isTrimmedMode":false}],"_prefab":{"__type__":"cc.PrefabInfo","root":{"__id__":31},"asset":{"__uuid__":"d06pacUF9IJJdYVcg5NUhP"},"fileId":"51IVqwGkxGbrDNmuTPRfWi"},"_contentSize":{"__type__":"cc.Size","width":103,"height":105},"_trs":{"__type__":"TypedArray","ctor":"Float64Array","array":[0,0,0,0,0,0,1,1,1,1]}},{"__type__":"cc.Node","_name":"Node_Ani","_parent":{"__id__":38},"_prefab":{"__type__":"cc.PrefabInfo","root":{"__id__":31},"asset":{"__uuid__":"d06pacUF9IJJdYVcg5NUhP"},"fileId":"cdV+PhBLBEi6iipaMvgzcc"},"_anchorPoint":{"__type__":"cc.Vec2"},"_trs":{"__type__":"TypedArray","ctor":"Float64Array","array":[0,0,0,0,0,0,1,1,1,1]}},{"__type__":"cc.Node","_name":"Text_time","_parent":{"__id__":38},"_components":[{"__id__":42}],"_prefab":{"__type__":"cc.PrefabInfo","root":{"__id__":31},"asset":{"__uuid__":"d06pacUF9IJJdYVcg5NUhP"},"fileId":"39+O3CflJFALqlkz+/74m8"},"_contentSize":{"__type__":"cc.Size","width":72,"height":48},"_trs":{"__type__":"TypedArray","ctor":"Float64Array","array":[0,0,0,0,0,0,1,0.7,0.7,1]}},{"__type__":"cc.Label","_name":"Text_time<Label>","node":{"__id__":41},"_materials":[{"__uuid__":"ecpdLyjvZBwrvm+cedCcQy"}],"_string":"00","_N$string":"00","_fontSize":45,"_lineHeight":48,"_N$file":{"__uuid__":"49VhTqcbFJm5IHnRyFx++l"},"_isSystemFontUsed":false,"_N$horizontalAlign":1,"_N$verticalAlign":1},{"__type__":"23033gqUPhLwbJCT5jo+L8o","node":{"__id__":38},"Text_time":{"__id__":42},"Node_Ani":{"__id__":40}},{"__type__":"1c573EJ9TBP3odmVFPSYHKZ","node":{"__id__":32},"clientSeatId":1,"playerNodePrefab":{"__uuid__":"677PIHtqFJ8qlLsg/KHDiq"},"clock":{"__id__":43},"readyNode":{"__id__":37},"timePrefab":{"__uuid__":"1dl+JLbvxM6rdZ3PiY36Ot"},"headNode":{"__id__":33},"huxiNode":{"__id__":34},"huxiValue":{"__id__":36}},{"__type__":"cc.Node","_name":"FileNode_2","_parent":{"__id__":31},"_children":[{"__id__":46},{"__id__":47},{"__id__":50},{"__id__":51}],"_components":[{"__type__":"cc.StudioWidget","node":{"__id__":45},"_alignFlags":12,"_left":0.95,"_bottom":0.6425,"_isAbsLeft":false,"_isAbsBottom":false},{"__id__":57}],"_prefab":{"__type__":"cc.PrefabInfo","root":{"__id__":31},"asset":{"__uuid__":"d06pacUF9IJJdYVcg5NUhP"},"fileId":"40GeHfxeBBgZeZ1d2L0g6x"},"_anchorPoint":{"__type__":"cc.Vec2"},"_trs":{"__type__":"TypedArray","ctor":"Float64Array","array":[576,114,0,0,0,0,1,1,1,1]}},{"__type__":"cc.Node","_name":"headNode","_parent":{"__id__":45},"_prefab":{"__type__":"cc.PrefabInfo","root":{"__id__":31},"asset":{"__uuid__":"d06pacUF9IJJdYVcg5NUhP"},"fileId":"8aE3TomJxPYYmbnw99JK7l"},"_trs":{"__type__":"TypedArray","ctor":"Float64Array","array":[0,0,0,0,0,0,1,1,1,1]}},{"__type__":"cc.Node","_name":"huxi","_parent":{"__id__":45},"_children":[{"__id__":48}],"_active":false,"_components":[{"__type__":"cc.Sprite","node":{"__id__":47},"_materials":[{"__uuid__":"ecpdLyjvZBwrvm+cedCcQy"}],"_spriteFrame":{"__uuid__":"31GxjgHQZPzIQXaxu7BDrk"},"_sizeMode":0,"_isTrimmedMode":false}],"_prefab":{"__type__":"cc.PrefabInfo","root":{"__id__":31},"asset":{"__uuid__":"d06pacUF9IJJdYVcg5NUhP"},"fileId":"92KzA6O0JA37fR1/xeu6ma"},"_contentSize":{"__type__":"cc.Size","width":106,"height":29},"_trs":{"__type__":"TypedArray","ctor":"Float64Array","array":[0,-97.98,0,0,0,0,1,1,1,1]}},{"__type__":"cc.Node","_name":"Text_huxi","_parent":{"__id__":47},"_components":[{"__id__":49}],"_prefab":{"__type__":"cc.PrefabInfo","root":{"__id__":31},"asset":{"__uuid__":"d06pacUF9IJJdYVcg5NUhP"},"fileId":"14actnBJFM3Lg03rCk4/Hw"},"_contentSize":{"__type__":"cc.Size","width":28.92,"height":32.76},"_trs":{"__type__":"TypedArray","ctor":"Float64Array","array":[22.53,-0.16999999999999993,0,0,0,0,1,1,1,1]}},{"__type__":"cc.Label","node":{"__id__":48},"_materials":[{"__uuid__":"ecpdLyjvZBwrvm+cedCcQy"}],"_string":"99","_N$string":"99","_fontSize":26,"_lineHeight":0},{"__type__":"cc.Node","_name":"ready","_parent":{"__id__":45},"_active":false,"_components":[{"__type__":"cc.Sprite","node":{"__id__":50},"_materials":[{"__uuid__":"ecpdLyjvZBwrvm+cedCcQy"}],"_spriteFrame":{"__uuid__":"88uNOte6xIU5XdPkX4FYe9"},"_sizeMode":0,"_isTrimmedMode":false}],"_prefab":{"__type__":"cc.PrefabInfo","root":{"__id__":31},"asset":{"__uuid__":"d06pacUF9IJJdYVcg5NUhP"},"fileId":"3dNnA/OTxG37S1xKdq74mI"},"_contentSize":{"__type__":"cc.Size","width":83,"height":45},"_trs":{"__type__":"TypedArray","ctor":"Float64Array","array":[0,-20,0,0,0,0,1,1,1,1]}},{"__type__":"cc.Node","_name":"clock","_parent":{"__id__":45},"_children":[{"__id__":52},{"__id__":53},{"__id__":54}],"_components":[{"__id__":56}],"_prefab":{"__type__":"cc.PrefabInfo","root":{"__id__":31},"asset":{"__uuid__":"d06pacUF9IJJdYVcg5NUhP"},"fileId":"62zMi8CZtCdYLJK0qr2sXe"},"_contentSize":{"__type__":"cc.Size","width":103,"height":105},"_trs":{"__type__":"TypedArray","ctor":"Float64Array","array":[-5.234,103.81,0,0,0,0,1,0.9,0.9,0.9]}},{"__type__":"cc.Node","_name":"timeBg","_parent":{"__id__":51},"_components":[{"__type__":"cc.Sprite","_name":"timeBg<Sprite>","node":{"__id__":52},"_materials":[{"__uuid__":"ecpdLyjvZBwrvm+cedCcQy"}],"_spriteFrame":{"__uuid__":"705HTZIkhMraQ82YyK4wym"},"_sizeMode":0,"_isTrimmedMode":false}],"_prefab":{"__type__":"cc.PrefabInfo","root":{"__id__":31},"asset":{"__uuid__":"d06pacUF9IJJdYVcg5NUhP"},"fileId":"78LRqDV8xPS7+pbT0c0Dow"},"_contentSize":{"__type__":"cc.Size","width":103,"height":105},"_trs":{"__type__":"TypedArray","ctor":"Float64Array","array":[0,0,0,0,0,0,1,1,1,1]}},{"__type__":"cc.Node","_name":"Node_Ani","_parent":{"__id__":51},"_prefab":{"__type__":"cc.PrefabInfo","root":{"__id__":31},"asset":{"__uuid__":"d06pacUF9IJJdYVcg5NUhP"},"fileId":"e0vrUOZyRBBqNv32A1TrGq"},"_anchorPoint":{"__type__":"cc.Vec2"},"_trs":{"__type__":"TypedArray","ctor":"Float64Array","array":[0,0,0,0,0,0,1,1,1,1]}},{"__type__":"cc.Node","_name":"Text_time","_parent":{"__id__":51},"_components":[{"__id__":55}],"_prefab":{"__type__":"cc.PrefabInfo","root":{"__id__":31},"asset":{"__uuid__":"d06pacUF9IJJdYVcg5NUhP"},"fileId":"dbtWv2VvRHHb7CteDua2nO"},"_contentSize":{"__type__":"cc.Size","width":72,"height":48},"_trs":{"__type__":"TypedArray","ctor":"Float64Array","array":[0,0,0,0,0,0,1,0.7,0.7,1]}},{"__type__":"cc.Label","_name":"Text_time<Label>","node":{"__id__":54},"_materials":[{"__uuid__":"ecpdLyjvZBwrvm+cedCcQy"}],"_string":"20","_N$string":"20","_fontSize":45,"_lineHeight":48,"_N$file":{"__uuid__":"49VhTqcbFJm5IHnRyFx++l"},"_isSystemFontUsed":false,"_N$horizontalAlign":1,"_N$verticalAlign":1},{"__type__":"23033gqUPhLwbJCT5jo+L8o","node":{"__id__":51},"Text_time":{"__id__":55},"Node_Ani":{"__id__":53}},{"__type__":"1c573EJ9TBP3odmVFPSYHKZ","node":{"__id__":45},"clientSeatId":2,"playerNodePrefab":{"__uuid__":"677PIHtqFJ8qlLsg/KHDiq"},"clock":{"__id__":56},"readyNode":{"__id__":50},"timePrefab":{"__uuid__":"1dl+JLbvxM6rdZ3PiY36Ot"},"headNode":{"__id__":46},"huxiNode":{"__id__":47},"huxiValue":{"__id__":49}},{"__type__":"cc.Node","_name":"FileNode_3","_parent":{"__id__":31},"_children":[{"__id__":59},{"__id__":60},{"__id__":63},{"__id__":64}],"_components":[{"__type__":"cc.StudioWidget","node":{"__id__":58},"_alignFlags":9,"_left":0.4225,"_top":0.09625000000000003,"_bottom":0.9037000000000001,"_isAbsLeft":false,"_isAbsTop":false,"_isAbsBottom":false},{"__id__":70}],"_prefab":{"__type__":"cc.PrefabInfo","root":{"__id__":31},"asset":{"__uuid__":"d06pacUF9IJJdYVcg5NUhP"},"fileId":"90hCjn+TxATK6PKdIb6wsg"},"_anchorPoint":{"__type__":"cc.Vec2"},"_trs":{"__type__":"TypedArray","ctor":"Float64Array","array":[-99.20000000000005,323,0,0,0,0,1,1,1,1]}},{"__type__":"cc.Node","_name":"headNode","_parent":{"__id__":58},"_prefab":{"__type__":"cc.PrefabInfo","root":{"__id__":31},"asset":{"__uuid__":"d06pacUF9IJJdYVcg5NUhP"},"fileId":"78oLcGFL9HeKZbKCG1aTgX"},"_trs":{"__type__":"TypedArray","ctor":"Float64Array","array":[0,0,0,0,0,0,1,1,1,1]}},{"__type__":"cc.Node","_name":"huxi","_parent":{"__id__":58},"_children":[{"__id__":61}],"_active":false,"_components":[{"__type__":"cc.Sprite","node":{"__id__":60},"_materials":[{"__uuid__":"ecpdLyjvZBwrvm+cedCcQy"}],"_spriteFrame":{"__uuid__":"31GxjgHQZPzIQXaxu7BDrk"},"_sizeMode":0,"_isTrimmedMode":false}],"_prefab":{"__type__":"cc.PrefabInfo","root":{"__id__":31},"asset":{"__uuid__":"d06pacUF9IJJdYVcg5NUhP"},"fileId":"9ah1dVG49CvaYYA+g4KrOn"},"_contentSize":{"__type__":"cc.Size","width":106,"height":29},"_trs":{"__type__":"TypedArray","ctor":"Float64Array","array":[0,-97.1,0,0,0,0,1,1,1,1]}},{"__type__":"cc.Node","_name":"Text_huxi","_parent":{"__id__":60},"_components":[{"__id__":62}],"_prefab":{"__type__":"cc.PrefabInfo","root":{"__id__":31},"asset":{"__uuid__":"d06pacUF9IJJdYVcg5NUhP"},"fileId":"10NWfoiehGb66CNRqm6p7h"},"_contentSize":{"__type__":"cc.Size","width":28.92,"height":32.76},"_trs":{"__type__":"TypedArray","ctor":"Float64Array","array":[22.53,-0.16999999999999993,0,0,0,0,1,1,1,1]}},{"__type__":"cc.Label","node":{"__id__":61},"_materials":[{"__uuid__":"ecpdLyjvZBwrvm+cedCcQy"}],"_string":"99","_N$string":"99","_fontSize":26,"_lineHeight":0},{"__type__":"cc.Node","_name":"ready","_parent":{"__id__":58},"_active":false,"_components":[{"__type__":"cc.Sprite","node":{"__id__":63},"_materials":[{"__uuid__":"ecpdLyjvZBwrvm+cedCcQy"}],"_spriteFrame":{"__uuid__":"88uNOte6xIU5XdPkX4FYe9"},"_sizeMode":0,"_isTrimmedMode":false}],"_prefab":{"__type__":"cc.PrefabInfo","root":{"__id__":31},"asset":{"__uuid__":"d06pacUF9IJJdYVcg5NUhP"},"fileId":"a5UdUVU+lGW7FdeP1DDWSs"},"_contentSize":{"__type__":"cc.Size","width":83,"height":45},"_trs":{"__type__":"TypedArray","ctor":"Float64Array","array":[0,-20,0,0,0,0,1,1,1,1]}},{"__type__":"cc.Node","_name":"clock","_parent":{"__id__":58},"_children":[{"__id__":65},{"__id__":66},{"__id__":67}],"_components":[{"__id__":69}],"_prefab":{"__type__":"cc.PrefabInfo","root":{"__id__":31},"asset":{"__uuid__":"d06pacUF9IJJdYVcg5NUhP"},"fileId":"be0rxkqiBIz5nx13Nat9GA"},"_contentSize":{"__type__":"cc.Size","width":103,"height":105},"_trs":{"__type__":"TypedArray","ctor":"Float64Array","array":[-179.698,-5.23,0,0,0,0,1,0.9,0.9,0.9]}},{"__type__":"cc.Node","_name":"timeBg","_parent":{"__id__":64},"_components":[{"__type__":"cc.Sprite","_name":"timeBg<Sprite>","node":{"__id__":65},"_materials":[{"__uuid__":"ecpdLyjvZBwrvm+cedCcQy"}],"_spriteFrame":{"__uuid__":"705HTZIkhMraQ82YyK4wym"},"_sizeMode":0,"_isTrimmedMode":false}],"_prefab":{"__type__":"cc.PrefabInfo","root":{"__id__":31},"asset":{"__uuid__":"d06pacUF9IJJdYVcg5NUhP"},"fileId":"3eTukZqSVI1YeDVHu6FifA"},"_contentSize":{"__type__":"cc.Size","width":103,"height":105},"_trs":{"__type__":"TypedArray","ctor":"Float64Array","array":[0,0,0,0,0,0,1,1,1,1]}},{"__type__":"cc.Node","_name":"Node_Ani","_parent":{"__id__":64},"_prefab":{"__type__":"cc.PrefabInfo","root":{"__id__":31},"asset":{"__uuid__":"d06pacUF9IJJdYVcg5NUhP"},"fileId":"8e90Nb6S9NjbX55KBvzyrn"},"_anchorPoint":{"__type__":"cc.Vec2"},"_trs":{"__type__":"TypedArray","ctor":"Float64Array","array":[0,0,0,0,0,0,1,1,1,1]}},{"__type__":"cc.Node","_name":"Text_time","_parent":{"__id__":64},"_components":[{"__id__":68}],"_prefab":{"__type__":"cc.PrefabInfo","root":{"__id__":31},"asset":{"__uuid__":"d06pacUF9IJJdYVcg5NUhP"},"fileId":"cc8P1ac9VLZ5SroUyiZo+R"},"_contentSize":{"__type__":"cc.Size","width":72,"height":48},"_trs":{"__type__":"TypedArray","ctor":"Float64Array","array":[0,0,0,0,0,0,1,0.7,0.7,1]}},{"__type__":"cc.Label","_name":"Text_time<Label>","node":{"__id__":67},"_materials":[{"__uuid__":"ecpdLyjvZBwrvm+cedCcQy"}],"_string":"20","_N$string":"20","_fontSize":45,"_lineHeight":48,"_N$file":{"__uuid__":"49VhTqcbFJm5IHnRyFx++l"},"_isSystemFontUsed":false,"_N$horizontalAlign":1,"_N$verticalAlign":1},{"__type__":"23033gqUPhLwbJCT5jo+L8o","node":{"__id__":64},"Text_time":{"__id__":68},"Node_Ani":{"__id__":66}},{"__type__":"1c573EJ9TBP3odmVFPSYHKZ","node":{"__id__":58},"clientSeatId":3,"playerNodePrefab":{"__uuid__":"677PIHtqFJ8qlLsg/KHDiq"},"clock":{"__id__":69},"readyNode":{"__id__":63},"timePrefab":{"__uuid__":"1dl+JLbvxM6rdZ3PiY36Ot"},"headNode":{"__id__":59},"huxiNode":{"__id__":60},"huxiValue":{"__id__":62}},{"__type__":"cc.Node","_name":"FileNode_4","_parent":{"__id__":31},"_children":[{"__id__":72},{"__id__":73},{"__id__":76},{"__id__":77}],"_components":[{"__type__":"cc.StudioWidget","node":{"__id__":71},"_alignFlags":12,"_left":0.05,"_bottom":0.6425,"_isAbsLeft":false,"_isAbsBottom":false},{"__id__":83}],"_prefab":{"__type__":"cc.PrefabInfo","root":{"__id__":31},"asset":{"__uuid__":"d06pacUF9IJJdYVcg5NUhP"},"fileId":"716cPhSdVAwa26cLfS9bIy"},"_anchorPoint":{"__type__":"cc.Vec2"},"_trs":{"__type__":"TypedArray","ctor":"Float64Array","array":[-576,114,0,0,0,0,1,1,1,1]}},{"__type__":"cc.Node","_name":"headNode","_parent":{"__id__":71},"_prefab":{"__type__":"cc.PrefabInfo","root":{"__id__":31},"asset":{"__uuid__":"d06pacUF9IJJdYVcg5NUhP"},"fileId":"7cfYii/JtIK50r3xLXmydT"},"_trs":{"__type__":"TypedArray","ctor":"Float64Array","array":[0,0,0,0,0,0,1,1,1,1]}},{"__type__":"cc.Node","_name":"huxi","_parent":{"__id__":71},"_children":[{"__id__":74}],"_active":false,"_components":[{"__type__":"cc.Sprite","node":{"__id__":73},"_materials":[{"__uuid__":"ecpdLyjvZBwrvm+cedCcQy"}],"_spriteFrame":{"__uuid__":"31GxjgHQZPzIQXaxu7BDrk"},"_sizeMode":0,"_isTrimmedMode":false}],"_prefab":{"__type__":"cc.PrefabInfo","root":{"__id__":31},"asset":{"__uuid__":"d06pacUF9IJJdYVcg5NUhP"},"fileId":"92SEKENrxIlrM7qBzqLcxf"},"_contentSize":{"__type__":"cc.Size","width":106,"height":29},"_trs":{"__type__":"TypedArray","ctor":"Float64Array","array":[0,-97.98,0,0,0,0,1,1,1,1]}},{"__type__":"cc.Node","_name":"Text_huxi","_parent":{"__id__":73},"_components":[{"__id__":75}],"_prefab":{"__type__":"cc.PrefabInfo","root":{"__id__":31},"asset":{"__uuid__":"d06pacUF9IJJdYVcg5NUhP"},"fileId":"8afHf1kz1KOpp5R8lm5mrK"},"_contentSize":{"__type__":"cc.Size","width":28.92,"height":32.76},"_trs":{"__type__":"TypedArray","ctor":"Float64Array","array":[22.53,-0.16999999999999993,0,0,0,0,1,1,1,1]}},{"__type__":"cc.Label","node":{"__id__":74},"_materials":[{"__uuid__":"ecpdLyjvZBwrvm+cedCcQy"}],"_string":"99","_N$string":"99","_fontSize":26,"_lineHeight":0},{"__type__":"cc.Node","_name":"ready","_parent":{"__id__":71},"_active":false,"_components":[{"__type__":"cc.Sprite","node":{"__id__":76},"_materials":[{"__uuid__":"ecpdLyjvZBwrvm+cedCcQy"}],"_spriteFrame":{"__uuid__":"88uNOte6xIU5XdPkX4FYe9"},"_sizeMode":0,"_isTrimmedMode":false}],"_prefab":{"__type__":"cc.PrefabInfo","root":{"__id__":31},"asset":{"__uuid__":"d06pacUF9IJJdYVcg5NUhP"},"fileId":"30dfmWZK5H3KNma8sKUb0t"},"_contentSize":{"__type__":"cc.Size","width":83,"height":45},"_trs":{"__type__":"TypedArray","ctor":"Float64Array","array":[0,-20,0,0,0,0,1,1,1,1]}},{"__type__":"cc.Node","_name":"clock","_parent":{"__id__":71},"_children":[{"__id__":78},{"__id__":79},{"__id__":80}],"_components":[{"__id__":82}],"_prefab":{"__type__":"cc.PrefabInfo","root":{"__id__":31},"asset":{"__uuid__":"d06pacUF9IJJdYVcg5NUhP"},"fileId":"49+D5tGRFG4baOdrGhqdTE"},"_contentSize":{"__type__":"cc.Size","width":103,"height":105},"_trs":{"__type__":"TypedArray","ctor":"Float64Array","array":[-5.106,103.81,0,0,0,0,1,0.9,0.9,0.9]}},{"__type__":"cc.Node","_name":"timeBg","_parent":{"__id__":77},"_components":[{"__type__":"cc.Sprite","_name":"timeBg<Sprite>","node":{"__id__":78},"_materials":[{"__uuid__":"ecpdLyjvZBwrvm+cedCcQy"}],"_spriteFrame":{"__uuid__":"705HTZIkhMraQ82YyK4wym"},"_sizeMode":0,"_isTrimmedMode":false}],"_prefab":{"__type__":"cc.PrefabInfo","root":{"__id__":31},"asset":{"__uuid__":"d06pacUF9IJJdYVcg5NUhP"},"fileId":"f8qdz41mxJ15SXoo9/Qfm9"},"_contentSize":{"__type__":"cc.Size","width":103,"height":105},"_trs":{"__type__":"TypedArray","ctor":"Float64Array","array":[0,0,0,0,0,0,1,1,1,1]}},{"__type__":"cc.Node","_name":"Node_Ani","_parent":{"__id__":77},"_prefab":{"__type__":"cc.PrefabInfo","root":{"__id__":31},"asset":{"__uuid__":"d06pacUF9IJJdYVcg5NUhP"},"fileId":"5aYVMI8zpAXZ1n2v35yGut"},"_anchorPoint":{"__type__":"cc.Vec2"},"_trs":{"__type__":"TypedArray","ctor":"Float64Array","array":[0,0,0,0,0,0,1,1,1,1]}},{"__type__":"cc.Node","_name":"Text_time","_parent":{"__id__":77},"_components":[{"__id__":81}],"_prefab":{"__type__":"cc.PrefabInfo","root":{"__id__":31},"asset":{"__uuid__":"d06pacUF9IJJdYVcg5NUhP"},"fileId":"0bV7pnniJGgZ7jAqd+fDPD"},"_contentSize":{"__type__":"cc.Size","width":72,"height":48},"_trs":{"__type__":"TypedArray","ctor":"Float64Array","array":[0,0,0,0,0,0,1,0.7,0.7,1]}},{"__type__":"cc.Label","_name":"Text_time<Label>","node":{"__id__":80},"_materials":[{"__uuid__":"ecpdLyjvZBwrvm+cedCcQy"}],"_string":"20","_N$string":"20","_fontSize":45,"_lineHeight":48,"_N$file":{"__uuid__":"49VhTqcbFJm5IHnRyFx++l"},"_isSystemFontUsed":false,"_N$horizontalAlign":1,"_N$verticalAlign":1},{"__type__":"23033gqUPhLwbJCT5jo+L8o","node":{"__id__":77},"Text_time":{"__id__":81},"Node_Ani":{"__id__":79}},{"__type__":"1c573EJ9TBP3odmVFPSYHKZ","node":{"__id__":71},"clientSeatId":4,"playerNodePrefab":{"__uuid__":"677PIHtqFJ8qlLsg/KHDiq"},"clock":{"__id__":82},"readyNode":{"__id__":76},"timePrefab":{"__uuid__":"1dl+JLbvxM6rdZ3PiY36Ot"},"headNode":{"__id__":72},"huxiNode":{"__id__":73},"huxiValue":{"__id__":75}},{"__type__":"cc.Node","_name":"myhandsBtn","_parent":{"__id__":31},"_components":[{"__type__":"cc.StudioWidget","node":{"__id__":84},"_alignFlags":32,"_left":0.9267632812499998,"_right":1.5,"_isAbsLeft":false},{"__type__":"cc.Button","node":{"__id__":84},"_normalMaterial":{"__uuid__":"ecpdLyjvZBwrvm+cedCcQy"},"duration":0.05,"zoomScale":1.1,"clickEvents":[{"__type__":"cc.ClickEvent","target":{"__id__":31},"_componentId":"61e5eiianFCGZBuKm9P84nf","handler":"onBtnClick","customEventData":"myhandsBtn"}],"_N$transition":3,"transition":3,"_N$normalSprite":{"__uuid__":"d8t1jaDENIVLo716EMCCA3"},"_N$target":{"__id__":84}},{"__type__":"cc.Sprite","node":{"__id__":84},"_materials":[{"__uuid__":"ecpdLyjvZBwrvm+cedCcQy"}],"_spriteFrame":{"__uuid__":"d8t1jaDENIVLo716EMCCA3"},"_type":1,"_sizeMode":0,"_isTrimmedMode":false}],"_prefab":{"__type__":"cc.PrefabInfo","root":{"__id__":31},"asset":{"__uuid__":"d06pacUF9IJJdYVcg5NUhP"},"fileId":"13642KLbRFzpb0RUmKsu5a"},"_contentSize":{"__type__":"cc.Size","width":89,"height":88},"_trs":{"__type__":"TypedArray","ctor":"Float64Array","array":[594,-311.425,0,0,0,0,1,1,1,1]}},{"__type__":"cc.Node","_name":"readyBtn","_parent":{"__id__":31},"_children":[{"__id__":86}],"_active":false,"_components":[{"__type__":"cc.Button","node":{"__id__":85},"duration":0.05,"zoomScale":1.1,"clickEvents":[{"__type__":"cc.ClickEvent","target":{"__id__":31},"_componentId":"61e5eiianFCGZBuKm9P84nf","handler":"onBtnClick","customEventData":"readyBtn"}],"_N$transition":3,"transition":3,"_N$pressedColor":{"__type__":"cc.Color","r":255,"g":255,"b":255},"pressedColor":{"__type__":"cc.Color","r":255,"g":255,"b":255},"_N$disabledColor":{"__type__":"cc.Color","r":255,"g":255,"b":255},"_N$target":{"__id__":85}},{"__type__":"cc.Sprite","_name":"readyBtn<Sprite>","node":{"__id__":85},"_materials":[{"__uuid__":"ecpdLyjvZBwrvm+cedCcQy"}],"_spriteFrame":{"__uuid__":"f6WUO4Vj5CjpIRFAmIdl70"},"_sizeMode":0}],"_prefab":{"__type__":"cc.PrefabInfo","root":{"__id__":31},"asset":{"__uuid__":"d06pacUF9IJJdYVcg5NUhP"},"fileId":"c6+IZtUhxCT5k+wJWBkX3Y"},"_contentSize":{"__type__":"cc.Size","width":250,"height":76},"_trs":{"__type__":"TypedArray","ctor":"Float64Array","array":[0,-63,0,0,0,0,1,1,1,1]}},{"__type__":"cc.Node","_name":"label","_parent":{"__id__":85},"_components":[{"__type__":"cc.Label","_name":"label<Label>","node":{"__id__":86},"_materials":[{"__uuid__":"ecpdLyjvZBwrvm+cedCcQy"}],"_string":"准  备","_N$string":"准  备","_fontSize":36,"_lineHeight":46,"_N$file":{"__uuid__":"41VA2r2p1B0qYgaGz1nBDl"},"_isSystemFontUsed":false,"_N$horizontalAlign":1,"_N$verticalAlign":1}],"_prefab":{"__type__":"cc.PrefabInfo","root":{"__id__":31},"asset":{"__uuid__":"d06pacUF9IJJdYVcg5NUhP"},"fileId":"adt1hm1hRLxIdYBUWVn2yb"},"_contentSize":{"__type__":"cc.Size","width":97.2,"height":46},"_trs":{"__type__":"TypedArray","ctor":"Float64Array","array":[-0.004,4,0,0,0,0,1,1,1,1]}},{"__type__":"cc.Node","_name":"seatDownBtn","_parent":{"__id__":31},"_children":[{"__id__":88}],"_active":false,"_components":[{"__type__":"cc.Button","node":{"__id__":87},"duration":0.05,"zoomScale":1.1,"clickEvents":[{"__type__":"cc.ClickEvent","target":{"__id__":31},"_componentId":"61e5eiianFCGZBuKm9P84nf","handler":"onBtnClick","customEventData":"seatDownBtn"}],"_N$transition":3,"transition":3,"_N$pressedColor":{"__type__":"cc.Color","r":255,"g":255,"b":255},"pressedColor":{"__type__":"cc.Color","r":255,"g":255,"b":255},"_N$disabledColor":{"__type__":"cc.Color","r":255,"g":255,"b":255},"_N$target":{"__id__":87}},{"__type__":"cc.Sprite","_name":"seatDownBtn<Sprite>","node":{"__id__":87},"_materials":[{"__uuid__":"ecpdLyjvZBwrvm+cedCcQy"}],"_spriteFrame":{"__uuid__":"f6WUO4Vj5CjpIRFAmIdl70"},"_sizeMode":0}],"_prefab":{"__type__":"cc.PrefabInfo","root":{"__id__":31},"asset":{"__uuid__":"d06pacUF9IJJdYVcg5NUhP"},"fileId":"47sB4HgDdCwIkSIldZAvHS"},"_contentSize":{"__type__":"cc.Size","width":250,"height":76},"_trs":{"__type__":"TypedArray","ctor":"Float64Array","array":[0,-63,0,0,0,0,1,1,1,1]}},{"__type__":"cc.Node","_name":"label","_parent":{"__id__":87},"_components":[{"__type__":"cc.Label","_name":"label<Label>","node":{"__id__":88},"_materials":[{"__uuid__":"ecpdLyjvZBwrvm+cedCcQy"}],"_string":"快速坐下","_N$string":"快速坐下","_fontSize":36,"_lineHeight":46,"_N$file":{"__uuid__":"41VA2r2p1B0qYgaGz1nBDl"},"_isSystemFontUsed":false,"_N$horizontalAlign":1,"_N$verticalAlign":1}],"_prefab":{"__type__":"cc.PrefabInfo","root":{"__id__":31},"asset":{"__uuid__":"d06pacUF9IJJdYVcg5NUhP"},"fileId":"344dELISJBcLQp8hTdway2"},"_contentSize":{"__type__":"cc.Size","width":148.5,"height":46},"_trs":{"__type__":"TypedArray","ctor":"Float64Array","array":[-0.004,4,0,0,0,0,1,1,1,1]}},{"__type__":"cc.Node","_name":"shareNode","_parent":{"__id__":31},"_children":[{"__id__":90}],"_components":[{"__type__":"f78a6qdmHtJgZkymreI0nI7","node":{"__id__":89},"btnNode":{"__id__":90}}],"_prefab":{"__type__":"cc.PrefabInfo","root":{"__id__":31},"asset":{"__uuid__":"d06pacUF9IJJdYVcg5NUhP"},"fileId":"9fouvIoHdK2IEH+Wcn9yrL"},"_trs":{"__type__":"TypedArray","ctor":"Float64Array","array":[0,41,0,0,0,0,1,1,1,1]}},{"__type__":"cc.Node","_name":"shareBtn","_parent":{"__id__":89},"_children":[{"__id__":91}],"_components":[{"__type__":"cc.Button","node":{"__id__":90},"clickEvents":[{"__type__":"cc.ClickEvent","target":{"__id__":89},"_componentId":"f78a6qdmHtJgZkymreI0nI7","handler":"onShareBtnClick"}],"_N$transition":3,"transition":3,"_N$pressedColor":{"__type__":"cc.Color","r":255,"g":255,"b":255},"pressedColor":{"__type__":"cc.Color","r":255,"g":255,"b":255},"_N$disabledColor":{"__type__":"cc.Color","r":255,"g":255,"b":255},"_N$target":{"__id__":90}},{"__type__":"cc.Sprite","node":{"__id__":90},"_materials":[{"__uuid__":"ecpdLyjvZBwrvm+cedCcQy"}],"_spriteFrame":{"__uuid__":"ebL1jpO5dDOaRU9e1MZI1r"},"_sizeMode":0}],"_prefab":{"__type__":"cc.PrefabInfo","root":{"__id__":31},"asset":{"__uuid__":"d06pacUF9IJJdYVcg5NUhP"},"fileId":"e1L8FaEElNQJIzKKy1OI61"},"_contentSize":{"__type__":"cc.Size","width":250,"height":76},"_trs":{"__type__":"TypedArray","ctor":"Float64Array","array":[0,0,0,0,0,0,1,1,1,1]}},{"__type__":"cc.Node","_name":"label","_parent":{"__id__":90},"_components":[{"__type__":"cc.Label","node":{"__id__":91},"_materials":[{"__uuid__":"ecpdLyjvZBwrvm+cedCcQy"}],"_string":"分  享","_N$string":"分  享","_fontSize":36,"_lineHeight":46,"_N$file":{"__uuid__":"fdmAMSTwdOm7YbZ/hyHZp1"},"_isSystemFontUsed":false,"_N$horizontalAlign":1,"_N$verticalAlign":1}],"_prefab":{"__type__":"cc.PrefabInfo","root":{"__id__":31},"asset":{"__uuid__":"d06pacUF9IJJdYVcg5NUhP"},"fileId":"367dLA8mlAjI4H6ARHTrrz"},"_contentSize":{"__type__":"cc.Size","width":96.3,"height":46},"_trs":{"__type__":"TypedArray","ctor":"Float64Array","array":[-0.004,4,0,0,0,0,1,1,1,1]}},{"__type__":"cc.Node","_name":"MenuNode","_parent":{"__id__":2},"_children":[{"__id__":93},{"__id__":94},{"__id__":95},{"__id__":96}],"_components":[{"__type__":"cc.Widget","node":{"__id__":92},"_alignFlags":45},{"__type__":"052a0UDKrRE/o0VNXp1G+Ol","node":{"__id__":92}}],"_prefab":{"__type__":"cc.PrefabInfo","root":{"__id__":92},"asset":{"__uuid__":"5esQ3Yd4hMzotA6J044ruk"},"fileId":"acU8XkVfdPjr0/kP9yMPRC"},"_contentSize":{"__type__":"cc.Size","width":1280,"height":800},"_trs":{"__type__":"TypedArray","ctor":"Float64Array","array":[0,0,0,0,0,0,1,1,1,1]}},{"__type__":"cc.Node","_name":"witnessListBtn","_parent":{"__id__":92},"_components":[{"__type__":"cc.Sprite","node":{"__id__":93},"_materials":[{"__uuid__":"ecpdLyjvZBwrvm+cedCcQy"}],"_spriteFrame":{"__uuid__":"1bHYnQsoVC3IRShx24zW9G"}},{"__type__":"cc.Button","node":{"__id__":93},"clickEvents":[{"__type__":"cc.ClickEvent","target":{"__id__":92},"_componentId":"052a0UDKrRE/o0VNXp1G+Ol","handler":"onBtnClick","customEventData":"witnessList"}],"_N$transition":3,"transition":3,"_N$pressedColor":{"__type__":"cc.Color","r":255,"g":255,"b":255},"pressedColor":{"__type__":"cc.Color","r":255,"g":255,"b":255},"_N$disabledColor":{"__type__":"cc.Color","r":255,"g":255,"b":255},"_N$target":{"__id__":93}},{"__type__":"cc.Widget","node":{"__id__":93},"_alignFlags":12,"_left":0.8669554687500001,"_right":116.88599999999997,"_bottom":0.90275,"_isAbsLeft":false,"_isAbsBottom":false}],"_prefab":{"__type__":"cc.PrefabInfo","root":{"__id__":92},"asset":{"__uuid__":"5esQ3Yd4hMzotA6J044ruk"},"fileId":"f9LWIbbQpGoKRhacjer3Ph"},"_contentSize":{"__type__":"cc.Size","width":61,"height":65},"_trs":{"__type__":"TypedArray","ctor":"Float64Array","array":[500.203,354.70000000000005,0,0,0,0,1,1,1,1]}},{"__type__":"cc.Node","_name":"menuBtn","_parent":{"__id__":92},"_components":[{"__type__":"cc.StudioWidget","node":{"__id__":94},"_alignFlags":12,"_left":0.9444812499999999,"_bottom":0.9027499999999999,"_isAbsLeft":false,"_isAbsBottom":false},{"__type__":"cc.Button","node":{"__id__":94},"_normalMaterial":{"__uuid__":"ecpdLyjvZBwrvm+cedCcQy"},"duration":0.05,"zoomScale":1.1,"clickEvents":[{"__type__":"cc.ClickEvent","target":{"__id__":92},"_componentId":"052a0UDKrRE/o0VNXp1G+Ol","handler":"onBtnClick","customEventData":"menuBtn"}],"_N$transition":3,"transition":3,"_N$target":{"__id__":94}},{"__type__":"cc.Sprite","_name":"menuBtn<Sprite>","node":{"__id__":94},"_materials":[{"__uuid__":"ecpdLyjvZBwrvm+cedCcQy"}],"_spriteFrame":{"__uuid__":"11+W2KJEVJlqWfJaADQmds"}}],"_prefab":{"__type__":"cc.PrefabInfo","root":{"__id__":92},"asset":{"__uuid__":"5esQ3Yd4hMzotA6J044ruk"},"fileId":"21rXj8+SpEorwACqzJh5Sr"},"_contentSize":{"__type__":"cc.Size","width":61,"height":65},"_trs":{"__type__":"TypedArray","ctor":"Float64Array","array":[599.4359999999999,354.69999999999993,0,0,0,0,1,1,1,1]}},{"__type__":"cc.Node","_name":"restartBtn","_parent":{"__id__":92},"_components":[{"__type__":"cc.StudioWidget","node":{"__id__":95},"_alignFlags":12,"_left":0.007931250000000015,"_bottom":0.79185,"_isAbsLeft":false,"_isAbsBottom":false},{"__type__":"cc.Button","node":{"__id__":95},"_normalMaterial":{"__uuid__":"ecpdLyjvZBwrvm+cedCcQy"},"duration":0.05,"zoomScale":1.1,"clickEvents":[{"__type__":"cc.ClickEvent","target":{"__id__":92},"_componentId":"052a0UDKrRE/o0VNXp1G+Ol","handler":"onBtnClick","customEventData":"restartBtn"}],"_N$transition":3,"transition":3,"_N$target":{"__id__":95}},{"__type__":"cc.Sprite","_name":"restartBtn<Sprite>","node":{"__id__":95},"_materials":[{"__uuid__":"ecpdLyjvZBwrvm+cedCcQy"}],"_spriteFrame":{"__uuid__":"529vZZW2tGt4KoesA1zfpb"}}],"_prefab":{"__type__":"cc.PrefabInfo","root":{"__id__":92},"asset":{"__uuid__":"5esQ3Yd4hMzotA6J044ruk"},"fileId":"e7xrJK1GxAU7lvxZWj/h12"},"_contentSize":{"__type__":"cc.Size","width":61,"height":65},"_trs":{"__type__":"TypedArray","ctor":"Float64Array","array":[-599.348,265.98,0,0,0,0,1,1,1,1]}},{"__type__":"cc.Node","_name":"wanfaBtn","_parent":{"__id__":92},"_components":[{"__type__":"cc.Button","node":{"__id__":96},"clickEvents":[{"__type__":"cc.ClickEvent","target":{"__id__":92},"_componentId":"052a0UDKrRE/o0VNXp1G+Ol","handler":"onBtnClick","customEventData":"wanfaBtn"}],"_N$target":{"__id__":96}},{"__type__":"cc.Widget","node":{"__id__":96},"_alignFlags":9,"_isAbsLeft":false,"_isAbsTop":false}],"_prefab":{"__type__":"cc.PrefabInfo","root":{"__id__":92},"asset":{"__uuid__":"5esQ3Yd4hMzotA6J044ruk"},"fileId":"b4G1M8oVNKWbjiDWmIp+nM"},"_contentSize":{"__type__":"cc.Size","width":260,"height":100},"_trs":{"__type__":"TypedArray","ctor":"Float64Array","array":[-510,350,0,0,0,0,1,1,1,1]},"_groupIndex":2,"groupIndex":2},{"__type__":"cc.Node","_parent":{"__id__":2},"_id":"5958nRnbBAhJrLL4biOKSv","_prefab":{"__type__":"cc.PrefabInfo","root":{"__id__":97},"asset":{"__uuid__":"b35MXhHhhJsbI11LPF4dTL"},"fileId":"5958nRnbBAhJrLL4biOKSv","sync":true},"_name":"AutoNode","_trs":{"__type__":"TypedArray","ctor":"Float64Array","array":[0,0,0,0,0,0,1,1,1,1]}},{"__type__":"cc.Node","_name":"chatNode","_parent":{"__id__":2},"_children":[{"__id__":99},{"__id__":100},{"__id__":101}],"_components":[{"__type__":"48c06BpvORIwJ6ncbRq0Og8","node":{"__id__":98},"gameType":7,"headList":[{"__id__":32},{"__id__":45},{"__id__":58},{"__id__":71}],"Node_ChatSelect":{"__uuid__":"datPVvwR5Ip4zddSf5tpcy"},"BQ_Box":{"__uuid__":"8bUNi7zlVHxoW/YdexhaGX"},"chatAniCtrl":{"__id__":102},"voicePlayed":{"__uuid__":"c2JV+BuV1G+a7Aqi1MYq+P"},"voiceBtn":{"__id__":99},"cancelImg":{"__id__":101},"voicePrefab":{"__uuid__":"b1wwQgKuREW5raeKI4ZL3+"}},{"__id__":102},{"__type__":"cc.Widget","node":{"__id__":98},"_alignFlags":45,"_originalWidth":1280,"_originalHeight":720}],"_contentSize":{"__type__":"cc.Size","width":1280,"height":800},"_trs":{"__type__":"TypedArray","ctor":"Float64Array","array":[0,0,0,0,0,0,1,1,1,1]}},{"__type__":"cc.Node","_name":"dp_0033_40","_parent":{"__id__":98},"_components":[{"__type__":"cc.StudioWidget","node":{"__id__":99},"_alignFlags":36,"_left":0.933203125,"_right":0.001171874999999968,"_bottom":0.16647375,"_isAbsLeft":false,"_isAbsRight":false,"_isAbsBottom":false},{"__type__":"f713eWkHa5LJLBfJMCLd3R2","node":{"__id__":99}},{"__type__":"cc.Sprite","node":{"__id__":99},"_materials":[{"__uuid__":"ecpdLyjvZBwrvm+cedCcQy"}],"_spriteFrame":{"__uuid__":"1drKFnwJxEuqtyNCxP5XzK"}}],"_contentSize":{"__type__":"cc.Size","width":89,"height":88},"_trs":{"__type__":"TypedArray","ctor":"Float64Array","array":[594,-222.82100000000003,0,0,0,0,1,1,1,1]}},{"__type__":"cc.Node","_name":"zm_btn_chat","_parent":{"__id__":98},"_components":[{"__type__":"cc.StudioWidget","node":{"__id__":100},"_alignFlags":36,"_left":0.902790625,"_right":0.0019531249999999844,"_bottom":0.27679875,"_isAbsLeft":false,"_isAbsRight":false,"_isAbsBottom":false,"_originalWidth":79},{"__type__":"cc.Button","node":{"__id__":100},"_normalMaterial":{"__uuid__":"ecpdLyjvZBwrvm+cedCcQy"},"clickEvents":[{"__type__":"cc.ClickEvent","target":{"__id__":98},"_componentId":"48c06BpvORIwJ6ncbRq0Og8","handler":"onChatClick"}],"_N$transition":3,"transition":3,"_N$pressedColor":{"__type__":"cc.Color","r":255,"g":255,"b":255},"pressedColor":{"__type__":"cc.Color","r":255,"g":255,"b":255},"_N$disabledColor":{"__type__":"cc.Color","r":255,"g":255,"b":255},"_N$target":{"__id__":100}},{"__type__":"cc.Sprite","node":{"__id__":100},"_materials":[{"__uuid__":"ecpdLyjvZBwrvm+cedCcQy"}],"_spriteFrame":{"__uuid__":"59vurRxHFOy6vWiVlwhP5n"}}],"_contentSize":{"__type__":"cc.Size","width":87,"height":87},"_trs":{"__type__":"TypedArray","ctor":"Float64Array","array":[594,-135.061,0,0,0,0,1,-1,1,1]}},{"__type__":"cc.Node","_name":"audio_cancle","_parent":{"__id__":98},"_active":false,"_components":[{"__type__":"cc.Sprite","node":{"__id__":101},"_materials":[{"__uuid__":"ecpdLyjvZBwrvm+cedCcQy"}],"_spriteFrame":{"__uuid__":"bbtZbEZd1DB7ZtgzaaIrUO"}}],"_contentSize":{"__type__":"cc.Size","width":282,"height":282},"_trs":{"__type__":"TypedArray","ctor":"Float64Array","array":[0,0,0,0,0,0,1,1,1,1]}},{"__type__":"fbdd4aZZsBCtaxr3Cp7F0HX","node":{"__id__":98},"interactive_node":{"__id__":103},"aniPrefab":[{"__uuid__":"3d+h8nS1hIv7KQsM6f5mMm"},{"__uuid__":"373FU8bvBKO68RYHqgcWJ0"},{"__uuid__":"0aj2DXRZhP1bQe7TFhUhh9"},{"__uuid__":"caIkHhGktLQZH2M3VcNvG9"}],"headNode":[{"__id__":32},{"__id__":45},{"__id__":58},{"__id__":71}]},{"__type__":"cc.Node","_name":"interactive_node","_parent":{"__id__":2},"_trs":{"__type__":"TypedArray","ctor":"Float64Array","array":[0,0,0,0,0,0,1,1,1,1]}},{"__type__":"cc.Node","_parent":{"__id__":2},"_id":"42NqDWLlZDppPsqwrRQhke","_prefab":{"__type__":"cc.PrefabInfo","root":{"__id__":104},"asset":{"__uuid__":"700fb2zGVIm7oVEQTQxARx"},"fileId":"42NqDWLlZDppPsqwrRQhke","sync":true},"_name":"ActionFourLayer","_trs":{"__type__":"TypedArray","ctor":"Float64Array","array":[0,0,0,0,0,0,1,1,1,1]}}]