[{"__type__":"cc.Prefab","_name":"CardSprite","data":{"__id__":1}},{"__type__":"cc.Node","_name":"CardSprite","_children":[{"__id__":2},{"__id__":3},{"__id__":5}],"_components":[{"__type__":"a38bcg7q71HoLYQN/e6XwGa","node":{"__id__":1},"front":{"__id__":2},"back":{"__id__":4},"huise":{"__id__":5}}],"_prefab":{"__type__":"cc.PrefabInfo","root":{"__id__":1},"asset":{"__uuid__":"35ZWcKk+1AWr8qKzF86u7K"},"fileId":"407JVEYRFMyYH2CtStzZnG"},"_contentSize":{"__type__":"cc.Size","width":181,"height":238},"_trs":{"__type__":"TypedArray","ctor":"Float64Array","array":[0,0,0,0,0,0,1,1,1,1]}},{"__type__":"cc.Node","_name":"front","_parent":{"__id__":1},"_active":false,"_components":[{"__type__":"cc.Sprite","node":{"__id__":2},"_materials":[{"__uuid__":"ecpdLyjvZBwrvm+cedCcQy"}],"_spriteFrame":{"__uuid__":"7f5DXphztCOob6Q4DZp9Q4"}}],"_prefab":{"__type__":"cc.PrefabInfo","root":{"__id__":1},"asset":{"__uuid__":"35ZWcKk+1AWr8qKzF86u7K"},"fileId":"17lHbuVotEAYqA61SjeWt3"},"_contentSize":{"__type__":"cc.Size","width":181,"height":238},"_trs":{"__type__":"TypedArray","ctor":"Float64Array","array":[0,0,0,0,0,0,1,1,1,1]}},{"__type__":"cc.Node","_name":"back","_parent":{"__id__":1},"_components":[{"__id__":4}],"_prefab":{"__type__":"cc.PrefabInfo","root":{"__id__":1},"asset":{"__uuid__":"35ZWcKk+1AWr8qKzF86u7K"},"fileId":"f4N3GWAiVMV4GcKqMCDbL7"},"_contentSize":{"__type__":"cc.Size","width":185,"height":242},"_trs":{"__type__":"TypedArray","ctor":"Float64Array","array":[0,0,0,0,0,0,1,1,1,1]}},{"__type__":"cc.Sprite","node":{"__id__":3},"_materials":[{"__uuid__":"ecpdLyjvZBwrvm+cedCcQy"}],"_spriteFrame":{"__uuid__":"17xEs1AiZJKZODGrsvFqQ/"}},{"__type__":"cc.Node","_name":"huise","_parent":{"__id__":1},"_active":false,"_components":[{"__type__":"cc.Sprite","node":{"__id__":5},"_materials":[{"__uuid__":"ecpdLyjvZBwrvm+cedCcQy"}],"_spriteFrame":{"__uuid__":"d9J4TFBb9INoLoNPiSXl9K"}}],"_prefab":{"__type__":"cc.PrefabInfo","root":{"__id__":1},"asset":{"__uuid__":"35ZWcKk+1AWr8qKzF86u7K"},"fileId":"b6/UxyRoJC76KMXuOqNPv7"},"_opacity":200,"_contentSize":{"__type__":"cc.Size","width":179,"height":236},"_trs":{"__type__":"TypedArray","ctor":"Float64Array","array":[0,1,0,0,0,0,1,1,1,1]}}]