[{"__type__":"cc.Prefab","_name":"PDKBigBalance","data":{"__id__":1}},{"__type__":"cc.Node","_name":"PDKBigBalance","_children":[{"__id__":2},{"__id__":3},{"__id__":4}],"_components":[{"__type__":"cc.Widget","node":{"__id__":1},"_alignFlags":45}],"_prefab":{"__type__":"cc.PrefabInfo","root":{"__id__":1},"asset":{"__uuid__":"1aNPEZCdZIMaq79bBHp/u8"},"fileId":"155eusi6ZEubMPSGMxxtPe"},"_contentSize":{"__type__":"cc.Size","width":1280,"height":800},"_trs":{"__type__":"TypedArray","ctor":"Float64Array","array":[640,400,0,0,0,0,1,1,1,1]},"_groupIndex":1,"groupIndex":1},{"__type__":"cc.Node","_name":"MaskSprite","_parent":{"__id__":1},"_components":[{"__type__":"cc.Sprite","node":{"__id__":2},"_materials":[{"__uuid__":"ecpdLyjvZBwrvm+cedCcQy"}],"_spriteFrame":{"__uuid__":"a2MjXRFdtLlYQ5ouAFv/+R"},"_sizeMode":0},{"__type__":"11b718w37hPSJCKcE/Qq3AF","node":{"__id__":2}},{"__type__":"cc.Widget","node":{"__id__":2},"_alignFlags":45,"_originalWidth":1920,"_originalHeight":960}],"_prefab":{"__type__":"cc.PrefabInfo","root":{"__id__":1},"asset":{"__uuid__":"1aNPEZCdZIMaq79bBHp/u8"},"fileId":"7fLaU9WOROr60FSvNd9pg2"},"_opacity":120,"_color":{"__type__":"cc.Color"},"_contentSize":{"__type__":"cc.Size","width":1280,"height":800},"_trs":{"__type__":"TypedArray","ctor":"Float64Array","array":[0,0,0,0,0,0,1,1,1,1]},"_groupIndex":2,"groupIndex":2},{"__type__":"cc.Node","_name":"NodeArea","_parent":{"__id__":1},"_components":[{"__type__":"cc.Widget","node":{"__id__":3},"_alignFlags":45,"_originalWidth":735,"_originalHeight":428}],"_prefab":{"__type__":"cc.PrefabInfo","root":{"__id__":1},"asset":{"__uuid__":"1aNPEZCdZIMaq79bBHp/u8"},"fileId":"27E8cdJa9PwpCT7MXzukag"},"_contentSize":{"__type__":"cc.Size","width":1280,"height":800},"_trs":{"__type__":"TypedArray","ctor":"Float64Array","array":[0,0,0,0,0,0,1,1,1,1]}},{"__type__":"cc.Node","_name":"inner","_parent":{"__id__":1},"_children":[{"__id__":5},{"__id__":6},{"__id__":7},{"__id__":38},{"__id__":42},{"__id__":44},{"__id__":45}],"_components":[{"__type__":"cc.Sprite","node":{"__id__":4},"_materials":[{"__uuid__":"ecpdLyjvZBwrvm+cedCcQy"}],"_spriteFrame":{"__uuid__":"09aq4k4z1EPLR6P6hNCkto"},"_sizeMode":0,"_isTrimmedMode":false},{"__type__":"cc.Widget","node":{"__id__":4},"_alignFlags":45,"_originalWidth":1280,"_originalHeight":800}],"_prefab":{"__type__":"cc.PrefabInfo","root":{"__id__":1},"asset":{"__uuid__":"1aNPEZCdZIMaq79bBHp/u8"},"fileId":"e99Jh5n8pLRIE+1F0UYyBJ"},"_contentSize":{"__type__":"cc.Size","width":1280,"height":800},"_trs":{"__type__":"TypedArray","ctor":"Float64Array","array":[0,0,0,0,0,0,1,1,1,1]}},{"__type__":"cc.Node","_name":"Image_7","_parent":{"__id__":4},"_components":[{"__type__":"cc.Sprite","node":{"__id__":5},"_materials":[{"__uuid__":"ecpdLyjvZBwrvm+cedCcQy"}],"_spriteFrame":{"__uuid__":"a5RugMwsBDHJuDcSOTbZJf"},"_sizeMode":0,"_isTrimmedMode":false}],"_prefab":{"__type__":"cc.PrefabInfo","root":{"__id__":1},"asset":{"__uuid__":"1aNPEZCdZIMaq79bBHp/u8"},"fileId":"27KwLtz/5Ff4he38g+CSvm"},"_contentSize":{"__type__":"cc.Size","width":474,"height":156},"_trs":{"__type__":"TypedArray","ctor":"Float64Array","array":[0,332,0,0,0,0,1,1,1,1]}},{"__type__":"cc.Node","_name":"playerNode","_parent":{"__id__":4},"_components":[{"__type__":"cc.Layout","node":{"__id__":6},"_layoutSize":{"__type__":"cc.Size","width":-10,"height":535},"_resize":1,"_N$layoutType":1,"_N$spacingX":10}],"_prefab":{"__type__":"cc.PrefabInfo","root":{"__id__":1},"asset":{"__uuid__":"1aNPEZCdZIMaq79bBHp/u8"},"fileId":"40QpgSz51Pm5PpremSV9hF"},"_contentSize":{"__type__":"cc.Size","width":-10,"height":535},"_trs":{"__type__":"TypedArray","ctor":"Float64Array","array":[0,-12,0,0,0,0,1,1,1,1]},"_groupIndex":2,"groupIndex":2},{"__type__":"cc.Node","_name":"player","_parent":{"__id__":4},"_children":[{"__id__":8},{"__id__":9},{"__id__":12},{"__id__":13},{"__id__":15},{"__id__":17},{"__id__":19},{"__id__":21},{"__id__":23},{"__id__":24},{"__id__":25},{"__id__":26},{"__id__":32},{"__id__":34},{"__id__":36}],"_active":false,"_components":[{"__type__":"cc.Sprite","node":{"__id__":7},"_materials":[{"__uuid__":"ecpdLyjvZBwrvm+cedCcQy"}],"_spriteFrame":{"__uuid__":"1dQ0eVEipA37qu36r9jiJq"},"_sizeMode":0,"_isTrimmedMode":false},{"__type__":"42d10lvw0dKCILjWc5ysoqe","node":{"__id__":7},"winner":{"__id__":37},"headIcon":{"__id__":10},"fangZhu":{"__id__":12},"zuiGaoFen":{"__id__":14},"outBoom":{"__id__":16},"shuYing":{"__id__":18},"userName":{"__id__":20},"userId":{"__id__":22},"playbird1":{"__id__":24},"playbird2":{"__id__":25},"playbirdScore":{"__id__":26},"bird_win":{"__id__":29},"bird_lost":{"__id__":31},"Score_win":{"__id__":33},"Score_lost":{"__id__":35}}],"_prefab":{"__type__":"cc.PrefabInfo","root":{"__id__":1},"asset":{"__uuid__":"1aNPEZCdZIMaq79bBHp/u8"},"fileId":"45AlhYgMVMJrzyg9GOkCu6"},"_contentSize":{"__type__":"cc.Size","width":350,"height":535},"_trs":{"__type__":"TypedArray","ctor":"Float64Array","array":[0,0,0,0,0,0,1,1,1,1]},"_groupIndex":5,"groupIndex":5},{"__type__":"cc.Node","_name":"Image_kuang","_parent":{"__id__":7},"_components":[{"__type__":"cc.Sprite","node":{"__id__":8},"_materials":[{"__uuid__":"ecpdLyjvZBwrvm+cedCcQy"}],"_spriteFrame":{"__uuid__":"21P7cGIFtONoYiQkUrv4IQ"}}],"_prefab":{"__type__":"cc.PrefabInfo","root":{"__id__":1},"asset":{"__uuid__":"1aNPEZCdZIMaq79bBHp/u8"},"fileId":"50N/mIAFxDmKvN8i0DUxaF"},"_contentSize":{"__type__":"cc.Size","width":99,"height":103},"_trs":{"__type__":"TypedArray","ctor":"Float64Array","array":[-83,156,0,0,0,0,1,1,1,1]}},{"__type__":"cc.Node","_name":"headIcon","_parent":{"__id__":7},"_components":[{"__id__":10},{"__id__":11}],"_prefab":{"__type__":"cc.PrefabInfo","root":{"__id__":1},"asset":{"__uuid__":"1aNPEZCdZIMaq79bBHp/u8"},"fileId":"f42bDd2RdKvYDE/PxlAYG0"},"_contentSize":{"__type__":"cc.Size","width":100,"height":103},"_trs":{"__type__":"TypedArray","ctor":"Float64Array","array":[-83,156,0,0,0,0,1,1,1,1]}},{"__type__":"62d39gaattGYYLEGtr4O/qu","node":{"__id__":9},"headIcon":{"__id__":11}},{"__type__":"cc.Sprite","node":{"__id__":9},"_materials":[{"__uuid__":"ecpdLyjvZBwrvm+cedCcQy"}],"_spriteFrame":{"__uuid__":"4cE3PYWjxKL7Qfs+vO/m31"},"_sizeMode":0,"_isTrimmedMode":false},{"__type__":"cc.Node","_name":"fangZhu","_parent":{"__id__":7},"_components":[{"__type__":"cc.Sprite","node":{"__id__":12},"_materials":[{"__uuid__":"ecpdLyjvZBwrvm+cedCcQy"}],"_spriteFrame":{"__uuid__":"7aZWIqYNBHL658WjS6ZxhK"},"_sizeMode":2,"_isTrimmedMode":false}],"_prefab":{"__type__":"cc.PrefabInfo","root":{"__id__":1},"asset":{"__uuid__":"1aNPEZCdZIMaq79bBHp/u8"},"fileId":"4eoXdlfXZI2rhd2Uc+p0xv"},"_contentSize":{"__type__":"cc.Size","width":144,"height":60},"_trs":{"__type__":"TypedArray","ctor":"Float64Array","array":[29.999500000000012,119.5,0,0,0,0,1,0.8,0.8,1]}},{"__type__":"cc.Node","_name":"zuiGaoFen","_parent":{"__id__":7},"_components":[{"__id__":14}],"_prefab":{"__type__":"cc.PrefabInfo","root":{"__id__":1},"asset":{"__uuid__":"1aNPEZCdZIMaq79bBHp/u8"},"fileId":"8evmkIVFNJrotfp4im+Wlc"},"_color":{"__type__":"cc.Color","r":89,"g":55,"b":30},"_contentSize":{"__type__":"cc.Size","width":18.91,"height":42.84},"_trs":{"__type__":"TypedArray","ctor":"Float64Array","array":[73,48,0,0,0,0,1,1,1,1]}},{"__type__":"cc.Label","node":{"__id__":13},"_materials":[{"__uuid__":"ecpdLyjvZBwrvm+cedCcQy"}],"_string":"0","_N$string":"0","_fontSize":34,"_lineHeight":34,"_N$horizontalAlign":1,"_N$verticalAlign":1},{"__type__":"cc.Node","_name":"outBoom","_parent":{"__id__":7},"_components":[{"__id__":16}],"_prefab":{"__type__":"cc.PrefabInfo","root":{"__id__":1},"asset":{"__uuid__":"1aNPEZCdZIMaq79bBHp/u8"},"fileId":"9fBi58JqRDx6yudIKdf6fU"},"_color":{"__type__":"cc.Color","r":89,"g":55,"b":30},"_contentSize":{"__type__":"cc.Size","width":18.91,"height":42.84},"_trs":{"__type__":"TypedArray","ctor":"Float64Array","array":[73,-5,0,0,0,0,1,1,1,1]}},{"__type__":"cc.Label","node":{"__id__":15},"_materials":[{"__uuid__":"ecpdLyjvZBwrvm+cedCcQy"}],"_string":"0","_N$string":"0","_fontSize":34,"_lineHeight":34,"_N$horizontalAlign":1,"_N$verticalAlign":1},{"__type__":"cc.Node","_name":"shuYing","_parent":{"__id__":7},"_components":[{"__id__":18}],"_prefab":{"__type__":"cc.PrefabInfo","root":{"__id__":1},"asset":{"__uuid__":"1aNPEZCdZIMaq79bBHp/u8"},"fileId":"0bK65W19BIZY7a8+nUaHUq"},"_color":{"__type__":"cc.Color","r":89,"g":55,"b":30},"_contentSize":{"__type__":"cc.Size","width":105.82,"height":42.84},"_anchorPoint":{"__type__":"cc.Vec2","y":0.5},"_trs":{"__type__":"TypedArray","ctor":"Float64Array","array":[25.179,-51.147000000000006,0,0,0,0,1,1,1,1]}},{"__type__":"cc.Label","node":{"__id__":17},"_materials":[{"__uuid__":"ecpdLyjvZBwrvm+cedCcQy"}],"_string":"0输0赢","_N$string":"0输0赢","_fontSize":34,"_lineHeight":34,"_N$horizontalAlign":1,"_N$verticalAlign":1},{"__type__":"cc.Node","_name":"userName","_parent":{"__id__":7},"_components":[{"__id__":20}],"_prefab":{"__type__":"cc.PrefabInfo","root":{"__id__":1},"asset":{"__uuid__":"1aNPEZCdZIMaq79bBHp/u8"},"fileId":"82apEhKVVDNreLl9d7uTGe"},"_color":{"__type__":"cc.Color","r":78,"g":51,"b":32},"_contentSize":{"__type__":"cc.Size","width":120,"height":37.8},"_anchorPoint":{"__type__":"cc.Vec2","y":0.5},"_trs":{"__type__":"TypedArray","ctor":"Float64Array","array":[-14,195.82999999999998,0,0,0,0,1,1,1,1]}},{"__type__":"cc.Label","node":{"__id__":19},"_materials":[{"__uuid__":"ecpdLyjvZBwrvm+cedCcQy"}],"_string":"未能加载","_N$string":"未能加载","_fontSize":30,"_lineHeight":30,"_N$horizontalAlign":1,"_N$verticalAlign":1},{"__type__":"cc.Node","_name":"userId","_parent":{"__id__":7},"_components":[{"__id__":22}],"_prefab":{"__type__":"cc.PrefabInfo","root":{"__id__":1},"asset":{"__uuid__":"1aNPEZCdZIMaq79bBHp/u8"},"fileId":"39g4srsXtE5azCm7nOVph2"},"_color":{"__type__":"cc.Color","r":78,"g":51,"b":32},"_contentSize":{"__type__":"cc.Size","width":55.02,"height":37.8},"_anchorPoint":{"__type__":"cc.Vec2","y":0.5},"_trs":{"__type__":"TypedArray","ctor":"Float64Array","array":[-14,158.43,0,0,0,0,1,1,1,1]}},{"__type__":"cc.Label","node":{"__id__":21},"_materials":[{"__uuid__":"ecpdLyjvZBwrvm+cedCcQy"}],"_string":"ID:0","_N$string":"ID:0","_fontSize":30,"_lineHeight":30,"_N$horizontalAlign":1,"_N$verticalAlign":1},{"__type__":"cc.Node","_name":"Image_kuang","_parent":{"__id__":7},"_components":[{"__type__":"cc.Sprite","node":{"__id__":23},"_materials":[{"__uuid__":"ecpdLyjvZBwrvm+cedCcQy"}],"_spriteFrame":{"__uuid__":"a6usLrP5VC75+mWIjQVBCE"}}],"_prefab":{"__type__":"cc.PrefabInfo","root":{"__id__":1},"asset":{"__uuid__":"1aNPEZCdZIMaq79bBHp/u8"},"fileId":"b6mG6vqbJHaL3A7nKJwpya"},"_contentSize":{"__type__":"cc.Size","width":109,"height":113},"_trs":{"__type__":"TypedArray","ctor":"Float64Array","array":[-83,156.24,0,0,0,0,1,1,1,1]}},{"__type__":"cc.Node","_name":"playbird1","_parent":{"__id__":7},"_components":[{"__type__":"cc.Sprite","node":{"__id__":24},"_materials":[{"__uuid__":"ecpdLyjvZBwrvm+cedCcQy"}],"_spriteFrame":{"__uuid__":"dcFXUA+nJFrr9KkopOZui3"}}],"_prefab":{"__type__":"cc.PrefabInfo","root":{"__id__":1},"asset":{"__uuid__":"1aNPEZCdZIMaq79bBHp/u8"},"fileId":"ce1q2eRs1NKKZmuAR/jbz3"},"_contentSize":{"__type__":"cc.Size","width":317,"height":68},"_trs":{"__type__":"TypedArray","ctor":"Float64Array","array":[0,244.5,0,0,0,0,1,1,1,1]}},{"__type__":"cc.Node","_name":"playbird2","_parent":{"__id__":7},"_components":[{"__type__":"cc.Sprite","node":{"__id__":25},"_materials":[{"__uuid__":"ecpdLyjvZBwrvm+cedCcQy"}],"_spriteFrame":{"__uuid__":"57V1ME2AJKhoD7UbHokfwX"}}],"_prefab":{"__type__":"cc.PrefabInfo","root":{"__id__":1},"asset":{"__uuid__":"1aNPEZCdZIMaq79bBHp/u8"},"fileId":"e0BLF44JlKlbf/I7U3FUUx"},"_contentSize":{"__type__":"cc.Size","width":316,"height":68},"_trs":{"__type__":"TypedArray","ctor":"Float64Array","array":[0,244.5,0,0,0,0,1,1,1,1]}},{"__type__":"cc.Node","_name":"playbirdScore","_parent":{"__id__":7},"_children":[{"__id__":27},{"__id__":28},{"__id__":30}],"_prefab":{"__type__":"cc.PrefabInfo","root":{"__id__":1},"asset":{"__uuid__":"1aNPEZCdZIMaq79bBHp/u8"},"fileId":"d4A5MDLmhGS6OMM673R6+I"},"_contentSize":{"__type__":"cc.Size","width":300,"height":60},"_anchorPoint":{"__type__":"cc.Vec2"},"_trs":{"__type__":"TypedArray","ctor":"Float64Array","array":[-148,-232.5,0,0,0,0,1,1,1,1]}},{"__type__":"cc.Node","_name":"Image_8","_parent":{"__id__":26},"_components":[{"__type__":"cc.StudioWidget","node":{"__id__":27},"_alignFlags":4,"_bottom":0.20834999999999998,"_isAbsBottom":false},{"__type__":"cc.Sprite","node":{"__id__":27},"_materials":[{"__uuid__":"ecpdLyjvZBwrvm+cedCcQy"}],"_spriteFrame":{"__uuid__":"d0Qn0GublIvohIXqsUQ4ql"},"_sizeMode":0,"_isTrimmedMode":false}],"_prefab":{"__type__":"cc.PrefabInfo","root":{"__id__":1},"asset":{"__uuid__":"1aNPEZCdZIMaq79bBHp/u8"},"fileId":"1fb8yF3rVLp4pwJ9Xuj/go"},"_contentSize":{"__type__":"cc.Size","width":161,"height":35},"_trs":{"__type__":"TypedArray","ctor":"Float64Array","array":[84,30.000999999999998,0,0,0,0,1,1,1,1]}},{"__type__":"cc.Node","_name":"bird_win","_parent":{"__id__":26},"_components":[{"__id__":29}],"_prefab":{"__type__":"cc.PrefabInfo","root":{"__id__":1},"asset":{"__uuid__":"1aNPEZCdZIMaq79bBHp/u8"},"fileId":"5cq2S3sxBEfJ8nXArR06EP"},"_contentSize":{"__type__":"cc.Size","width":112.91,"height":40},"_trs":{"__type__":"TypedArray","ctor":"Float64Array","array":[223,26.5,0,0,0,0,1,1,1,1]}},{"__type__":"cc.Label","node":{"__id__":28},"_materials":[{"__uuid__":"ecpdLyjvZBwrvm+cedCcQy"}],"_string":"+100","_N$string":"+100","_N$file":{"__uuid__":"3fsP2Sc5VHqKHIdy1yD0hs"},"_isSystemFontUsed":false,"_spacingX":-6,"_N$horizontalAlign":1,"_N$verticalAlign":1},{"__type__":"cc.Node","_name":"bird_lost","_parent":{"__id__":26},"_components":[{"__id__":31}],"_prefab":{"__type__":"cc.PrefabInfo","root":{"__id__":1},"asset":{"__uuid__":"1aNPEZCdZIMaq79bBHp/u8"},"fileId":"d04lFO8+hDGIcIkeEDRm1M"},"_contentSize":{"__type__":"cc.Size","width":112.91,"height":40},"_trs":{"__type__":"TypedArray","ctor":"Float64Array","array":[223,26.5,0,0,0,0,1,1,1,1]}},{"__type__":"cc.Label","node":{"__id__":30},"_materials":[{"__uuid__":"ecpdLyjvZBwrvm+cedCcQy"}],"_string":"-100","_N$string":"-100","_N$file":{"__uuid__":"45Z31L2R1MwIAjzSnYdKDl"},"_isSystemFontUsed":false,"_spacingX":-6,"_N$horizontalAlign":1,"_N$verticalAlign":1},{"__type__":"cc.Node","_name":"Score_win","_parent":{"__id__":7},"_components":[{"__id__":33}],"_prefab":{"__type__":"cc.PrefabInfo","root":{"__id__":1},"asset":{"__uuid__":"1aNPEZCdZIMaq79bBHp/u8"},"fileId":"ceplXmtoVCdIt/GiH2ru6x"},"_contentSize":{"__type__":"cc.Size","width":112.91,"height":40},"_trs":{"__type__":"TypedArray","ctor":"Float64Array","array":[59,-116.5,0,0,0,0,1,1,1,1]}},{"__type__":"cc.Label","node":{"__id__":32},"_materials":[{"__uuid__":"ecpdLyjvZBwrvm+cedCcQy"}],"_string":"+100","_N$string":"+100","_N$file":{"__uuid__":"3fsP2Sc5VHqKHIdy1yD0hs"},"_isSystemFontUsed":false,"_spacingX":-6,"_N$horizontalAlign":1,"_N$verticalAlign":1},{"__type__":"cc.Node","_name":"Score_lost","_parent":{"__id__":7},"_components":[{"__id__":35}],"_prefab":{"__type__":"cc.PrefabInfo","root":{"__id__":1},"asset":{"__uuid__":"1aNPEZCdZIMaq79bBHp/u8"},"fileId":"02XgFlBQxPEYyTFbFGM8tH"},"_contentSize":{"__type__":"cc.Size","width":112.91,"height":40},"_trs":{"__type__":"TypedArray","ctor":"Float64Array","array":[59,-116.5,0,0,0,0,1,1,1,1]}},{"__type__":"cc.Label","node":{"__id__":34},"_materials":[{"__uuid__":"ecpdLyjvZBwrvm+cedCcQy"}],"_string":"-100","_N$string":"-100","_N$file":{"__uuid__":"45Z31L2R1MwIAjzSnYdKDl"},"_isSystemFontUsed":false,"_spacingX":-6,"_N$horizontalAlign":1,"_N$verticalAlign":1},{"__type__":"cc.Node","_name":"winner","_parent":{"__id__":7},"_components":[{"__id__":37}],"_prefab":{"__type__":"cc.PrefabInfo","root":{"__id__":1},"asset":{"__uuid__":"1aNPEZCdZIMaq79bBHp/u8"},"fileId":"aaJSMb/eNHd5eB3Y2eQphs"},"_contentSize":{"__type__":"cc.Size","width":392,"height":578},"_trs":{"__type__":"TypedArray","ctor":"Float64Array","array":[0,0,0,0,0,0,1,1,1,1]},"_groupIndex":2,"groupIndex":2},{"__type__":"sp.Skeleton","node":{"__id__":36},"_materials":[{"__uuid__":"7a/QZLET9IDreTiBfRn2PD"}],"defaultSkin":"default","defaultAnimation":"winner1","_preCacheMode":0,"loop":false,"premultipliedAlpha":false,"_animationName":"winner1","_playTimes":1,"_N$skeletonData":{"__uuid__":"ddmezsSJpK2KHIN3Uxi4aD"}},{"__type__":"cc.Node","_name":"roomInfo","_parent":{"__id__":4},"_children":[{"__id__":39},{"__id__":40},{"__id__":41}],"_components":[{"__type__":"cc.StudioWidget","node":{"__id__":38},"_alignFlags":12,"_left":0.0016,"_bottom":0.8713,"_isAbsLeft":false,"_isAbsBottom":false}],"_prefab":{"__type__":"cc.PrefabInfo","root":{"__id__":1},"asset":{"__uuid__":"1aNPEZCdZIMaq79bBHp/u8"},"fileId":"55kXdOf1xNVL/qfHlXpUTA"},"_contentSize":{"__type__":"cc.Size","width":315,"height":100},"_anchorPoint":{"__type__":"cc.Vec2"},"_trs":{"__type__":"TypedArray","ctor":"Float64Array","array":[-637.952,297.03999999999996,0,0,0,0,1,1,1,1]}},{"__type__":"cc.Node","_name":"tablenum","_parent":{"__id__":38},"_components":[{"__type__":"cc.Label","node":{"__id__":39},"_materials":[{"__uuid__":"ecpdLyjvZBwrvm+cedCcQy"}],"_string":"亲友圈:0000000 第1桌  0/0局","_N$string":"亲友圈:0000000 第1桌  0/0局","_fontSize":22,"_lineHeight":0}],"_prefab":{"__type__":"cc.PrefabInfo","root":{"__id__":1},"asset":{"__uuid__":"1aNPEZCdZIMaq79bBHp/u8"},"fileId":"f0pSojIM1MlJ5Ea/Alw1Ab"},"_opacity":204,"_contentSize":{"__type__":"cc.Size","width":284.92,"height":27.72},"_anchorPoint":{"__type__":"cc.Vec2","y":0.5},"_trs":{"__type__":"TypedArray","ctor":"Float64Array","array":[29.1432,30.8254,0,0,0,0,1,1,1,1]},"_groupIndex":2,"groupIndex":2},{"__type__":"cc.Node","_name":"time","_parent":{"__id__":38},"_components":[{"__type__":"cc.Label","node":{"__id__":40},"_materials":[{"__uuid__":"ecpdLyjvZBwrvm+cedCcQy"}],"_string":"2016-08-08 08:08:08","_N$string":"2016-08-08 08:08:08","_fontSize":22,"_lineHeight":0}],"_prefab":{"__type__":"cc.PrefabInfo","root":{"__id__":1},"asset":{"__uuid__":"1aNPEZCdZIMaq79bBHp/u8"},"fileId":"e426UtSY9NZpjl/a2ew4qV"},"_opacity":229,"_contentSize":{"__type__":"cc.Size","width":204.28,"height":27.72},"_anchorPoint":{"__type__":"cc.Vec2","y":0.5},"_trs":{"__type__":"TypedArray","ctor":"Float64Array","array":[29.6209,4.0504,0,0,0,0,1,1,1,1]},"_groupIndex":2,"groupIndex":2},{"__type__":"cc.Node","_name":"gamename","_parent":{"__id__":38},"_components":[{"__type__":"cc.Label","node":{"__id__":41},"_materials":[{"__uuid__":"ecpdLyjvZBwrvm+cedCcQy"}],"_string":"经典跑的快","_N$string":"经典跑的快","_fontSize":34,"_lineHeight":0}],"_prefab":{"__type__":"cc.PrefabInfo","root":{"__id__":1},"asset":{"__uuid__":"1aNPEZCdZIMaq79bBHp/u8"},"fileId":"67Jsw61KpDq5IYhQILXWX3"},"_opacity":204,"_color":{"__type__":"cc.Color","r":229,"g":199,"b":123},"_contentSize":{"__type__":"cc.Size","width":170,"height":42.84},"_trs":{"__type__":"TypedArray","ctor":"Float64Array","array":[114.1969,67.7525,0,0,0,0,1,1,1,1]},"_groupIndex":2,"groupIndex":2},{"__type__":"cc.Node","_name":"backBtn","_parent":{"__id__":4},"_children":[{"__id__":43}],"_components":[{"__type__":"cc.StudioWidget","node":{"__id__":42},"_alignFlags":12,"_left":0.9127187499999999,"_bottom":0.8712000000000001,"_isAbsLeft":false,"_isAbsBottom":false},{"__type__":"cc.Button","node":{"__id__":42},"_normalMaterial":{"__uuid__":"ecpdLyjvZBwrvm+cedCcQy"},"duration":0.05,"zoomScale":1.1,"_N$transition":3,"transition":3,"_N$target":{"__id__":43}}],"_prefab":{"__type__":"cc.PrefabInfo","root":{"__id__":1},"asset":{"__uuid__":"1aNPEZCdZIMaq79bBHp/u8"},"fileId":"bfvetknH9IbZIoKnVSIJwJ"},"_contentSize":{"__type__":"cc.Size","width":100,"height":100},"_trs":{"__type__":"TypedArray","ctor":"Float64Array","array":[578.28,346.96000000000004,0,0,0,0,1,1,1,1]}},{"__type__":"cc.Node","_name":"Btn_exit1","_parent":{"__id__":42},"_components":[{"__type__":"cc.Sprite","node":{"__id__":43},"_materials":[{"__uuid__":"ecpdLyjvZBwrvm+cedCcQy"}],"_spriteFrame":{"__uuid__":"33Tc27EXRBRrRQC3iM6I3b"}}],"_prefab":{"__type__":"cc.PrefabInfo","root":{"__id__":1},"asset":{"__uuid__":"1aNPEZCdZIMaq79bBHp/u8"},"fileId":"64YjYlwPtNuJjsIg0MLlj4"},"_contentSize":{"__type__":"cc.Size","width":66,"height":60},"_trs":{"__type__":"TypedArray","ctor":"Float64Array","array":[0,0,0,0,0,0,1,1,1,1]}},{"__type__":"cc.Node","_name":"shareBtn","_parent":{"__id__":4},"_components":[{"__type__":"cc.Button","node":{"__id__":44},"_normalMaterial":{"__uuid__":"ecpdLyjvZBwrvm+cedCcQy"},"duration":0.05,"zoomScale":1.1,"_N$transition":3,"transition":3,"_N$target":{"__id__":44}},{"__type__":"cc.Sprite","node":{"__id__":44},"_materials":[{"__uuid__":"ecpdLyjvZBwrvm+cedCcQy"}],"_spriteFrame":{"__uuid__":"3371n/62pHRqLxWGjPqRjz"}}],"_prefab":{"__type__":"cc.PrefabInfo","root":{"__id__":1},"asset":{"__uuid__":"1aNPEZCdZIMaq79bBHp/u8"},"fileId":"89gjrj/pJHzr/gpmYahskI"},"_contentSize":{"__type__":"cc.Size","width":258,"height":77},"_trs":{"__type__":"TypedArray","ctor":"Float64Array","array":[0,-339.98,0,0,0,0,1,1,1,1]}},{"__type__":"cc.Node","_name":"Text_4","_parent":{"__id__":4},"_components":[{"__type__":"cc.StudioWidget","node":{"__id__":45},"_alignFlags":12,"_left":0.025,"_bottom":0.029074999999999997,"_isAbsLeft":false,"_isAbsBottom":false},{"__type__":"cc.Label","node":{"__id__":45},"_materials":[{"__uuid__":"ecpdLyjvZBwrvm+cedCcQy"}],"_fontSize":22,"_lineHeight":0}],"_prefab":{"__type__":"cc.PrefabInfo","root":{"__id__":1},"asset":{"__uuid__":"1aNPEZCdZIMaq79bBHp/u8"},"fileId":"caTVPgnZ1O7ps7XZh5ue2D"},"_color":{"__type__":"cc.Color","r":255,"g":165},"_contentSize":{"__type__":"cc.Size","height":27.72},"_anchorPoint":{"__type__":"cc.Vec2","y":0.5},"_trs":{"__type__":"TypedArray","ctor":"Float64Array","array":[-608,-362.88,0,0,0,0,1,1,1,1]}}]