[{"__type__":"cc.Prefab","_name":"PDKZhaNiao","data":{"__id__":1}},{"__type__":"cc.Node","_name":"PDKZhaNiao","_children":[{"__id__":2},{"__id__":5}],"_components":[{"__type__":"067543y+BRNyZOA+NwP3KWU","node":{"__id__":1},"birdNode":{"__id__":4},"moveNode":{"__id__":2},"tuowei":{"__id__":5}}],"_prefab":{"__type__":"cc.PrefabInfo","root":{"__id__":1},"asset":{"__uuid__":"08wQuuXM9Biapayf7B2fGm"},"fileId":"8eKW+pr8dOZbAxerldW+y1"},"_trs":{"__type__":"TypedArray","ctor":"Float64Array","array":[0,0,0,0,0,0,1,1,1,1]}},{"__type__":"cc.Node","_name":"moveNode","_parent":{"__id__":1},"_children":[{"__id__":3}],"_prefab":{"__type__":"cc.PrefabInfo","root":{"__id__":1},"asset":{"__uuid__":"08wQuuXM9Biapayf7B2fGm"},"fileId":"81WoKT6KJEIpVUfPcd98z4"},"_trs":{"__type__":"TypedArray","ctor":"Float64Array","array":[0,0,0,0,0,0,1,1,1,1]}},{"__type__":"cc.Node","_name":"zhaniao","_parent":{"__id__":2},"_components":[{"__id__":4}],"_prefab":{"__type__":"cc.PrefabInfo","root":{"__id__":1},"asset":{"__uuid__":"08wQuuXM9Biapayf7B2fGm"},"fileId":"cfkFljG29G04p4gtdRHVgZ"},"_contentSize":{"__type__":"cc.Size","width":146.04,"height":100.85},"_trs":{"__type__":"TypedArray","ctor":"Float64Array","array":[0,0,0,0,0,0,1,1,1,1]}},{"__type__":"sp.Skeleton","node":{"__id__":3},"_materials":[{"__uuid__":"7a/QZLET9IDreTiBfRn2PD"}],"defaultSkin":"default","defaultAnimation":"zhaniao","_preCacheMode":0,"loop":false,"premultipliedAlpha":false,"_animationName":"zhaniao","_playTimes":1,"_N$skeletonData":{"__uuid__":"070/nKGlZJZINp6kU/XQRE"}},{"__type__":"cc.Node","_name":"tuowei","_parent":{"__id__":1},"_components":[{"__type__":"cc.ParticleSystem","node":{"__id__":5},"_materials":[{"__uuid__":"ecpdLyjvZBwrvm+cedCcQy"}],"_dstBlendFactor":1,"_custom":true,"_file":{"__uuid__":"32CoJe9DpBErM5jUIvoSug"},"_spriteFrame":{"__uuid__":"36F+jsOTJLvI71ZgYPWfuP"},"totalParticles":300,"emissionRate":150,"life":2,"lifeVar":1,"_startColor":{"__type__":"cc.Color","r":126,"g":126,"b":126},"_startColorVar":{"__type__":"cc.Color","r":126,"g":126,"b":126,"a":0},"_endColor":{"__type__":"cc.Color"},"_endColorVar":{"__type__":"cc.Color","a":0},"angle":0,"angleVar":360,"startSize":30,"startSizeVar":10,"endSize":30,"_positionType":1,"positionType":1,"speed":80,"speedVar":10,"tangentialAccel":10,"startRadius":276.209991,"startRadiusVar":154.949997,"rotatePerS":35.529999}],"_prefab":{"__type__":"cc.PrefabInfo","root":{"__id__":1},"asset":{"__uuid__":"08wQuuXM9Biapayf7B2fGm"},"fileId":"32iERKenRKs69HfejJds9D"},"_trs":{"__type__":"TypedArray","ctor":"Float64Array","array":[15,-10,0,0,0,0,1,1,1,1]}}]