[{"__type__":"cc.Prefab","_name":"PokerRoomTipLayer","data":{"__id__":1}},{"__type__":"cc.Node","_name":"PokerRoomTipLayer","_children":[{"__id__":2},{"__id__":4},{"__id__":6},{"__id__":8},{"__id__":9},{"__id__":10},{"__id__":11},{"__id__":15},{"__id__":21},{"__id__":27},{"__id__":28},{"__id__":29},{"__id__":30},{"__id__":37},{"__id__":39},{"__id__":40},{"__id__":43},{"__id__":46},{"__id__":49},{"__id__":50},{"__id__":51},{"__id__":56},{"__id__":61}],"_components":[{"__type__":"cc.StudioWidget","node":{"__id__":1},"_alignFlags":45,"_isAbsLeft":false,"_isAbsRight":false,"_isAbsBottom":false,"_originalWidth":1280,"_originalHeight":800},{"__type__":"056daM24RpKz58F/ItPyZ+z","node":{"__id__":1},"birdPrefab":{"__uuid__":"08wQuuXM9Biapayf7B2fGm"}}],"_prefab":{"__type__":"cc.PrefabInfo","root":{"__id__":1},"asset":{"__uuid__":"bbxhDfsaVK6aTKi29cNREu"},"fileId":"5eD6oXt55GFrjJnfg3Hb6i"},"_contentSize":{"__type__":"cc.Size","width":1280,"height":800},"_trs":{"__type__":"TypedArray","ctor":"Float64Array","array":[0,0,0,0,0,0,1,1,1,1]}},{"__type__":"cc.Node","_name":"baoJing0","_parent":{"__id__":1},"_children":[{"__id__":3}],"_active":false,"_components":[{"__type__":"cc.StudioWidget","node":{"__id__":2},"_alignFlags":12,"_left":0.09565000000000001,"_bottom":0.25985,"_isAbsLeft":false,"_isAbsBottom":false},{"__type__":"cc.Sprite","node":{"__id__":2},"_materials":[{"__uuid__":"ecpdLyjvZBwrvm+cedCcQy"}],"_sizeMode":0,"_isTrimmedMode":false}],"_prefab":{"__type__":"cc.PrefabInfo","root":{"__id__":1},"asset":{"__uuid__":"bbxhDfsaVK6aTKi29cNREu"},"fileId":"f73ISOdEFFIImDs/DMy2MF"},"_contentSize":{"__type__":"cc.Size","width":46,"height":46},"_trs":{"__type__":"TypedArray","ctor":"Float64Array","array":[-501.46799999999996,-176.01999999999998,0,0,0,0,1,0.7,0.7,1]}},{"__type__":"cc.Node","_name":"naozhongjingbao","_parent":{"__id__":2},"_components":[{"__type__":"sp.Skeleton","node":{"__id__":3},"_materials":[{"__uuid__":"7a/QZLET9IDreTiBfRn2PD"}],"defaultSkin":"default","defaultAnimation":"jingbao","_preCacheMode":0,"premultipliedAlpha":false,"_animationName":"jingbao","_N$skeletonData":{"__uuid__":"d3Db+Px9RHHaEtN0MzyUD9"}},{"__type__":"ee606rD2/lE1r2LtSv7UmhM","node":{"__id__":3}}],"_prefab":{"__type__":"cc.PrefabInfo","root":{"__id__":1},"asset":{"__uuid__":"bbxhDfsaVK6aTKi29cNREu"},"fileId":"f1WlR25zFCyraNtGSa7f4s"},"_contentSize":{"__type__":"cc.Size","width":103,"height":105},"_trs":{"__type__":"TypedArray","ctor":"Float64Array","array":[0,0,0,0,0,0,1,1,1,1]}},{"__type__":"cc.Node","_name":"baoJing1","_parent":{"__id__":1},"_children":[{"__id__":5}],"_active":false,"_components":[{"__type__":"cc.StudioWidget","node":{"__id__":4},"_alignFlags":12,"_left":0.79205,"_bottom":0.52125,"_isAbsLeft":false,"_isAbsBottom":false},{"__type__":"cc.Sprite","node":{"__id__":4},"_materials":[{"__uuid__":"ecpdLyjvZBwrvm+cedCcQy"}],"_sizeMode":0,"_isTrimmedMode":false}],"_prefab":{"__type__":"cc.PrefabInfo","root":{"__id__":1},"asset":{"__uuid__":"bbxhDfsaVK6aTKi29cNREu"},"fileId":"10t1pXaUxH0o2YPLvjg+xT"},"_contentSize":{"__type__":"cc.Size","width":46,"height":46},"_trs":{"__type__":"TypedArray","ctor":"Float64Array","array":[389.9240000000001,33.099999999999994,0,0,0,0,1,0.7,0.7,1]}},{"__type__":"cc.Node","_name":"naozhongjingbao","_parent":{"__id__":4},"_components":[{"__type__":"sp.Skeleton","node":{"__id__":5},"_materials":[{"__uuid__":"7a/QZLET9IDreTiBfRn2PD"}],"defaultSkin":"default","defaultAnimation":"jingbao","_preCacheMode":0,"premultipliedAlpha":false,"_animationName":"jingbao","_N$skeletonData":{"__uuid__":"d3Db+Px9RHHaEtN0MzyUD9"}},{"__type__":"ee606rD2/lE1r2LtSv7UmhM","node":{"__id__":5}}],"_prefab":{"__type__":"cc.PrefabInfo","root":{"__id__":1},"asset":{"__uuid__":"bbxhDfsaVK6aTKi29cNREu"},"fileId":"dfhUIMwYVCiZvTeZY5oiXW"},"_contentSize":{"__type__":"cc.Size","width":103,"height":105},"_trs":{"__type__":"TypedArray","ctor":"Float64Array","array":[0,0,0,0,0,0,1,1,1,1]}},{"__type__":"cc.Node","_name":"baoJing2","_parent":{"__id__":1},"_children":[{"__id__":7}],"_active":false,"_components":[{"__type__":"cc.StudioWidget","node":{"__id__":6},"_alignFlags":12,"_left":0.17215,"_bottom":0.51525,"_isAbsLeft":false,"_isAbsBottom":false},{"__type__":"cc.Sprite","node":{"__id__":6},"_materials":[{"__uuid__":"ecpdLyjvZBwrvm+cedCcQy"}],"_sizeMode":0,"_isTrimmedMode":false}],"_prefab":{"__type__":"cc.PrefabInfo","root":{"__id__":1},"asset":{"__uuid__":"bbxhDfsaVK6aTKi29cNREu"},"fileId":"b7Cs5h709L+oOXhjkMLERR"},"_contentSize":{"__type__":"cc.Size","width":46,"height":46},"_trs":{"__type__":"TypedArray","ctor":"Float64Array","array":[-403.548,28.299999999999986,0,0,0,0,1,0.7,0.7,1]}},{"__type__":"cc.Node","_name":"naozhongjingbao","_parent":{"__id__":6},"_components":[{"__type__":"sp.Skeleton","node":{"__id__":7},"_materials":[{"__uuid__":"7a/QZLET9IDreTiBfRn2PD"}],"defaultSkin":"default","defaultAnimation":"jingbao","_preCacheMode":0,"premultipliedAlpha":false,"_animationName":"jingbao","_N$skeletonData":{"__uuid__":"d3Db+Px9RHHaEtN0MzyUD9"}},{"__type__":"ee606rD2/lE1r2LtSv7UmhM","node":{"__id__":7}}],"_prefab":{"__type__":"cc.PrefabInfo","root":{"__id__":1},"asset":{"__uuid__":"bbxhDfsaVK6aTKi29cNREu"},"fileId":"23p1smi6NAH5jd2ULk5zVq"},"_contentSize":{"__type__":"cc.Size","width":103,"height":105},"_trs":{"__type__":"TypedArray","ctor":"Float64Array","array":[0,0,0,0,0,0,1,1,1,1]}},{"__type__":"cc.Node","_name":"Image_quanguan1","_parent":{"__id__":1},"_active":false,"_components":[{"__type__":"cc.StudioWidget","node":{"__id__":8},"_alignFlags":12,"_left":0.45275,"_bottom":0.125,"_isAbsLeft":false,"_isAbsBottom":false},{"__type__":"cc.Sprite","node":{"__id__":8},"_materials":[{"__uuid__":"ecpdLyjvZBwrvm+cedCcQy"}],"_spriteFrame":{"__uuid__":"edZZ3l639IuafIFLTIajmD"},"_sizeMode":0,"_isTrimmedMode":false}],"_prefab":{"__type__":"cc.PrefabInfo","root":{"__id__":1},"asset":{"__uuid__":"bbxhDfsaVK6aTKi29cNREu"},"fileId":"ad6JDTsv1ESr/elh52/i4F"},"_contentSize":{"__type__":"cc.Size","width":121,"height":56},"_trs":{"__type__":"TypedArray","ctor":"Float64Array","array":[0.01999999999998181,-272,0,0,0,0,1,1,1,1]}},{"__type__":"cc.Node","_name":"Image_quanguan2","_parent":{"__id__":1},"_active":false,"_components":[{"__type__":"cc.StudioWidget","node":{"__id__":9},"_alignFlags":12,"_left":0.6527499999999999,"_bottom":0.6649999999999999,"_isAbsLeft":false,"_isAbsBottom":false},{"__type__":"cc.Sprite","node":{"__id__":9},"_materials":[{"__uuid__":"ecpdLyjvZBwrvm+cedCcQy"}],"_spriteFrame":{"__uuid__":"edZZ3l639IuafIFLTIajmD"},"_sizeMode":0,"_isTrimmedMode":false}],"_prefab":{"__type__":"cc.PrefabInfo","root":{"__id__":1},"asset":{"__uuid__":"bbxhDfsaVK6aTKi29cNREu"},"fileId":"29pvuV4StG4b8XyJbG4+R2"},"_contentSize":{"__type__":"cc.Size","width":121,"height":56},"_trs":{"__type__":"TypedArray","ctor":"Float64Array","array":[256.02,159.9999999999999,0,0,0,0,1,1,1,1]}},{"__type__":"cc.Node","_name":"Image_quanguan3","_parent":{"__id__":1},"_active":false,"_components":[{"__type__":"cc.StudioWidget","node":{"__id__":10},"_alignFlags":12,"_left":0.25275,"_bottom":0.6649999999999999,"_isAbsLeft":false,"_isAbsBottom":false},{"__type__":"cc.Sprite","node":{"__id__":10},"_materials":[{"__uuid__":"ecpdLyjvZBwrvm+cedCcQy"}],"_spriteFrame":{"__uuid__":"edZZ3l639IuafIFLTIajmD"},"_sizeMode":0,"_isTrimmedMode":false}],"_prefab":{"__type__":"cc.PrefabInfo","root":{"__id__":1},"asset":{"__uuid__":"bbxhDfsaVK6aTKi29cNREu"},"fileId":"f9xRPxm+lJvovTNHp0riQU"},"_contentSize":{"__type__":"cc.Size","width":121,"height":56},"_trs":{"__type__":"TypedArray","ctor":"Float64Array","array":[-255.98000000000002,159.9999999999999,0,0,0,0,1,1,1,1]}},{"__type__":"cc.Node","_name":"Node_0","_parent":{"__id__":1},"_children":[{"__id__":12},{"__type__":"cc.Node","_name":"Text_Jiesuan","_parent":{"__id__":11},"_prefab":{"__type__":"cc.PrefabInfo","root":{"__id__":1},"asset":{"__uuid__":"bbxhDfsaVK6aTKi29cNREu"},"fileId":"3deCgF3fVFU7ACe8dXuTs9"},"_anchorPoint":{"__type__":"cc.Vec2"},"_trs":{"__type__":"TypedArray","ctor":"Float64Array","array":[0,100,0,0,0,0,1,1,1,1]}},{"__id__":13},{"__id__":14}],"_components":[{"__type__":"cc.StudioWidget","node":{"__id__":11},"_alignFlags":12,"_left":0.07,"_bottom":0.0691,"_isAbsLeft":false,"_isAbsBottom":false}],"_prefab":{"__type__":"cc.PrefabInfo","root":{"__id__":1},"asset":{"__uuid__":"bbxhDfsaVK6aTKi29cNREu"},"fileId":"313DcNgGtPY7UvPQxkbdJs"},"_anchorPoint":{"__type__":"cc.Vec2"},"_trs":{"__type__":"TypedArray","ctor":"Float64Array","array":[-550.4,-344.72,0,0,0,0,1,1,1,1]}},{"__type__":"cc.Node","_name":"Text_Jiesuan12","_parent":{"__id__":11},"_active":false,"_components":[{"__type__":"cc.Label","node":{"__id__":12},"_materials":[{"__uuid__":"ecpdLyjvZBwrvm+cedCcQy"}],"_string":"+2000","_N$string":"+2000","_fontSize":36,"_lineHeight":0}],"_prefab":{"__type__":"cc.PrefabInfo","root":{"__id__":1},"asset":{"__uuid__":"bbxhDfsaVK6aTKi29cNREu"},"fileId":"b6e/UggI1Bba+h9P12RF5i"},"_color":{"__type__":"cc.Color","r":255,"g":255},"_contentSize":{"__type__":"cc.Size","width":101.11,"height":45.36},"_trs":{"__type__":"TypedArray","ctor":"Float64Array","array":[-4.56,90.34,0,0,0,0,1,1,1,1]}},{"__type__":"cc.Node","_name":"Text_Jiesuan13","_parent":{"__id__":11},"_active":false,"_components":[{"__type__":"cc.Label","node":{"__id__":13},"_materials":[{"__uuid__":"ecpdLyjvZBwrvm+cedCcQy"}],"_string":"/","_N$string":"/","_fontSize":49.28,"_lineHeight":49.28,"_N$file":{"__uuid__":"a3eZx6EApKXbI1bTigT1r5"},"_isSystemFontUsed":false,"_spacingX":-2,"_N$horizontalAlign":1,"_N$verticalAlign":1}],"_prefab":{"__type__":"cc.PrefabInfo","root":{"__id__":1},"asset":{"__uuid__":"bbxhDfsaVK6aTKi29cNREu"},"fileId":"77x8wtXG9LipdbJ3ZqWr7L"},"_contentSize":{"__type__":"cc.Size","width":40.23,"height":49.28},"_trs":{"__type__":"TypedArray","ctor":"Float64Array","array":[160,80,0,0,0,0,1,1,1,1]}},{"__type__":"cc.Node","_name":"Sprite_hint0","_parent":{"__id__":11},"_components":[{"__type__":"cc.Sprite","node":{"__id__":14},"_materials":[{"__uuid__":"ecpdLyjvZBwrvm+cedCcQy"}],"_spriteFrame":{"__uuid__":"08Y88PFllMQqlBs0sLhAjD"}}],"_prefab":{"__type__":"cc.PrefabInfo","root":{"__id__":1},"asset":{"__uuid__":"bbxhDfsaVK6aTKi29cNREu"},"fileId":"eeeDdQF2lKLrCQX2UPQtyy"},"_contentSize":{"__type__":"cc.Size","width":144,"height":62},"_trs":{"__type__":"TypedArray","ctor":"Float64Array","array":[0,50,0,0,0,0,1,1,1,1]}},{"__type__":"cc.Node","_name":"Node_2","_parent":{"__id__":1},"_children":[{"__id__":16},{"__id__":17},{"__type__":"cc.Node","_name":"Text_Jiesuan2","_parent":{"__id__":15},"_prefab":{"__type__":"cc.PrefabInfo","root":{"__id__":1},"asset":{"__uuid__":"bbxhDfsaVK6aTKi29cNREu"},"fileId":"79lwgwNHVBYpum5yw0w8cq"},"_anchorPoint":{"__type__":"cc.Vec2"},"_trs":{"__type__":"TypedArray","ctor":"Float64Array","array":[0,120,0,0,0,0,1,1,1,1]}},{"__id__":18},{"__id__":19},{"__id__":20}],"_components":[{"__type__":"cc.StudioWidget","node":{"__id__":15},"_alignFlags":12,"_left":0.07187500000000002,"_bottom":0.72,"_isAbsLeft":false,"_isAbsBottom":false}],"_prefab":{"__type__":"cc.PrefabInfo","root":{"__id__":1},"asset":{"__uuid__":"bbxhDfsaVK6aTKi29cNREu"},"fileId":"1e9SAc1AdHVrPZYhTGJYCY"},"_anchorPoint":{"__type__":"cc.Vec2"},"_trs":{"__type__":"TypedArray","ctor":"Float64Array","array":[-548,176,0,0,0,0,1,1,1,1]}},{"__type__":"cc.Node","_name":"Text_Jiesuan21","_parent":{"__id__":15},"_active":false,"_components":[{"__type__":"cc.Label","node":{"__id__":16},"_materials":[{"__uuid__":"ecpdLyjvZBwrvm+cedCcQy"}],"_string":"-2000","_N$string":"-2000","_fontSize":36,"_lineHeight":0}],"_prefab":{"__type__":"cc.PrefabInfo","root":{"__id__":1},"asset":{"__uuid__":"bbxhDfsaVK6aTKi29cNREu"},"fileId":"95AZe3j8VIbpDSYpXwiw9g"},"_color":{"__type__":"cc.Color","r":255,"g":255},"_contentSize":{"__type__":"cc.Size","width":92.07,"height":45.36},"_trs":{"__type__":"TypedArray","ctor":"Float64Array","array":[-4.21,90,0,0,0,0,1,1,1,1]}},{"__type__":"cc.Node","_name":"Text_Jiesuan22","_parent":{"__id__":15},"_active":false,"_components":[{"__type__":"cc.Label","node":{"__id__":17},"_materials":[{"__uuid__":"ecpdLyjvZBwrvm+cedCcQy"}],"_string":"/","_N$string":"/","_fontSize":49.28,"_lineHeight":49.28,"_N$file":{"__uuid__":"a3eZx6EApKXbI1bTigT1r5"},"_isSystemFontUsed":false,"_spacingX":-2,"_N$horizontalAlign":1,"_N$verticalAlign":1}],"_prefab":{"__type__":"cc.PrefabInfo","root":{"__id__":1},"asset":{"__uuid__":"bbxhDfsaVK6aTKi29cNREu"},"fileId":"4ekXnbQ11HZ7l7s0sZ2DyH"},"_contentSize":{"__type__":"cc.Size","width":40.23,"height":49.28},"_trs":{"__type__":"TypedArray","ctor":"Float64Array","array":[0,80,0,0,0,0,1,1,1,1]}},{"__type__":"cc.Node","_name":"Sprite_hint2","_parent":{"__id__":15},"_components":[{"__type__":"cc.Sprite","node":{"__id__":18},"_materials":[{"__uuid__":"ecpdLyjvZBwrvm+cedCcQy"}],"_spriteFrame":{"__uuid__":"08Y88PFllMQqlBs0sLhAjD"},"_sizeMode":2,"_isTrimmedMode":false}],"_prefab":{"__type__":"cc.PrefabInfo","root":{"__id__":1},"asset":{"__uuid__":"bbxhDfsaVK6aTKi29cNREu"},"fileId":"dclj5UD8VHSa+qOMy2rFML"},"_contentSize":{"__type__":"cc.Size","width":144,"height":62},"_trs":{"__type__":"TypedArray","ctor":"Float64Array","array":[0,100,0,0,0,0,1,1,1,1]}},{"__type__":"cc.Node","_name":"Image_cardbg","_parent":{"__id__":15},"_active":false,"_components":[{"__type__":"cc.Sprite","node":{"__id__":19},"_materials":[{"__uuid__":"ecpdLyjvZBwrvm+cedCcQy"}],"_spriteFrame":{"__uuid__":"f4ocl5IE5OTp7jLb/efmbF"},"_type":1,"_sizeMode":0,"_isTrimmedMode":false}],"_prefab":{"__type__":"cc.PrefabInfo","root":{"__id__":1},"asset":{"__uuid__":"bbxhDfsaVK6aTKi29cNREu"},"fileId":"73XOH+3b1F7bwS2eVyzHV4"},"_contentSize":{"__type__":"cc.Size","width":41,"height":54},"_trs":{"__type__":"TypedArray","ctor":"Float64Array","array":[74,-18,0,0,0,0,1,1,1,1]}},{"__type__":"cc.Node","_name":"txt_cardNum2","_parent":{"__id__":15},"_active":false,"_components":[{"__type__":"cc.Label","node":{"__id__":20},"_materials":[{"__uuid__":"ecpdLyjvZBwrvm+cedCcQy"}],"_string":"16","_N$string":"16","_fontSize":30,"_lineHeight":0}],"_prefab":{"__type__":"cc.PrefabInfo","root":{"__id__":1},"asset":{"__uuid__":"bbxhDfsaVK6aTKi29cNREu"},"fileId":"b7sv+iGJ1ChpJ11qNHAoKo"},"_color":{"__type__":"cc.Color","r":255,"g":214},"_contentSize":{"__type__":"cc.Size","width":33.37,"height":37.8},"_trs":{"__type__":"TypedArray","ctor":"Float64Array","array":[72,-18,0,0,0,0,1,1,1,1]}},{"__type__":"cc.Node","_name":"Node_1","_parent":{"__id__":1},"_children":[{"__id__":22},{"__type__":"cc.Node","_name":"Text_Jiesuan1","_parent":{"__id__":21},"_prefab":{"__type__":"cc.PrefabInfo","root":{"__id__":1},"asset":{"__uuid__":"bbxhDfsaVK6aTKi29cNREu"},"fileId":"67LVcMt/lJFKqLOZ0V0GCn"},"_anchorPoint":{"__type__":"cc.Vec2"},"_trs":{"__type__":"TypedArray","ctor":"Float64Array","array":[0,120,0,0,0,0,1,1,1,1]}},{"__id__":23},{"__id__":24},{"__id__":25},{"__id__":26}],"_components":[{"__type__":"cc.StudioWidget","node":{"__id__":21},"_alignFlags":12,"_left":0.9390624999999999,"_bottom":0.72,"_isAbsLeft":false,"_isAbsBottom":false}],"_prefab":{"__type__":"cc.PrefabInfo","root":{"__id__":1},"asset":{"__uuid__":"bbxhDfsaVK6aTKi29cNREu"},"fileId":"2c6ob3lJRBS4Abtold/Xgh"},"_anchorPoint":{"__type__":"cc.Vec2"},"_trs":{"__type__":"TypedArray","ctor":"Float64Array","array":[562,176,0,0,0,0,1,1,1,1]}},{"__type__":"cc.Node","_name":"Text_Jiesuan13","_parent":{"__id__":21},"_active":false,"_components":[{"__type__":"cc.Label","node":{"__id__":22},"_materials":[{"__uuid__":"ecpdLyjvZBwrvm+cedCcQy"}],"_string":"/","_N$string":"/","_fontSize":49.28,"_lineHeight":49.28,"_N$file":{"__uuid__":"a3eZx6EApKXbI1bTigT1r5"},"_isSystemFontUsed":false,"_spacingX":-2,"_N$horizontalAlign":1,"_N$verticalAlign":1}],"_prefab":{"__type__":"cc.PrefabInfo","root":{"__id__":1},"asset":{"__uuid__":"bbxhDfsaVK6aTKi29cNREu"},"fileId":"80SE5cfatMk4wkNOV4RlM+"},"_contentSize":{"__type__":"cc.Size","width":40.23,"height":49.28},"_trs":{"__type__":"TypedArray","ctor":"Float64Array","array":[0,80,0,0,0,0,1,1,1,1]}},{"__type__":"cc.Node","_name":"Text_Jiesuan12","_parent":{"__id__":21},"_active":false,"_components":[{"__type__":"cc.Label","node":{"__id__":23},"_materials":[{"__uuid__":"ecpdLyjvZBwrvm+cedCcQy"}],"_string":"-2000","_N$string":"-2000","_fontSize":36,"_lineHeight":0}],"_prefab":{"__type__":"cc.PrefabInfo","root":{"__id__":1},"asset":{"__uuid__":"bbxhDfsaVK6aTKi29cNREu"},"fileId":"7bjMqRDixPqIYpxXJk20Vo"},"_color":{"__type__":"cc.Color","r":255,"g":255},"_contentSize":{"__type__":"cc.Size","width":92.07,"height":45.36},"_trs":{"__type__":"TypedArray","ctor":"Float64Array","array":[2.25,112.92,0,0,0,0,1,1,1,1]}},{"__type__":"cc.Node","_name":"Sprite_hint1","_parent":{"__id__":21},"_components":[{"__type__":"cc.Sprite","node":{"__id__":24},"_materials":[{"__uuid__":"ecpdLyjvZBwrvm+cedCcQy"}],"_spriteFrame":{"__uuid__":"08Y88PFllMQqlBs0sLhAjD"},"_sizeMode":2,"_isTrimmedMode":false}],"_prefab":{"__type__":"cc.PrefabInfo","root":{"__id__":1},"asset":{"__uuid__":"bbxhDfsaVK6aTKi29cNREu"},"fileId":"a9Or/Yr6tBRrme04bkiQ6t"},"_contentSize":{"__type__":"cc.Size","width":144,"height":62},"_trs":{"__type__":"TypedArray","ctor":"Float64Array","array":[0,100,0,0,0,0,1,1,1,1]}},{"__type__":"cc.Node","_name":"Image_cardbg","_parent":{"__id__":21},"_active":false,"_components":[{"__type__":"cc.Sprite","node":{"__id__":25},"_materials":[{"__uuid__":"ecpdLyjvZBwrvm+cedCcQy"}],"_spriteFrame":{"__uuid__":"f4ocl5IE5OTp7jLb/efmbF"},"_type":1,"_sizeMode":0,"_isTrimmedMode":false}],"_prefab":{"__type__":"cc.PrefabInfo","root":{"__id__":1},"asset":{"__uuid__":"bbxhDfsaVK6aTKi29cNREu"},"fileId":"c6z+IaqChBTKOtN5aa3TC+"},"_contentSize":{"__type__":"cc.Size","width":41,"height":54},"_trs":{"__type__":"TypedArray","ctor":"Float64Array","array":[-72,-18,0,0,0,0,1,1,1,1]}},{"__type__":"cc.Node","_name":"txt_cardNum1","_parent":{"__id__":21},"_active":false,"_components":[{"__type__":"cc.Label","node":{"__id__":26},"_materials":[{"__uuid__":"ecpdLyjvZBwrvm+cedCcQy"}],"_string":"16","_N$string":"16","_fontSize":30,"_lineHeight":0}],"_prefab":{"__type__":"cc.PrefabInfo","root":{"__id__":1},"asset":{"__uuid__":"bbxhDfsaVK6aTKi29cNREu"},"fileId":"6b1KrTrRFHKaHL1NdziUXB"},"_color":{"__type__":"cc.Color","r":255,"g":214},"_contentSize":{"__type__":"cc.Size","width":33.37,"height":37.8},"_trs":{"__type__":"TypedArray","ctor":"Float64Array","array":[-72,-18,0,0,0,0,1,1,1,1]}},{"__type__":"cc.Node","_name":"pReady0","_parent":{"__id__":1},"_components":[{"__type__":"cc.StudioWidget","node":{"__id__":27},"_alignFlags":12,"_left":0.030950000000000005,"_bottom":0.007500000000000007,"_isAbsLeft":false,"_isAbsBottom":false}],"_prefab":{"__type__":"cc.PrefabInfo","root":{"__id__":1},"asset":{"__uuid__":"bbxhDfsaVK6aTKi29cNREu"},"fileId":"86jOoQud9LmISMyR7kV+HD"},"_contentSize":{"__type__":"cc.Size","width":99.968,"height":100},"_trs":{"__type__":"TypedArray","ctor":"Float64Array","array":[-550.4,-344,0,0,0,0,1,1,1,1]}},{"__type__":"cc.Node","_name":"pReady1","_parent":{"__id__":1},"_components":[{"__type__":"cc.StudioWidget","node":{"__id__":28},"_alignFlags":12,"_left":0.90105,"_bottom":0.6501,"_isAbsLeft":false,"_isAbsBottom":false}],"_prefab":{"__type__":"cc.PrefabInfo","root":{"__id__":1},"asset":{"__uuid__":"bbxhDfsaVK6aTKi29cNREu"},"fileId":"1fqB2gIJJIMowrYgWDM9Rj"},"_contentSize":{"__type__":"cc.Size","width":99.968,"height":100},"_trs":{"__type__":"TypedArray","ctor":"Float64Array","array":[563.3280000000001,170.08000000000004,0,0,0,0,1,1,1,1]}},{"__type__":"cc.Node","_name":"pReady2","_parent":{"__id__":1},"_components":[{"__type__":"cc.StudioWidget","node":{"__id__":29},"_alignFlags":12,"_left":0.030950000000000005,"_bottom":0.6575,"_isAbsLeft":false,"_isAbsBottom":false}],"_prefab":{"__type__":"cc.PrefabInfo","root":{"__id__":1},"asset":{"__uuid__":"bbxhDfsaVK6aTKi29cNREu"},"fileId":"38UfY3VpJNqpQaNzJfx4RT"},"_contentSize":{"__type__":"cc.Size","width":99.968,"height":100},"_trs":{"__type__":"TypedArray","ctor":"Float64Array","array":[-550.4,176,0,0,0,0,1,1,1,1]}},{"__type__":"cc.Node","_name":"timeBg","_parent":{"__id__":1},"_children":[{"__id__":31},{"__id__":32},{"__id__":35}],"_components":[{"__type__":"433c6n244BBNosdTA042SX6","node":{"__id__":30},"timeStr":{"__id__":36},"nozhongBg":{"__id__":31},"aniNode":{"__id__":32},"naozhongjingbao":{"__id__":34}}],"_prefab":{"__type__":"cc.PrefabInfo","root":{"__id__":1},"asset":{"__uuid__":"bbxhDfsaVK6aTKi29cNREu"},"fileId":"133le3ETNAM7OIzlVt0yVf"},"_contentSize":{"__type__":"cc.Size","width":103,"height":105},"_trs":{"__type__":"TypedArray","ctor":"Float64Array","array":[-453.524,243.46000000000004,0,0,0,0,1,1,1,1]}},{"__type__":"cc.Node","_name":"nozhongBg","_parent":{"__id__":30},"_components":[{"__type__":"cc.Sprite","node":{"__id__":31},"_materials":[{"__uuid__":"ecpdLyjvZBwrvm+cedCcQy"}],"_spriteFrame":{"__uuid__":"705HTZIkhMraQ82YyK4wym"}}],"_prefab":{"__type__":"cc.PrefabInfo","root":{"__id__":1},"asset":{"__uuid__":"bbxhDfsaVK6aTKi29cNREu"},"fileId":"4bQYaMY5FMhZQFFw3ppiUK"},"_contentSize":{"__type__":"cc.Size","width":99,"height":103},"_trs":{"__type__":"TypedArray","ctor":"Float64Array","array":[0,0,0,0,0,0,1,1,1,1]}},{"__type__":"cc.Node","_name":"Node_Ani","_parent":{"__id__":30},"_children":[{"__id__":33}],"_active":false,"_prefab":{"__type__":"cc.PrefabInfo","root":{"__id__":1},"asset":{"__uuid__":"bbxhDfsaVK6aTKi29cNREu"},"fileId":"e3fJLAj4BHzbDxjG2prhUu"},"_trs":{"__type__":"TypedArray","ctor":"Float64Array","array":[0,0,0,0,0,0,1,1,1,1]}},{"__type__":"cc.Node","_name":"naozhongjingbao","_parent":{"__id__":32},"_components":[{"__id__":34}],"_prefab":{"__type__":"cc.PrefabInfo","root":{"__id__":1},"asset":{"__uuid__":"bbxhDfsaVK6aTKi29cNREu"},"fileId":"7aljwxWA5AjrzIgvJuJW3A"},"_contentSize":{"__type__":"cc.Size","width":103,"height":105},"_trs":{"__type__":"TypedArray","ctor":"Float64Array","array":[0,0,0,0,0,0,1,1,1,1]}},{"__type__":"sp.Skeleton","node":{"__id__":33},"_materials":[{"__uuid__":"7a/QZLET9IDreTiBfRn2PD"}],"defaultSkin":"default","defaultAnimation":"naozhong","_preCacheMode":0,"premultipliedAlpha":false,"_animationName":"naozhong","_N$skeletonData":{"__uuid__":"d3Db+Px9RHHaEtN0MzyUD9"}},{"__type__":"cc.Node","_name":"Text_time","_parent":{"__id__":30},"_components":[{"__id__":36}],"_prefab":{"__type__":"cc.PrefabInfo","root":{"__id__":1},"asset":{"__uuid__":"bbxhDfsaVK6aTKi29cNREu"},"fileId":"6aTCf6OzFHYIOvH/dLrWYW"},"_contentSize":{"__type__":"cc.Size","width":54.4,"height":34},"_trs":{"__type__":"TypedArray","ctor":"Float64Array","array":[0,0,0,0,0,0,1,1,1,1]}},{"__type__":"cc.Label","node":{"__id__":35},"_materials":[{"__uuid__":"ecpdLyjvZBwrvm+cedCcQy"}],"_string":"00","_N$string":"00","_fontSize":34,"_lineHeight":34,"_N$file":{"__uuid__":"49VhTqcbFJm5IHnRyFx++l"},"_isSystemFontUsed":false,"_N$horizontalAlign":1,"_N$verticalAlign":1},{"__type__":"cc.Node","_name":"Image_5","_parent":{"__id__":1},"_children":[{"__id__":38}],"_active":false,"_components":[{"__type__":"cc.StudioWidget","node":{"__id__":37},"_alignFlags":12,"_left":0.4164,"_bottom":0.36624999999999996,"_isAbsLeft":false,"_isAbsBottom":false},{"__type__":"cc.Sprite","node":{"__id__":37},"_materials":[{"__uuid__":"ecpdLyjvZBwrvm+cedCcQy"}],"_sizeMode":0,"_isTrimmedMode":false}],"_prefab":{"__type__":"cc.PrefabInfo","root":{"__id__":1},"asset":{"__uuid__":"bbxhDfsaVK6aTKi29cNREu"},"fileId":"7dXZGPAD9BJIc1i6UwXQFi"},"_contentSize":{"__type__":"cc.Size","width":214,"height":214},"_trs":{"__type__":"TypedArray","ctor":"Float64Array","array":[-0.008000000000038199,0,0,0,0,0,1,1,1,1]}},{"__type__":"cc.Node","_name":"Sprite_1","_parent":{"__id__":37},"_components":[{"__type__":"cc.StudioWidget","node":{"__id__":38},"_alignFlags":12,"_left":0.6342,"_bottom":0.4815,"_isAbsLeft":false,"_isAbsBottom":false},{"__type__":"cc.Sprite","node":{"__id__":38},"_materials":[{"__uuid__":"ecpdLyjvZBwrvm+cedCcQy"}],"_sizeMode":2,"_isTrimmedMode":false}],"_prefab":{"__type__":"cc.PrefabInfo","root":{"__id__":1},"asset":{"__uuid__":"bbxhDfsaVK6aTKi29cNREu"},"fileId":"64qHJgVJ9GtpUJKs120C+g"},"_contentSize":{"__type__":"cc.Size","width":46,"height":46},"_trs":{"__type__":"TypedArray","ctor":"Float64Array","array":[51.71879999999999,19.040999999999997,0,0,0,0,1,1,1,1]}},{"__type__":"cc.Node","_name":"Image_6","_parent":{"__id__":1},"_active":false,"_components":[{"__type__":"cc.StudioWidget","node":{"__id__":39},"_alignFlags":12,"_left":0.4164,"_bottom":0.36624999999999996,"_isAbsLeft":false,"_isAbsBottom":false},{"__type__":"cc.Sprite","node":{"__id__":39},"_materials":[{"__uuid__":"ecpdLyjvZBwrvm+cedCcQy"}],"_sizeMode":0,"_isTrimmedMode":false}],"_prefab":{"__type__":"cc.PrefabInfo","root":{"__id__":1},"asset":{"__uuid__":"bbxhDfsaVK6aTKi29cNREu"},"fileId":"47pkn0azJAgbNPYxMtxwnL"},"_contentSize":{"__type__":"cc.Size","width":214,"height":214},"_trs":{"__type__":"TypedArray","ctor":"Float64Array","array":[-0.008000000000038199,0,0,0,0,0,1,1,1,1]}},{"__type__":"cc.Node","_name":"Node_texiao1","_parent":{"__id__":1},"_children":[{"__id__":41},{"__id__":42}],"_components":[{"__type__":"cc.StudioWidget","node":{"__id__":40},"_alignFlags":12,"_left":0.745,"_bottom":0.72,"_isAbsLeft":false,"_isAbsBottom":false}],"_prefab":{"__type__":"cc.PrefabInfo","root":{"__id__":1},"asset":{"__uuid__":"bbxhDfsaVK6aTKi29cNREu"},"fileId":"5fPEf2gphBuqUAtP/RVFsA"},"_anchorPoint":{"__type__":"cc.Vec2"},"_trs":{"__type__":"TypedArray","ctor":"Float64Array","array":[313.6,176,0,0,0,0,1,1,1,1]}},{"__type__":"cc.Node","_name":"Sprite_txshunji1","_parent":{"__id__":40},"_components":[{"__type__":"cc.Sprite","node":{"__id__":41},"_materials":[{"__uuid__":"ecpdLyjvZBwrvm+cedCcQy"}],"_spriteFrame":{"__uuid__":"b7vdwhrLZJ0oHnXtJ+Idf9"},"_sizeMode":2,"_isTrimmedMode":false}],"_prefab":{"__type__":"cc.PrefabInfo","root":{"__id__":1},"asset":{"__uuid__":"bbxhDfsaVK6aTKi29cNREu"},"fileId":"75lmARy1ND4J4tt9qT5OX0"},"_contentSize":{"__type__":"cc.Size","width":168,"height":44},"_trs":{"__type__":"TypedArray","ctor":"Float64Array","array":[-2.81,-69.7965,0,0,0,0,1,1,1,1]}},{"__type__":"cc.Node","_name":"Text_txshunji1","_parent":{"__id__":40},"_components":[{"__type__":"cc.Label","node":{"__id__":42},"_materials":[{"__uuid__":"ecpdLyjvZBwrvm+cedCcQy"}],"_string":"7连顺","_N$string":"7连顺","_fontSize":28,"_lineHeight":28,"_N$horizontalAlign":1,"_N$verticalAlign":1}],"_prefab":{"__type__":"cc.PrefabInfo","root":{"__id__":1},"asset":{"__uuid__":"bbxhDfsaVK6aTKi29cNREu"},"fileId":"bcq4YogQhFvI4ZuQVrcIiV"},"_color":{"__type__":"cc.Color","r":255,"g":210},"_contentSize":{"__type__":"cc.Size","width":71.57,"height":35.28},"_trs":{"__type__":"TypedArray","ctor":"Float64Array","array":[-3.4719,-71.1526,0,0,0,0,1,1,1,1]}},{"__type__":"cc.Node","_name":"Node_texiao2","_parent":{"__id__":1},"_children":[{"__id__":44},{"__id__":45}],"_components":[{"__type__":"cc.StudioWidget","node":{"__id__":43},"_alignFlags":12,"_left":0.28,"_bottom":0.72,"_isAbsLeft":false,"_isAbsBottom":false}],"_prefab":{"__type__":"cc.PrefabInfo","root":{"__id__":1},"asset":{"__uuid__":"bbxhDfsaVK6aTKi29cNREu"},"fileId":"d5iyqNHrxIUadDUtOrglh5"},"_anchorPoint":{"__type__":"cc.Vec2"},"_trs":{"__type__":"TypedArray","ctor":"Float64Array","array":[-281.59999999999997,176,0,0,0,0,1,1,1,1]}},{"__type__":"cc.Node","_name":"Sprite_txshunji2","_parent":{"__id__":43},"_components":[{"__type__":"cc.Sprite","node":{"__id__":44},"_materials":[{"__uuid__":"ecpdLyjvZBwrvm+cedCcQy"}],"_spriteFrame":{"__uuid__":"b7vdwhrLZJ0oHnXtJ+Idf9"},"_sizeMode":2,"_isTrimmedMode":false}],"_prefab":{"__type__":"cc.PrefabInfo","root":{"__id__":1},"asset":{"__uuid__":"bbxhDfsaVK6aTKi29cNREu"},"fileId":"68cPOwWD9N45IZaBndoaPJ"},"_contentSize":{"__type__":"cc.Size","width":168,"height":44},"_trs":{"__type__":"TypedArray","ctor":"Float64Array","array":[1.8463,-64.3848,0,0,0,0,1,1,1,1]}},{"__type__":"cc.Node","_name":"Text_txshunji2","_parent":{"__id__":43},"_components":[{"__type__":"cc.Label","node":{"__id__":45},"_materials":[{"__uuid__":"ecpdLyjvZBwrvm+cedCcQy"}],"_string":"7连顺","_N$string":"7连顺","_fontSize":28,"_lineHeight":28,"_N$horizontalAlign":1,"_N$verticalAlign":1}],"_prefab":{"__type__":"cc.PrefabInfo","root":{"__id__":1},"asset":{"__uuid__":"bbxhDfsaVK6aTKi29cNREu"},"fileId":"86gBnnautLK5Cr8QE4jrwX"},"_color":{"__type__":"cc.Color","r":255,"g":210},"_contentSize":{"__type__":"cc.Size","width":71.57,"height":35.28},"_trs":{"__type__":"TypedArray","ctor":"Float64Array","array":[1.1834,-65.7406,0,0,0,0,1,1,1,1]}},{"__type__":"cc.Node","_name":"Node_texiao0","_parent":{"__id__":1},"_children":[{"__id__":47},{"__id__":48}],"_components":[{"__type__":"cc.StudioWidget","node":{"__id__":46},"_alignFlags":12,"_left":0.5021,"_bottom":0.43,"_isAbsLeft":false,"_isAbsBottom":false}],"_prefab":{"__type__":"cc.PrefabInfo","root":{"__id__":1},"asset":{"__uuid__":"bbxhDfsaVK6aTKi29cNREu"},"fileId":"cbrzl9CSlCfoERCaiX4uXU"},"_anchorPoint":{"__type__":"cc.Vec2"},"_trs":{"__type__":"TypedArray","ctor":"Float64Array","array":[2.687999999999988,-56,0,0,0,0,1,1,1,1]}},{"__type__":"cc.Node","_name":"Sprite_txshunji0","_parent":{"__id__":46},"_components":[{"__type__":"cc.Sprite","node":{"__id__":47},"_materials":[{"__uuid__":"ecpdLyjvZBwrvm+cedCcQy"}],"_spriteFrame":{"__uuid__":"b7vdwhrLZJ0oHnXtJ+Idf9"},"_sizeMode":2,"_isTrimmedMode":false}],"_prefab":{"__type__":"cc.PrefabInfo","root":{"__id__":1},"asset":{"__uuid__":"bbxhDfsaVK6aTKi29cNREu"},"fileId":"09ybdWd/9Di43IfhtWXOAb"},"_contentSize":{"__type__":"cc.Size","width":168,"height":44},"_trs":{"__type__":"TypedArray","ctor":"Float64Array","array":[-1.4588,-71.5227,0,0,0,0,1,1,1,1]}},{"__type__":"cc.Node","_name":"Text_txshunji0","_parent":{"__id__":46},"_components":[{"__type__":"cc.Label","node":{"__id__":48},"_materials":[{"__uuid__":"ecpdLyjvZBwrvm+cedCcQy"}],"_string":"7连顺","_N$string":"7连顺","_fontSize":28,"_lineHeight":28,"_N$horizontalAlign":1,"_N$verticalAlign":1}],"_prefab":{"__type__":"cc.PrefabInfo","root":{"__id__":1},"asset":{"__uuid__":"bbxhDfsaVK6aTKi29cNREu"},"fileId":"e78txPE69P+ZvA89D3/BNr"},"_color":{"__type__":"cc.Color","r":255,"g":210},"_contentSize":{"__type__":"cc.Size","width":71.57,"height":35.28},"_trs":{"__type__":"TypedArray","ctor":"Float64Array","array":[-2.1214,-71.0771,0,0,0,0,1,1,1,1]}},{"__type__":"cc.Node","_name":"Node_plane","_parent":{"__id__":1},"_components":[{"__type__":"cc.StudioWidget","node":{"__id__":49},"_alignFlags":12,"_left":-0.2,"_bottom":0.6,"_isAbsLeft":false,"_isAbsBottom":false}],"_prefab":{"__type__":"cc.PrefabInfo","root":{"__id__":1},"asset":{"__uuid__":"bbxhDfsaVK6aTKi29cNREu"},"fileId":"60ZHZMkZpNb6rwhopfj+GP"},"_trs":{"__type__":"TypedArray","ctor":"Float64Array","array":[-896,80,0,0,0,0,1,1,1,1]}},{"__type__":"cc.Node","_name":"Panel_effect","_parent":{"__id__":1},"_components":[{"__type__":"cc.StudioWidget","node":{"__id__":50},"_alignFlags":44,"_isAbsLeft":false,"_isAbsRight":false,"_originalWidth":1280}],"_prefab":{"__type__":"cc.PrefabInfo","root":{"__id__":1},"asset":{"__uuid__":"bbxhDfsaVK6aTKi29cNREu"},"fileId":"582dP2Qe5JzI+nKdszy/s9"},"_contentSize":{"__type__":"cc.Size","width":1280,"height":800},"_trs":{"__type__":"TypedArray","ctor":"Float64Array","array":[0,0,0,0,0,0,1,1,1,1]}},{"__type__":"cc.Node","_name":"timeBg_1","_parent":{"__id__":1},"_children":[{"__id__":52},{"__id__":53},{"__id__":54}],"_active":false,"_components":[{"__type__":"cc.StudioWidget","node":{"__id__":51},"_alignFlags":12,"_left":0.45975,"_bottom":0.4344,"_isAbsLeft":false,"_isAbsBottom":false},{"__type__":"433c6n244BBNosdTA042SX6","node":{"__id__":51},"timeStr":{"__id__":55},"nozhongBg":{"__id__":52},"aniNode":{"__id__":53}}],"_prefab":{"__type__":"cc.PrefabInfo","root":{"__id__":1},"asset":{"__uuid__":"bbxhDfsaVK6aTKi29cNREu"},"fileId":"0cGoCNMjZBjL3AEoM2rito"},"_contentSize":{"__type__":"cc.Size","width":103,"height":105},"_trs":{"__type__":"TypedArray","ctor":"Float64Array","array":[-5.16999999999998,-5.230000000000018,0,0,0,0,1,0.9,0.9,1]}},{"__type__":"cc.Node","_name":"nozhongBg","_parent":{"__id__":51},"_components":[{"__type__":"cc.Sprite","node":{"__id__":52},"_materials":[{"__uuid__":"ecpdLyjvZBwrvm+cedCcQy"}],"_spriteFrame":{"__uuid__":"705HTZIkhMraQ82YyK4wym"}}],"_prefab":{"__type__":"cc.PrefabInfo","root":{"__id__":1},"asset":{"__uuid__":"bbxhDfsaVK6aTKi29cNREu"},"fileId":"ed7eir1vZMlaWOzVTIq+wC"},"_contentSize":{"__type__":"cc.Size","width":99,"height":103},"_trs":{"__type__":"TypedArray","ctor":"Float64Array","array":[0,0,0,0,0,0,1,1,1,1]}},{"__type__":"cc.Node","_name":"Node_Ani","_parent":{"__id__":51},"_prefab":{"__type__":"cc.PrefabInfo","root":{"__id__":1},"asset":{"__uuid__":"bbxhDfsaVK6aTKi29cNREu"},"fileId":"63dHfnSVVBAKrXOyA38B2A"},"_trs":{"__type__":"TypedArray","ctor":"Float64Array","array":[0,0,0,0,0,0,1,1,1,1]}},{"__type__":"cc.Node","_name":"Text_time","_parent":{"__id__":51},"_components":[{"__id__":55}],"_prefab":{"__type__":"cc.PrefabInfo","root":{"__id__":1},"asset":{"__uuid__":"bbxhDfsaVK6aTKi29cNREu"},"fileId":"70vAorvdBK6LokkyCJ8RE3"},"_contentSize":{"__type__":"cc.Size","width":54.4,"height":34},"_trs":{"__type__":"TypedArray","ctor":"Float64Array","array":[0,0,0,0,0,0,1,1,1,1]}},{"__type__":"cc.Label","node":{"__id__":54},"_materials":[{"__uuid__":"ecpdLyjvZBwrvm+cedCcQy"}],"_string":"00","_N$string":"00","_fontSize":34,"_lineHeight":34,"_N$file":{"__uuid__":"49VhTqcbFJm5IHnRyFx++l"},"_isSystemFontUsed":false,"_N$horizontalAlign":1,"_N$verticalAlign":1},{"__type__":"cc.Node","_name":"timeBg_3","_parent":{"__id__":1},"_children":[{"__id__":57},{"__id__":58},{"__id__":59}],"_active":false,"_components":[{"__type__":"cc.StudioWidget","node":{"__id__":56},"_alignFlags":12,"_left":0.10544999999999999,"_bottom":0.7387,"_isAbsLeft":false,"_isAbsBottom":false},{"__type__":"433c6n244BBNosdTA042SX6","node":{"__id__":56},"timeStr":{"__id__":60},"nozhongBg":{"__id__":57},"aniNode":{"__id__":58}}],"_prefab":{"__type__":"cc.PrefabInfo","root":{"__id__":1},"asset":{"__uuid__":"bbxhDfsaVK6aTKi29cNREu"},"fileId":"f8oKooEDVFiKHQYkKHQvIo"},"_contentSize":{"__type__":"cc.Size","width":103,"height":105},"_trs":{"__type__":"TypedArray","ctor":"Float64Array","array":[-458.674,238.21000000000004,0,0,0,0,1,0.9,0.9,1]}},{"__type__":"cc.Node","_name":"nozhongBg","_parent":{"__id__":56},"_components":[{"__type__":"cc.Sprite","node":{"__id__":57},"_materials":[{"__uuid__":"ecpdLyjvZBwrvm+cedCcQy"}],"_spriteFrame":{"__uuid__":"705HTZIkhMraQ82YyK4wym"}}],"_prefab":{"__type__":"cc.PrefabInfo","root":{"__id__":1},"asset":{"__uuid__":"bbxhDfsaVK6aTKi29cNREu"},"fileId":"c7fMiCVglPI5O92n4f9Ikz"},"_contentSize":{"__type__":"cc.Size","width":99,"height":103},"_trs":{"__type__":"TypedArray","ctor":"Float64Array","array":[0,0,0,0,0,0,1,1,1,1]}},{"__type__":"cc.Node","_name":"Node_Ani","_parent":{"__id__":56},"_prefab":{"__type__":"cc.PrefabInfo","root":{"__id__":1},"asset":{"__uuid__":"bbxhDfsaVK6aTKi29cNREu"},"fileId":"c2mMEh8aNIQJ6HlqBqmWAk"},"_trs":{"__type__":"TypedArray","ctor":"Float64Array","array":[0,0,0,0,0,0,1,1,1,1]}},{"__type__":"cc.Node","_name":"Text_time","_parent":{"__id__":56},"_components":[{"__id__":60}],"_prefab":{"__type__":"cc.PrefabInfo","root":{"__id__":1},"asset":{"__uuid__":"bbxhDfsaVK6aTKi29cNREu"},"fileId":"ddH2iwxPJIGb/1f+Mm90cQ"},"_contentSize":{"__type__":"cc.Size","width":54.4,"height":34},"_trs":{"__type__":"TypedArray","ctor":"Float64Array","array":[0,0,0,0,0,0,1,1,1,1]}},{"__type__":"cc.Label","node":{"__id__":59},"_materials":[{"__uuid__":"ecpdLyjvZBwrvm+cedCcQy"}],"_string":"00","_N$string":"00","_fontSize":34,"_lineHeight":34,"_N$file":{"__uuid__":"49VhTqcbFJm5IHnRyFx++l"},"_isSystemFontUsed":false,"_N$horizontalAlign":1,"_N$verticalAlign":1},{"__type__":"cc.Node","_name":"timeBg_2","_parent":{"__id__":1},"_children":[{"__id__":62},{"__id__":63},{"__id__":64}],"_active":false,"_components":[{"__type__":"cc.StudioWidget","node":{"__id__":61},"_alignFlags":12,"_left":0.81485,"_bottom":0.7387,"_isAbsLeft":false,"_isAbsBottom":false},{"__type__":"433c6n244BBNosdTA042SX6","node":{"__id__":61},"timeStr":{"__id__":65},"nozhongBg":{"__id__":62},"aniNode":{"__id__":63}}],"_prefab":{"__type__":"cc.PrefabInfo","root":{"__id__":1},"asset":{"__uuid__":"bbxhDfsaVK6aTKi29cNREu"},"fileId":"dbQ+YVC7hFo7/w3Ki5BBfa"},"_contentSize":{"__type__":"cc.Size","width":103,"height":105},"_trs":{"__type__":"TypedArray","ctor":"Float64Array","array":[449.35800000000006,238.21000000000004,0,0,0,0,1,0.9,0.9,1]}},{"__type__":"cc.Node","_name":"nozhongBg","_parent":{"__id__":61},"_components":[{"__type__":"cc.Sprite","node":{"__id__":62},"_materials":[{"__uuid__":"ecpdLyjvZBwrvm+cedCcQy"}],"_spriteFrame":{"__uuid__":"705HTZIkhMraQ82YyK4wym"}}],"_prefab":{"__type__":"cc.PrefabInfo","root":{"__id__":1},"asset":{"__uuid__":"bbxhDfsaVK6aTKi29cNREu"},"fileId":"e9rR8JHS9BwI0IsbwQdUr6"},"_contentSize":{"__type__":"cc.Size","width":99,"height":103},"_trs":{"__type__":"TypedArray","ctor":"Float64Array","array":[0,0,0,0,0,0,1,1,1,1]}},{"__type__":"cc.Node","_name":"Node_Ani","_parent":{"__id__":61},"_prefab":{"__type__":"cc.PrefabInfo","root":{"__id__":1},"asset":{"__uuid__":"bbxhDfsaVK6aTKi29cNREu"},"fileId":"f9SVUkuLJLj5ku3qOggJws"},"_trs":{"__type__":"TypedArray","ctor":"Float64Array","array":[0,0,0,0,0,0,1,1,1,1]}},{"__type__":"cc.Node","_name":"Text_time","_parent":{"__id__":61},"_components":[{"__id__":65}],"_prefab":{"__type__":"cc.PrefabInfo","root":{"__id__":1},"asset":{"__uuid__":"bbxhDfsaVK6aTKi29cNREu"},"fileId":"35haVI//pB7KS86Ug59+Z4"},"_contentSize":{"__type__":"cc.Size","width":54.4,"height":34},"_trs":{"__type__":"TypedArray","ctor":"Float64Array","array":[0,0,0,0,0,0,1,1,1,1]}},{"__type__":"cc.Label","node":{"__id__":64},"_materials":[{"__uuid__":"ecpdLyjvZBwrvm+cedCcQy"}],"_string":"00","_N$string":"00","_fontSize":34,"_lineHeight":34,"_N$file":{"__uuid__":"49VhTqcbFJm5IHnRyFx++l"},"_isSystemFontUsed":false,"_N$horizontalAlign":1,"_N$verticalAlign":1}]