[{"__type__":"cc.Prefab","_name":"zhadan","data":{"__id__":1}},{"__type__":"cc.Node","_name":"zhadan","_components":[{"__type__":"sp.Skeleton","node":{"__id__":1},"_materials":[{"__uuid__":"7a/QZLET9IDreTiBfRn2PD"}],"defaultSkin":"default","defaultAnimation":"zhadan","_preCacheMode":0,"loop":false,"premultipliedAlpha":false,"_animationName":"zhadan","_playTimes":1,"_N$skeletonData":{"__uuid__":"e2AkRpWYVK0YhGRpd75YEB"}}],"_prefab":{"__type__":"cc.PrefabInfo","root":{"__id__":1},"asset":{"__uuid__":"41pAqpDY1IiIyUG+wWqvbh"},"fileId":"66uCxjl7dNyY1Uop6lZHef"},"_trs":{"__type__":"TypedArray","ctor":"Float64Array","array":[0,0,0,0,0,0,1,1,1,1]}}]