[{"__type__":"cc.Prefab","_name":"face","data":{"__id__":1}},{"__type__":"cc.Node","_name":"face","_components":[{"__type__":"sp.Skeleton","node":{"__id__":1},"_materials":[{"__uuid__":"7a/QZLET9IDreTiBfRn2PD"}],"defaultSkin":"default","defaultAnimation":"11","_preCacheMode":0,"loop":false,"premultipliedAlpha":false,"_animationName":"11","_N$skeletonData":{"__uuid__":"68drw8TdpBo7c/8wInhOKY"}}],"_prefab":{"__type__":"cc.PrefabInfo","root":{"__id__":1},"asset":{"__uuid__":"76GeN8bItBHb58tO5fgCKd"},"fileId":"912u02kYNGoJru7UZaKdMU"},"_trs":{"__type__":"TypedArray","ctor":"Float64Array","array":[0,0,0,0,0,0,1,1,1,1]}}]