[{"__type__":"cc.Prefab","_name":"CountCard","data":{"__id__":1}},{"__type__":"cc.Node","_name":"CountCard","_children":[{"__id__":2},{"__id__":3},{"__id__":4},{"__id__":30},{"__id__":31},{"__id__":32},{"__id__":33}],"_prefab":{"__type__":"cc.PrefabInfo","root":{"__id__":1},"asset":{"__uuid__":"33L+tgfNNGUb9ZcPkbNeiH"},"fileId":"83mjbTyvdBR4MuCo3QuAG7"},"_contentSize":{"__type__":"cc.Size","width":1280,"height":800},"_trs":{"__type__":"TypedArray","ctor":"Float64Array","array":[0,0,0,0,0,0,1,1,1,1]},"_groupIndex":1,"groupIndex":1},{"__type__":"cc.Node","_name":"MaskSprite","_parent":{"__id__":1},"_components":[{"__type__":"cc.Sprite","node":{"__id__":2},"_materials":[{"__uuid__":"ecpdLyjvZBwrvm+cedCcQy"}],"_spriteFrame":{"__uuid__":"a2MjXRFdtLlYQ5ouAFv/+R"},"_sizeMode":0},{"__type__":"11b718w37hPSJCKcE/Qq3AF","node":{"__id__":2},"unTouchNode":{"__id__":3}}],"_prefab":{"__type__":"cc.PrefabInfo","root":{"__id__":1},"asset":{"__uuid__":"33L+tgfNNGUb9ZcPkbNeiH"},"fileId":"7aAM/2eudAKbYBzVn7wtuE"},"_opacity":150,"_color":{"__type__":"cc.Color"},"_contentSize":{"__type__":"cc.Size","width":1920,"height":1080},"_trs":{"__type__":"TypedArray","ctor":"Float64Array","array":[0,0,0,0,0,0,1,1,1,1]},"_groupIndex":2,"groupIndex":2},{"__type__":"cc.Node","_name":"Image_bg","_parent":{"__id__":1},"_components":[{"__type__":"cc.Sprite","node":{"__id__":3},"_materials":[{"__uuid__":"ecpdLyjvZBwrvm+cedCcQy"}],"_spriteFrame":{"__uuid__":"3bMpS/f8RNgrWDv1qbXQ6/"},"_sizeMode":0,"_isTrimmedMode":false}],"_prefab":{"__type__":"cc.PrefabInfo","root":{"__id__":1},"asset":{"__uuid__":"33L+tgfNNGUb9ZcPkbNeiH"},"fileId":"08gqQzALBFnaaQ67lrlJeQ"},"_contentSize":{"__type__":"cc.Size","width":857,"height":558},"_trs":{"__type__":"TypedArray","ctor":"Float64Array","array":[0.02,-8,0,0,0,0,1,1,1,1]}},{"__type__":"cc.Node","_name":"innerData","_parent":{"__id__":1},"_children":[{"__id__":5},{"__id__":6},{"__id__":7},{"__id__":8},{"__id__":9},{"__id__":10},{"__id__":11},{"__id__":12},{"__id__":13},{"__id__":14},{"__id__":15},{"__id__":16},{"__id__":17},{"__id__":18},{"__id__":19},{"__id__":20},{"__id__":21},{"__id__":22},{"__id__":23},{"__id__":24},{"__id__":25},{"__id__":26},{"__id__":27},{"__id__":28},{"__id__":29}],"_prefab":{"__type__":"cc.PrefabInfo","root":{"__id__":1},"asset":{"__uuid__":"33L+tgfNNGUb9ZcPkbNeiH"},"fileId":"ebGPhPuIVMub/MI/BqM3Dx"},"_contentSize":{"__type__":"cc.Size","width":700,"height":300},"_trs":{"__type__":"TypedArray","ctor":"Float64Array","array":[0,-111,0,0,0,0,1,1,1,1]},"_groupIndex":2,"groupIndex":2},{"__type__":"cc.Node","_name":"Image_1_1_1","_parent":{"__id__":4},"_components":[{"__type__":"cc.Sprite","node":{"__id__":5},"_materials":[{"__uuid__":"ecpdLyjvZBwrvm+cedCcQy"}],"_spriteFrame":{"__uuid__":"e0BJTr7t5HPo5L10HGDbld"},"_sizeMode":0,"_isTrimmedMode":false}],"_prefab":{"__type__":"cc.PrefabInfo","root":{"__id__":1},"asset":{"__uuid__":"33L+tgfNNGUb9ZcPkbNeiH"},"fileId":"b2R+YnBG9Nqp5QYPWAgWzj"},"_contentSize":{"__type__":"cc.Size","width":157,"height":218},"_trs":{"__type__":"TypedArray","ctor":"Float64Array","array":[-275,124,0,0,0,0,1,0.6,0.6,1]}},{"__type__":"cc.Node","_name":"Image_1_1_2","_parent":{"__id__":4},"_components":[{"__type__":"cc.Sprite","node":{"__id__":6},"_materials":[{"__uuid__":"ecpdLyjvZBwrvm+cedCcQy"}],"_spriteFrame":{"__uuid__":"e0BJTr7t5HPo5L10HGDbld"},"_sizeMode":0,"_isTrimmedMode":false}],"_prefab":{"__type__":"cc.PrefabInfo","root":{"__id__":1},"asset":{"__uuid__":"33L+tgfNNGUb9ZcPkbNeiH"},"fileId":"f5IJVXAt9JwYHacTfWeVpb"},"_contentSize":{"__type__":"cc.Size","width":157,"height":218},"_trs":{"__type__":"TypedArray","ctor":"Float64Array","array":[-235,124,0,0,0,0,1,0.6,0.6,1]}},{"__type__":"cc.Node","_name":"Image_1_2_1","_parent":{"__id__":4},"_components":[{"__type__":"cc.Sprite","node":{"__id__":7},"_materials":[{"__uuid__":"ecpdLyjvZBwrvm+cedCcQy"}],"_spriteFrame":{"__uuid__":"537MbhSyJPnbZz97Ig4gPw"},"_sizeMode":0,"_isTrimmedMode":false}],"_prefab":{"__type__":"cc.PrefabInfo","root":{"__id__":1},"asset":{"__uuid__":"33L+tgfNNGUb9ZcPkbNeiH"},"fileId":"2bWfJ276JJTYdWB1Z6mD2w"},"_contentSize":{"__type__":"cc.Size","width":157,"height":218},"_trs":{"__type__":"TypedArray","ctor":"Float64Array","array":[60,124,0,0,0,0,1,0.6,0.6,1]}},{"__type__":"cc.Node","_name":"Image_1_2_2","_parent":{"__id__":4},"_components":[{"__type__":"cc.Sprite","node":{"__id__":8},"_materials":[{"__uuid__":"ecpdLyjvZBwrvm+cedCcQy"}],"_spriteFrame":{"__uuid__":"537MbhSyJPnbZz97Ig4gPw"},"_sizeMode":0,"_isTrimmedMode":false}],"_prefab":{"__type__":"cc.PrefabInfo","root":{"__id__":1},"asset":{"__uuid__":"33L+tgfNNGUb9ZcPkbNeiH"},"fileId":"37/o0IQx5BkIEwOzke2Jn8"},"_contentSize":{"__type__":"cc.Size","width":157,"height":218},"_trs":{"__type__":"TypedArray","ctor":"Float64Array","array":[100,124,0,0,0,0,1,0.6,0.6,1]}},{"__type__":"cc.Node","_name":"Image_1_3_1","_parent":{"__id__":4},"_components":[{"__type__":"cc.Sprite","node":{"__id__":9},"_materials":[{"__uuid__":"ecpdLyjvZBwrvm+cedCcQy"}],"_spriteFrame":{"__uuid__":"fcFjZsGn9F25kYa//BC1ha"},"_sizeMode":0,"_isTrimmedMode":false}],"_prefab":{"__type__":"cc.PrefabInfo","root":{"__id__":1},"asset":{"__uuid__":"33L+tgfNNGUb9ZcPkbNeiH"},"fileId":"5cKDaR0MVNYKHPEy8PDFbQ"},"_contentSize":{"__type__":"cc.Size","width":157,"height":218},"_trs":{"__type__":"TypedArray","ctor":"Float64Array","array":[-275,-51,0,0,0,0,1,0.6,0.6,1]}},{"__type__":"cc.Node","_name":"Image_1_3_2","_parent":{"__id__":4},"_components":[{"__type__":"cc.Sprite","node":{"__id__":10},"_materials":[{"__uuid__":"ecpdLyjvZBwrvm+cedCcQy"}],"_spriteFrame":{"__uuid__":"fcFjZsGn9F25kYa//BC1ha"},"_sizeMode":0,"_isTrimmedMode":false}],"_prefab":{"__type__":"cc.PrefabInfo","root":{"__id__":1},"asset":{"__uuid__":"33L+tgfNNGUb9ZcPkbNeiH"},"fileId":"eb80TMHWREGZdBW2GKfN1R"},"_contentSize":{"__type__":"cc.Size","width":157,"height":218},"_trs":{"__type__":"TypedArray","ctor":"Float64Array","array":[-235,-51,0,0,0,0,1,0.6,0.6,1]}},{"__type__":"cc.Node","_name":"Image_1_4_1","_parent":{"__id__":4},"_components":[{"__type__":"cc.Sprite","node":{"__id__":11},"_materials":[{"__uuid__":"ecpdLyjvZBwrvm+cedCcQy"}],"_spriteFrame":{"__uuid__":"91wSU0+rlKObRbQRKqfHqi"},"_sizeMode":0,"_isTrimmedMode":false}],"_prefab":{"__type__":"cc.PrefabInfo","root":{"__id__":1},"asset":{"__uuid__":"33L+tgfNNGUb9ZcPkbNeiH"},"fileId":"08UjG/Kb9Pj485GKbjHDCO"},"_contentSize":{"__type__":"cc.Size","width":157,"height":218},"_trs":{"__type__":"TypedArray","ctor":"Float64Array","array":[60,-51,0,0,0,0,1,0.6,0.6,1]}},{"__type__":"cc.Node","_name":"Image_1_4_2","_parent":{"__id__":4},"_components":[{"__type__":"cc.Sprite","node":{"__id__":12},"_materials":[{"__uuid__":"ecpdLyjvZBwrvm+cedCcQy"}],"_spriteFrame":{"__uuid__":"91wSU0+rlKObRbQRKqfHqi"},"_sizeMode":0,"_isTrimmedMode":false}],"_prefab":{"__type__":"cc.PrefabInfo","root":{"__id__":1},"asset":{"__uuid__":"33L+tgfNNGUb9ZcPkbNeiH"},"fileId":"ceqbN4peVMrqfmUykLQa3P"},"_contentSize":{"__type__":"cc.Size","width":157,"height":218},"_trs":{"__type__":"TypedArray","ctor":"Float64Array","array":[100,-51,0,0,0,0,1,0.6,0.6,1]}},{"__type__":"cc.Node","_name":"Image_2_1_1","_parent":{"__id__":4},"_components":[{"__type__":"cc.Sprite","node":{"__id__":13},"_materials":[{"__uuid__":"ecpdLyjvZBwrvm+cedCcQy"}],"_spriteFrame":{"__uuid__":"b2gCVYwjJIzL0EOO/sm8be"},"_sizeMode":0,"_isTrimmedMode":false}],"_prefab":{"__type__":"cc.PrefabInfo","root":{"__id__":1},"asset":{"__uuid__":"33L+tgfNNGUb9ZcPkbNeiH"},"fileId":"9demq4DsFPlLTTWj62A+m0"},"_contentSize":{"__type__":"cc.Size","width":157,"height":218},"_trs":{"__type__":"TypedArray","ctor":"Float64Array","array":[-195,124,0,0,0,0,1,0.6,0.6,1]}},{"__type__":"cc.Node","_name":"Image_2_1_2","_parent":{"__id__":4},"_components":[{"__type__":"cc.Sprite","node":{"__id__":14},"_materials":[{"__uuid__":"ecpdLyjvZBwrvm+cedCcQy"}],"_spriteFrame":{"__uuid__":"b2gCVYwjJIzL0EOO/sm8be"},"_sizeMode":0,"_isTrimmedMode":false}],"_prefab":{"__type__":"cc.PrefabInfo","root":{"__id__":1},"asset":{"__uuid__":"33L+tgfNNGUb9ZcPkbNeiH"},"fileId":"abbY4qOe9L6al4bOJ69l61"},"_contentSize":{"__type__":"cc.Size","width":157,"height":218},"_trs":{"__type__":"TypedArray","ctor":"Float64Array","array":[-155,124,0,0,0,0,1,0.6,0.6,1]}},{"__type__":"cc.Node","_name":"Image_2_2_1","_parent":{"__id__":4},"_components":[{"__type__":"cc.Sprite","node":{"__id__":15},"_materials":[{"__uuid__":"ecpdLyjvZBwrvm+cedCcQy"}],"_spriteFrame":{"__uuid__":"73I3R1zIZBqIJFNG4StpiQ"},"_sizeMode":0,"_isTrimmedMode":false}],"_prefab":{"__type__":"cc.PrefabInfo","root":{"__id__":1},"asset":{"__uuid__":"33L+tgfNNGUb9ZcPkbNeiH"},"fileId":"543hjR7GBGl7bQv4grO2Jx"},"_contentSize":{"__type__":"cc.Size","width":157,"height":218},"_trs":{"__type__":"TypedArray","ctor":"Float64Array","array":[140,124,0,0,0,0,1,0.6,0.6,1]}},{"__type__":"cc.Node","_name":"Image_2_2_2","_parent":{"__id__":4},"_components":[{"__type__":"cc.Sprite","node":{"__id__":16},"_materials":[{"__uuid__":"ecpdLyjvZBwrvm+cedCcQy"}],"_spriteFrame":{"__uuid__":"73I3R1zIZBqIJFNG4StpiQ"},"_sizeMode":0,"_isTrimmedMode":false}],"_prefab":{"__type__":"cc.PrefabInfo","root":{"__id__":1},"asset":{"__uuid__":"33L+tgfNNGUb9ZcPkbNeiH"},"fileId":"721b1JzLBOIZI0zVu23Qfn"},"_contentSize":{"__type__":"cc.Size","width":157,"height":218},"_trs":{"__type__":"TypedArray","ctor":"Float64Array","array":[180,124,0,0,0,0,1,0.6,0.6,1]}},{"__type__":"cc.Node","_name":"Image_2_3_1","_parent":{"__id__":4},"_components":[{"__type__":"cc.Sprite","node":{"__id__":17},"_materials":[{"__uuid__":"ecpdLyjvZBwrvm+cedCcQy"}],"_spriteFrame":{"__uuid__":"c2JXd4FmpKVLh11wiYkyEN"},"_sizeMode":0,"_isTrimmedMode":false}],"_prefab":{"__type__":"cc.PrefabInfo","root":{"__id__":1},"asset":{"__uuid__":"33L+tgfNNGUb9ZcPkbNeiH"},"fileId":"61SxigiC9MUrc2vahyK4B1"},"_contentSize":{"__type__":"cc.Size","width":155,"height":218},"_trs":{"__type__":"TypedArray","ctor":"Float64Array","array":[-190,-51,0,0,0,0,1,0.6,0.6,1]}},{"__type__":"cc.Node","_name":"Image_2_3_2","_parent":{"__id__":4},"_components":[{"__type__":"cc.Sprite","node":{"__id__":18},"_materials":[{"__uuid__":"ecpdLyjvZBwrvm+cedCcQy"}],"_spriteFrame":{"__uuid__":"c2JXd4FmpKVLh11wiYkyEN"},"_sizeMode":0,"_isTrimmedMode":false}],"_prefab":{"__type__":"cc.PrefabInfo","root":{"__id__":1},"asset":{"__uuid__":"33L+tgfNNGUb9ZcPkbNeiH"},"fileId":"bdnElghmVK6ZtldSBtH5Hd"},"_contentSize":{"__type__":"cc.Size","width":157,"height":218},"_trs":{"__type__":"TypedArray","ctor":"Float64Array","array":[-155,-51,0,0,0,0,1,0.6,0.6,1]}},{"__type__":"cc.Node","_name":"Image_2_4_1","_parent":{"__id__":4},"_components":[{"__type__":"cc.Sprite","node":{"__id__":19},"_materials":[{"__uuid__":"ecpdLyjvZBwrvm+cedCcQy"}],"_spriteFrame":{"__uuid__":"712VGI3YFKk7UeGoytN4Ji"},"_sizeMode":0,"_isTrimmedMode":false}],"_prefab":{"__type__":"cc.PrefabInfo","root":{"__id__":1},"asset":{"__uuid__":"33L+tgfNNGUb9ZcPkbNeiH"},"fileId":"cbsSNPX9BHZIWntvv/NUu9"},"_contentSize":{"__type__":"cc.Size","width":157,"height":218},"_trs":{"__type__":"TypedArray","ctor":"Float64Array","array":[140,-51,0,0,0,0,1,0.6,0.6,1]}},{"__type__":"cc.Node","_name":"Image_2_4_2","_parent":{"__id__":4},"_components":[{"__type__":"cc.Sprite","node":{"__id__":20},"_materials":[{"__uuid__":"ecpdLyjvZBwrvm+cedCcQy"}],"_spriteFrame":{"__uuid__":"712VGI3YFKk7UeGoytN4Ji"},"_sizeMode":0,"_isTrimmedMode":false}],"_prefab":{"__type__":"cc.PrefabInfo","root":{"__id__":1},"asset":{"__uuid__":"33L+tgfNNGUb9ZcPkbNeiH"},"fileId":"47TK7ltiJGKLGdrkp7ikhp"},"_contentSize":{"__type__":"cc.Size","width":157,"height":218},"_trs":{"__type__":"TypedArray","ctor":"Float64Array","array":[180,-51,0,0,0,0,1,0.6,0.6,1]}},{"__type__":"cc.Node","_name":"Image_3_1_1","_parent":{"__id__":4},"_components":[{"__type__":"cc.Sprite","node":{"__id__":21},"_materials":[{"__uuid__":"ecpdLyjvZBwrvm+cedCcQy"}],"_spriteFrame":{"__uuid__":"b6wrFmuKRC9oFWOd7Qi0pH"},"_sizeMode":0,"_isTrimmedMode":false}],"_prefab":{"__type__":"cc.PrefabInfo","root":{"__id__":1},"asset":{"__uuid__":"33L+tgfNNGUb9ZcPkbNeiH"},"fileId":"dd3rmiOLxELroXWDxqCjiS"},"_contentSize":{"__type__":"cc.Size","width":157,"height":218},"_trs":{"__type__":"TypedArray","ctor":"Float64Array","array":[-115,124,0,0,0,0,1,0.6,0.6,1]}},{"__type__":"cc.Node","_name":"Image_3_1_2","_parent":{"__id__":4},"_components":[{"__type__":"cc.Sprite","node":{"__id__":22},"_materials":[{"__uuid__":"ecpdLyjvZBwrvm+cedCcQy"}],"_spriteFrame":{"__uuid__":"b6wrFmuKRC9oFWOd7Qi0pH"},"_sizeMode":0,"_isTrimmedMode":false}],"_prefab":{"__type__":"cc.PrefabInfo","root":{"__id__":1},"asset":{"__uuid__":"33L+tgfNNGUb9ZcPkbNeiH"},"fileId":"476YIChydPsr5gaQhT1CxA"},"_contentSize":{"__type__":"cc.Size","width":157,"height":218},"_trs":{"__type__":"TypedArray","ctor":"Float64Array","array":[-75,124,0,0,0,0,1,0.6,0.6,1]}},{"__type__":"cc.Node","_name":"Image_3_2_1","_parent":{"__id__":4},"_components":[{"__type__":"cc.Sprite","node":{"__id__":23},"_materials":[{"__uuid__":"ecpdLyjvZBwrvm+cedCcQy"}],"_spriteFrame":{"__uuid__":"f3tqK5CWhBAIrCWzw8OzPZ"},"_sizeMode":0,"_isTrimmedMode":false}],"_prefab":{"__type__":"cc.PrefabInfo","root":{"__id__":1},"asset":{"__uuid__":"33L+tgfNNGUb9ZcPkbNeiH"},"fileId":"a8Dqgbra9LXb36amRUj8Sr"},"_contentSize":{"__type__":"cc.Size","width":157,"height":218},"_trs":{"__type__":"TypedArray","ctor":"Float64Array","array":[220,124,0,0,0,0,1,0.6,0.6,1]}},{"__type__":"cc.Node","_name":"Image_3_2_2","_parent":{"__id__":4},"_components":[{"__type__":"cc.Sprite","node":{"__id__":24},"_materials":[{"__uuid__":"ecpdLyjvZBwrvm+cedCcQy"}],"_spriteFrame":{"__uuid__":"f3tqK5CWhBAIrCWzw8OzPZ"},"_sizeMode":0,"_isTrimmedMode":false}],"_prefab":{"__type__":"cc.PrefabInfo","root":{"__id__":1},"asset":{"__uuid__":"33L+tgfNNGUb9ZcPkbNeiH"},"fileId":"0ed1Ar0uxIfqCFB1BeX94m"},"_contentSize":{"__type__":"cc.Size","width":157,"height":218},"_trs":{"__type__":"TypedArray","ctor":"Float64Array","array":[260,124,0,0,0,0,1,0.6,0.6,1]}},{"__type__":"cc.Node","_name":"Image_3_3_1","_parent":{"__id__":4},"_components":[{"__type__":"cc.Sprite","node":{"__id__":25},"_materials":[{"__uuid__":"ecpdLyjvZBwrvm+cedCcQy"}],"_spriteFrame":{"__uuid__":"56FOeSwelJqIYFSklQnsU8"},"_sizeMode":0,"_isTrimmedMode":false}],"_prefab":{"__type__":"cc.PrefabInfo","root":{"__id__":1},"asset":{"__uuid__":"33L+tgfNNGUb9ZcPkbNeiH"},"fileId":"09eo9gmhlO5aOyDz+OMtbO"},"_contentSize":{"__type__":"cc.Size","width":157,"height":218},"_trs":{"__type__":"TypedArray","ctor":"Float64Array","array":[-115,-51,0,0,0,0,1,0.6,0.6,1]}},{"__type__":"cc.Node","_name":"Image_3_3_2","_parent":{"__id__":4},"_components":[{"__type__":"cc.Sprite","node":{"__id__":26},"_materials":[{"__uuid__":"ecpdLyjvZBwrvm+cedCcQy"}],"_spriteFrame":{"__uuid__":"56FOeSwelJqIYFSklQnsU8"},"_sizeMode":0,"_isTrimmedMode":false}],"_prefab":{"__type__":"cc.PrefabInfo","root":{"__id__":1},"asset":{"__uuid__":"33L+tgfNNGUb9ZcPkbNeiH"},"fileId":"d4cLh56J5Bmqf1OWuMnCq+"},"_contentSize":{"__type__":"cc.Size","width":157,"height":218},"_trs":{"__type__":"TypedArray","ctor":"Float64Array","array":[-75,-51,0,0,0,0,1,0.6,0.6,1]}},{"__type__":"cc.Node","_name":"Image_3_4_1","_parent":{"__id__":4},"_components":[{"__type__":"cc.Sprite","node":{"__id__":27},"_materials":[{"__uuid__":"ecpdLyjvZBwrvm+cedCcQy"}],"_spriteFrame":{"__uuid__":"afhI8KNfJIyJP0cqaRLPhf"},"_sizeMode":0,"_isTrimmedMode":false}],"_prefab":{"__type__":"cc.PrefabInfo","root":{"__id__":1},"asset":{"__uuid__":"33L+tgfNNGUb9ZcPkbNeiH"},"fileId":"21wNZMJHlGDYL6RdsbyfXa"},"_contentSize":{"__type__":"cc.Size","width":157,"height":218},"_trs":{"__type__":"TypedArray","ctor":"Float64Array","array":[220,-51,0,0,0,0,1,0.6,0.6,1]}},{"__type__":"cc.Node","_name":"Image_3_4_2","_parent":{"__id__":4},"_components":[{"__type__":"cc.Sprite","node":{"__id__":28},"_materials":[{"__uuid__":"ecpdLyjvZBwrvm+cedCcQy"}],"_spriteFrame":{"__uuid__":"afhI8KNfJIyJP0cqaRLPhf"},"_sizeMode":0,"_isTrimmedMode":false}],"_prefab":{"__type__":"cc.PrefabInfo","root":{"__id__":1},"asset":{"__uuid__":"33L+tgfNNGUb9ZcPkbNeiH"},"fileId":"975SDt7SpMv4j5V71IZkxE"},"_contentSize":{"__type__":"cc.Size","width":157,"height":218},"_trs":{"__type__":"TypedArray","ctor":"Float64Array","array":[260,-51,0,0,0,0,1,0.6,0.6,1]}},{"__type__":"cc.Node","_name":"Image_1_1_1_0","_parent":{"__id__":4},"_active":false,"_components":[{"__type__":"cc.Sprite","node":{"__id__":29},"_materials":[{"__uuid__":"ecpdLyjvZBwrvm+cedCcQy"}],"_spriteFrame":{"__uuid__":"e0BJTr7t5HPo5L10HGDbld"},"_sizeMode":0,"_isTrimmedMode":false}],"_prefab":{"__type__":"cc.PrefabInfo","root":{"__id__":1},"asset":{"__uuid__":"33L+tgfNNGUb9ZcPkbNeiH"},"fileId":"01XySsEaFPu7THyfUkvH91"},"_color":{"__type__":"cc.Color","r":77,"g":77,"b":77},"_contentSize":{"__type__":"cc.Size","width":157,"height":218},"_trs":{"__type__":"TypedArray","ctor":"Float64Array","array":[33.60050000000001,305.1757,0,0,0,0,1,0.6,0.6,1]},"_eulerAngles":{"__type__":"cc.Vec3","x":5.0013}},{"__type__":"cc.Node","_name":"lastScore","_parent":{"__id__":1},"_active":false,"_components":[{"__type__":"cc.Label","node":{"__id__":30},"_materials":[{"__uuid__":"ecpdLyjvZBwrvm+cedCcQy"}],"_string":"剩余牌分：","_N$string":"剩余牌分：","_fontSize":32,"_lineHeight":32,"_N$horizontalAlign":1,"_N$verticalAlign":1}],"_prefab":{"__type__":"cc.PrefabInfo","root":{"__id__":1},"asset":{"__uuid__":"33L+tgfNNGUb9ZcPkbNeiH"},"fileId":"32EiayRuhPWqCRCooS+hMz"},"_color":{"__type__":"cc.Color","r":106,"g":76,"b":47},"_contentSize":{"__type__":"cc.Size","width":160,"height":40.32},"_anchorPoint":{"__type__":"cc.Vec2","x":1,"y":0.5},"_trs":{"__type__":"TypedArray","ctor":"Float64Array","array":[129.792,153.34,0,0,0,0,1,1,1,1]},"_groupIndex":2,"groupIndex":2},{"__type__":"cc.Node","_name":"lastMax","_parent":{"__id__":1},"_active":false,"_components":[{"__type__":"cc.Label","node":{"__id__":31},"_materials":[{"__uuid__":"ecpdLyjvZBwrvm+cedCcQy"}],"_string":"最大剩余：","_N$string":"最大剩余：","_N$horizontalAlign":1,"_N$verticalAlign":1}],"_prefab":{"__type__":"cc.PrefabInfo","root":{"__id__":1},"asset":{"__uuid__":"33L+tgfNNGUb9ZcPkbNeiH"},"fileId":"af1Qwb6LhGfYO04OpvST4B"},"_color":{"__type__":"cc.Color","r":228,"g":150,"b":10},"_contentSize":{"__type__":"cc.Size","width":200,"height":50.4},"_anchorPoint":{"__type__":"cc.Vec2","x":1,"y":0.5},"_trs":{"__type__":"TypedArray","ctor":"Float64Array","array":[-38.464,-177.42,0,0,0,0,1,1,1,1]},"_eulerAngles":{"__type__":"cc.Vec3","x":5.0002},"_groupIndex":2,"groupIndex":2},{"__type__":"cc.Node","_name":"loseScore","_parent":{"__id__":1},"_components":[{"__type__":"cc.Label","node":{"__id__":32},"_materials":[{"__uuid__":"ecpdLyjvZBwrvm+cedCcQy"}],"_string":"200","_N$string":"200","_fontSize":32,"_lineHeight":32,"_N$horizontalAlign":1,"_N$verticalAlign":1}],"_prefab":{"__type__":"cc.PrefabInfo","root":{"__id__":1},"asset":{"__uuid__":"33L+tgfNNGUb9ZcPkbNeiH"},"fileId":"d31wLoRpNDvZJtXK7JZeRQ"},"_color":{"__type__":"cc.Color","r":106,"g":76,"b":47},"_contentSize":{"__type__":"cc.Size","width":53.39,"height":40.32},"_anchorPoint":{"__type__":"cc.Vec2","y":0.5},"_trs":{"__type__":"TypedArray","ctor":"Float64Array","array":[45.696,153.34,0,0,0,0,1,1,1,1]},"_groupIndex":2,"groupIndex":2},{"__type__":"cc.Node","_name":"tips510K","_parent":{"__id__":1},"_active":false,"_components":[{"__type__":"cc.Label","node":{"__id__":33},"_materials":[{"__uuid__":"ecpdLyjvZBwrvm+cedCcQy"}],"_string":"8组【5-10-K】","_N$string":"8组【5-10-K】","_fontSize":50,"_lineHeight":50,"_N$horizontalAlign":1,"_N$verticalAlign":1}],"_prefab":{"__type__":"cc.PrefabInfo","root":{"__id__":1},"asset":{"__uuid__":"33L+tgfNNGUb9ZcPkbNeiH"},"fileId":"45BFbpMhNIIrfEpw2WR+23"},"_color":{"__type__":"cc.Color","r":228,"g":207,"b":10},"_contentSize":{"__type__":"cc.Size","width":327.88,"height":63},"_anchorPoint":{"__type__":"cc.Vec2","y":0.5},"_trs":{"__type__":"TypedArray","ctor":"Float64Array","array":[-38.4,-177.42,0,0,0,0,1,1,1,1]},"_eulerAngles":{"__type__":"cc.Vec3","x":5.0002},"_groupIndex":2,"groupIndex":2}]