[{"__type__":"cc.Prefab","_name":"DMZSmallCard","data":{"__id__":1}},{"__type__":"cc.Node","_name":"DMZSmallCard","_components":[{"__type__":"cc.Sprite","_name":"Image_item<Sprite>","node":{"__id__":1},"_materials":[{"__uuid__":"ecpdLyjvZBwrvm+cedCcQy"}],"_spriteFrame":{"__uuid__":"ffdkcNAmZAn4qGwLWTeC7j"}}],"_prefab":{"__type__":"cc.PrefabInfo","root":{"__id__":1},"asset":{"__uuid__":"43W3unTPNFMZJ9KEC9/oCg"},"fileId":"b8v/U/rhREPrWkx1rA+pmB"},"_contentSize":{"__type__":"cc.Size","width":32,"height":72},"_anchorPoint":{"__type__":"cc.Vec2","y":0.5},"_trs":{"__type__":"TypedArray","ctor":"Float64Array","array":[0,0,0,0,0,0,1,1,1,1]}}]