[{"__type__":"cc.Prefab","_name":"feijishunzi","data":{"__id__":1}},{"__type__":"cc.Node","_name":"feijishunzi","_components":[{"__type__":"sp.Skeleton","node":{"__id__":1},"_materials":[{"__uuid__":"7a/QZLET9IDreTiBfRn2PD"}],"defaultSkin":"default","defaultAnimation":"feiji2","_preCacheMode":0,"loop":false,"premultipliedAlpha":false,"_animationName":"feiji2","_playTimes":1,"_N$skeletonData":{"__uuid__":"67pFaKPMVD/aegryRacJDf"}},{"__type__":"ee606rD2/lE1r2LtSv7UmhM","node":{"__id__":1}}],"_prefab":{"__type__":"cc.PrefabInfo","root":{"__id__":1},"asset":{"__uuid__":"1dnLcEvdFHAKYpXEcKjUHW"},"fileId":"e6M9MuPl5Ma5L5AF/yi0aj"},"_trs":{"__type__":"TypedArray","ctor":"Float64Array","array":[0,0,0,0,0,0,1,1,1,1]}}]