{"__type__":"cc.JsonAsset","_name":"gamePlayerSound","json":[{"id":27,"group":1,"str":"快点啊，我等到花儿都谢了！","sound":"DDZ_Chat_1"},{"id":28,"group":1,"str":"怎么又断线了啊，网络怎么这么差啊！","sound":"fix_msg_26"},{"id":29,"group":1,"str":"不要走，决战到天亮！","sound":"fix_msg_9"},{"id":30,"group":1,"str":"你的牌打得太好啦！","sound":"fix_msg_17"},{"id":31,"group":1,"str":"你是MM还是GG！","sound":"fix_msg_19"},{"id":32,"group":1,"str":"和你合作真是太愉快了！","sound":"DDZ_Chat_2"},{"id":33,"group":1,"str":"大家好，很高兴见到各位！","sound":"fix_msg_10"},{"id":34,"group":1,"str":"各位，真不好意思我要离开一会！","sound":"DDZ_Chat_3"},{"id":35,"group":1,"str":"不要吵了,有什么好吵的，专心玩游戏吧！","sound":"fix_msg_8"},{"id":101,"group":999,"str":"快点出牌咯？","sound":"mchat1"},{"id":102,"group":999,"str":"我正滴套！","sound":"mchat2"},{"id":103,"group":999,"str":"鬼是死滴！","sound":"mchat3"},{"id":104,"group":999,"str":"你有五十K么?","sound":"mchat4"},{"id":105,"group":999,"str":"你有几套哦！","sound":"mchat5"},{"id":106,"group":999,"str":"打滴鬼死吗？","sound":"mchat6"},{"id":107,"group":999,"str":"你有正滴套吗？","sound":"mchat7"},{"id":108,"group":999,"str":"随便打咯！","sound":"mchat8"},{"id":109,"group":999,"str":"你还有好多分子","sound":"mchat9"},{"id":110,"group":999,"str":"你有什么东西打哦？","sound":"mchat10"},{"id":111,"group":999,"str":"打一个的","sound":"mchat11"},{"id":112,"group":999,"str":"打对子","sound":"mchat12"},{"id":113,"group":999,"str":"打三个的","sound":"mchat13"},{"id":114,"group":999,"str":"打四个的！","sound":"mchat14"},{"id":115,"group":999,"str":"打两连对","sound":"mchat15"},{"id":116,"group":999,"str":"打三连对","sound":"mchat16"},{"id":117,"group":999,"str":"你有板子冒罗？","sound":"mchat17"},{"id":118,"group":999,"str":"你要么子哦？","sound":"mchat18"},{"id":119,"group":999,"str":"你不好打，我来！","sound":"mchat19"},{"id":120,"group":999,"str":"我打不起你打罗！","sound":"mchat20"},{"id":121,"group":999,"str":"你有几个鬼哦？","sound":"mchat21"},{"id":122,"group":999,"str":"我有","sound":"mchat22"},{"id":123,"group":999,"str":"我没有","sound":"mchat23"},{"id":124,"group":999,"str":"往里面上分，我铁上！","sound":"mchat24"},{"id":201,"group":1000,"str":"打一个的","sound":"mchat21"},{"id":202,"group":1000,"str":"打对子","sound":"mchat22"},{"id":203,"group":1000,"str":"打三个的","sound":"mchat23"},{"id":204,"group":1000,"str":"打顺子啊！","sound":"mchat24"},{"id":205,"group":1000,"str":"打两连对","sound":"mchat25"},{"id":206,"group":1000,"str":"打三连对","sound":"mchat26"},{"id":207,"group":1000,"str":"炸起他","sound":"mchat27"},{"id":208,"group":1000,"str":"你要么子哦？","sound":"mchat28"},{"id":209,"group":1000,"str":"你不好打，我来！","sound":"mchat29"},{"id":210,"group":1000,"str":"我打不起你打罗！","sound":"mchat30"},{"id":211,"group":1000,"str":"你有几个鬼哦？","sound":"mchat31"},{"id":212,"group":1000,"str":"我有","sound":"mchat32"},{"id":213,"group":1000,"str":"我没有","sound":"mchat33"},{"id":214,"group":1000,"str":"往里面上分，我铁上！","sound":"mchat34"}]}