{"__type__":"sp.SkeletonData","_name":"zhaniao","_skeletonJson":{"skeleton":{"hash":"cDSmUutw4WX6pkgLUfsf1W/+UmQ","spine":"3.8.97","x":-79.96,"y":-65.21,"width":146.04,"height":100.85,"images":"","audio":""},"bones":[{"name":"root","rotation":-0.49},{"name":"A","parent":"root","rotation":0.49},{"name":"TX","parent":"root","rotation":0.49},{"name":"A1","parent":"A"},{"name":"t1","parent":"TX"},{"name":"t2","parent":"TX"},{"name":"t4","parent":"TX"},{"name":"body","parent":"A1"},{"name":"bone","parent":"body","length":16.87,"rotation":-30.76,"x":18.56,"y":-13.39},{"name":"cb_L","parent":"body","x":-22.04,"y":14.21},{"name":"cb_R","parent":"body","x":-35.84,"y":5.22},{"name":"wb","parent":"body","x":21.32,"y":-25.21},{"name":"bone2","parent":"bone","length":13.2,"rotation":4.08,"x":20.38,"y":0.39},{"name":"bone3","parent":"wb","length":15.78,"rotation":-85.91,"x":0.63,"y":-3.61},{"name":"bone4","parent":"bone3","length":11.9,"rotation":7.62,"x":16.94,"y":0.1}],"slots":[{"name":"images/cb2","bone":"cb_R","attachment":"images/cb2"},{"name":"images/body","bone":"body","attachment":"images/body"},{"name":"images/cb1","bone":"cb_L","attachment":"images/cb1"},{"name":"images/0","bone":"wb"},{"name":"images/1","bone":"t2","blend":"additive"},{"name":"images/d","bone":"t1","color":"ffd603ff","blend":"additive"},{"name":"images/d2","bone":"t4","color":"ffd603ff","blend":"additive"}],"skins":[{"name":"default","attachments":{"images/0":{"images/0":{"type":"mesh","uvs":[1,1,0,1,0,0,1,0],"triangles":[1,2,3,1,3,0],"vertices":[15.64,-39.63,-7.35,-39.45,-6.99,6.55,16.01,6.37],"hull":4,"edges":[0,2,2,4,4,6,0,6],"width":23,"height":46}},"images/1":{"images/1":{"y":-2.46,"rotation":-0.49,"width":116,"height":116}},"images/body":{"images/body":{"type":"mesh","uvs":[1,1,0,1,0,0,1,0],"triangles":[1,2,3,1,3,0],"vertices":[65.47,-36.47,-66.52,-35.35,-65.92,35.65,66.07,34.53],"hull":4,"edges":[0,2,2,4,4,6,0,6],"width":132,"height":71},"images/body1":{"rotation":-0.49,"width":87,"height":92}},"images/cb1":{"images/cb1":{"x":16.16,"y":-38.7,"rotation":-0.49,"width":51,"height":81}},"images/cb2":{"images/cb2":{"x":-20.53,"y":-5.91,"rotation":-0.49,"width":47,"height":22}},"images/d":{"images/d":{"rotation":-0.49,"width":185,"height":165}},"images/d2":{"images/d":{"rotation":-0.49,"width":185,"height":165}}}}],"animations":{"1":{"slots":{"images/1":{"color":[{"color":"ffffff00"},{"time":0.1333,"color":"ffffffdb"},{"time":0.8333,"color":"ffffff00"}],"attachment":[{"name":"images/1"}]},"images/d":{"color":[{"color":"fcfff600"},{"time":0.1667,"color":"fcfff6ff"},{"time":1.5,"color":"fcfff600"}],"attachment":[{"name":"images/d"}]},"images/d2":{"color":[{"color":"fcfff900"},{"time":0.1333,"color":"fcfff9e5"},{"time":0.5,"color":"fcfff900"}],"attachment":[{"name":"images/d"}]}},"bones":{"t2":{"rotate":[{},{"time":0.2333,"angle":180},{"time":0.5,"angle":-19.8},{"time":0.8333,"angle":122.69}],"scale":[{"x":0.4,"y":0.4},{"time":0.2,"x":1.636,"y":1.636},{"time":0.8333,"x":1.835,"y":1.835}]},"t4":{"scale":[{"x":0.853,"y":0.853},{"time":0.1333,"x":1.151,"y":1.151},{"time":0.5,"x":1.3,"y":1.3}]},"body":{"translate":[{"x":0.95}]}}},"zhaniao":{"bones":{"body":{"translate":[{},{"time":0.1667,"y":-16.22},{"time":0.3333},{"time":0.5,"y":-16.22},{"time":0.6667},{"time":0.8333,"y":-16.22},{"time":1}]},"cb_L":{"rotate":[{"angle":-33.85},{"time":0.1667},{"time":0.3333,"angle":-33.85},{"time":0.5},{"time":0.6667,"angle":-33.85},{"time":0.8333},{"time":1,"angle":-33.85}],"translate":[{"x":10.03,"y":-3.28},{"time":0.1667,"x":9.02,"y":-4.78},{"time":0.3333,"x":10.03,"y":-3.28},{"time":0.5,"x":9.02,"y":-4.78},{"time":0.6667,"x":10.03,"y":-3.28},{"time":0.8333,"x":9.02,"y":-4.78},{"time":1,"x":10.03,"y":-3.28}],"scale":[{"y":1.184},{"time":0.1667,"x":1.147,"y":-1.505},{"time":0.3333,"y":1.184},{"time":0.5,"x":1.147,"y":-1.505},{"time":0.6667,"y":1.184},{"time":0.8333,"x":1.147,"y":-1.505},{"time":1,"y":1.184}]},"cb_R":{"rotate":[{"angle":36.7},{"time":0.1667,"angle":-79.99},{"time":0.3333,"angle":36.7},{"time":0.5,"angle":-79.99},{"time":0.6667,"angle":36.7},{"time":0.8333,"angle":-79.99},{"time":1,"angle":36.7}],"translate":[{},{"time":0.1667,"x":15.62,"y":15.57},{"time":0.3333},{"time":0.5,"x":15.62,"y":15.57},{"time":0.6667},{"time":0.8333,"x":15.62,"y":15.57},{"time":1}],"scale":[{},{"time":0.1667,"x":1.25,"y":1.25},{"time":0.3333},{"time":0.5,"x":1.25,"y":1.25},{"time":0.6667},{"time":0.8333,"x":1.25,"y":1.25},{"time":1}]},"bone":{"rotate":[{},{"time":0.1,"angle":-0.88},{"time":0.2333,"angle":5.42},{"time":0.3333},{"time":0.4333,"angle":-0.88},{"time":0.6667},{"time":0.7667,"angle":-0.88},{"time":1}]},"bone2":{"rotate":[{},{"time":0.1,"angle":24.62},{"time":0.2333,"angle":-17.91},{"time":0.3333},{"time":0.4333,"angle":24.62},{"time":0.5667,"angle":-17.91},{"time":0.6667},{"time":0.7667,"angle":24.62},{"time":0.9,"angle":-17.91},{"time":1}]}}},"zhaniao2":{"slots":{"images/0":{"attachment":[{"name":"images/0"},{"time":0.3333,"name":null}]},"images/body":{"attachment":[{"name":"images/body1"},{"time":0.3333,"name":"images/body"}]}},"bones":{"body":{"translate":[{},{"time":0.1667,"y":-16.22},{"time":0.3333},{"time":0.5,"y":-16.22},{"time":0.6667},{"time":0.8333,"y":-16.22},{"time":1}]},"cb_L":{"rotate":[{"angle":-33.85},{"time":0.1667},{"time":0.3333,"angle":-33.85},{"time":0.5},{"time":0.6667,"angle":-33.85},{"time":0.8333},{"time":1,"angle":-33.85}],"translate":[{"x":26.95,"y":4.04},{"time":0.1667,"x":28.76,"y":4.23},{"time":0.3333,"x":10.03,"y":-3.28},{"time":0.5,"x":9.02,"y":-4.78},{"time":0.6,"x":27.22,"y":2.8},{"time":0.6333,"x":23.48,"y":1.08},{"time":0.6667,"x":10.03,"y":-3.28},{"time":0.8333,"x":9.02,"y":-4.78},{"time":1,"x":10.03,"y":-3.28}],"scale":[{"y":1.184},{"time":0.1667,"x":1.147,"y":-1.505},{"time":0.3333,"y":1.184},{"time":0.5,"x":1.147,"y":-1.505},{"time":0.6667,"y":1.184},{"time":0.8333,"x":1.147,"y":-1.505},{"time":1,"y":1.184}]},"cb_R":{"rotate":[{"angle":36.7},{"time":0.1667,"angle":-79.99},{"time":0.3333,"angle":36.7},{"time":0.5,"angle":-79.99},{"time":0.6667,"angle":36.7},{"time":0.8333,"angle":-79.99},{"time":1,"angle":36.7}],"translate":[{"x":16.91,"y":7.33},{"time":0.1667,"x":35.36,"y":24.59},{"time":0.3333},{"time":0.5,"x":15.62,"y":15.57},{"time":0.6333,"x":18.1,"y":11.09},{"time":0.6667},{"time":0.8333,"x":15.62,"y":15.57},{"time":1}],"scale":[{},{"time":0.1667,"x":1.25,"y":1.25},{"time":0.3333},{"time":0.5,"x":1.25,"y":1.25},{"time":0.6667},{"time":0.8333,"x":1.25,"y":1.25},{"time":1}]},"bone":{"rotate":[{},{"time":0.1,"angle":-0.88},{"time":0.2333,"angle":5.42},{"time":0.3333},{"time":0.4333,"angle":-0.88},{"time":0.6667},{"time":0.7667,"angle":-0.88},{"time":1}]},"bone2":{"rotate":[{},{"time":0.1,"angle":24.62},{"time":0.2333,"angle":-17.91},{"time":0.3333},{"time":0.4333,"angle":24.62},{"time":0.5667,"angle":-17.91},{"time":0.6667},{"time":0.7667,"angle":24.62},{"time":0.9,"angle":-17.91},{"time":1}]},"bone4":{"rotate":[{},{"time":0.1667,"angle":11.33},{"time":0.3333},{"time":0.5,"angle":11.33},{"time":0.6667}]},"bone3":{"rotate":[{},{"time":0.1667,"angle":33.13},{"time":0.3333},{"time":0.5,"angle":33.13},{"time":0.6667}]}}}}},"_atlasText":"\nzhaniao.png\nsize: 349,206\nformat: RGBA8888\nfilter: Linear,Linear\nrepeat: none\nimages/0\n  rotate: true\n  xy: 2, 2\n  size: 23, 46\n  orig: 23, 46\n  offset: 0, 0\n  index: -1\nimages/1\n  rotate: false\n  xy: 160, 91\n  size: 114, 113\n  orig: 116, 116\n  offset: 1, 2\n  index: -1\nimages/body\n  rotate: true\n  xy: 276, 72\n  size: 132, 71\n  orig: 132, 71\n  offset: 0, 0\n  index: -1\nimages/body1\n  rotate: true\n  xy: 160, 2\n  size: 87, 92\n  orig: 87, 92\n  offset: 0, 0\n  index: -1\nimages/cb1\n  rotate: true\n  xy: 254, 19\n  size: 51, 81\n  orig: 51, 81\n  offset: 0, 0\n  index: -1\nimages/cb2\n  rotate: false\n  xy: 50, 3\n  size: 47, 22\n  orig: 47, 22\n  offset: 0, 0\n  index: -1\nimages/d\n  rotate: true\n  xy: 2, 27\n  size: 177, 156\n  orig: 185, 165\n  offset: 4, 6\n  index: -1\n","textures":[{"__uuid__":"1cwD7p4QZIULirMO8oVi86"}],"textureNames":["zhaniao.png"]}