[{"__type__":"cc.Prefab","_name":"PokerRoomActionLayer","data":{"__id__":1}},{"__type__":"cc.Node","_name":"PokerRoomActionLayer","_children":[{"__id__":2},{"__id__":69},{"__id__":79},{"__id__":80},{"__id__":81},{"__id__":82},{"__id__":83},{"__id__":84},{"__id__":86},{"__id__":87},{"__id__":88},{"__id__":89}],"_components":[{"__type__":"cc.StudioWidget","node":{"__id__":1},"_alignFlags":45,"_isAbsLeft":false,"_isAbsRight":false,"_isAbsBottom":false,"_originalWidth":1280,"_originalHeight":800},{"__type__":"efdedaHcOhBb5GtJ8aYlmxg","node":{"__id__":1},"roominfo":{"__id__":76},"birdSpriteFrame":[{"__uuid__":"c2NPEBAdlCHYi3ufJKMx6l"},{"__uuid__":"a4MeYB5jlNIpnJC+icmuuy"}],"playerList":[{"__id__":24},{"__id__":46},{"__id__":68}]}],"_prefab":{"__type__":"cc.PrefabInfo","root":{"__id__":1},"asset":{"__uuid__":"afZp6vyKhJpbDoliuVtGVh"},"fileId":"aep3x3zp1GSJRQfEKOA5ZZ"},"_contentSize":{"__type__":"cc.Size","width":1280,"height":800},"_trs":{"__type__":"TypedArray","ctor":"Float64Array","array":[0,0,0,0,0,0,1,1,1,1]}},{"__type__":"cc.Node","_name":"PokerRoomPlayer","_parent":{"__id__":1},"_children":[{"__id__":3},{"__id__":25},{"__id__":47}],"_components":[{"__type__":"cc.Widget","node":{"__id__":2},"_alignFlags":45,"_originalWidth":1280,"_originalHeight":800}],"_prefab":{"__type__":"cc.PrefabInfo","root":{"__id__":1},"asset":{"__uuid__":"afZp6vyKhJpbDoliuVtGVh"},"fileId":"197KJvsSRCMbf5KO8t/uIy"},"_contentSize":{"__type__":"cc.Size","width":1280,"height":800},"_trs":{"__type__":"TypedArray","ctor":"Float64Array","array":[0,0,0,0,0,0,1,1,1,1]}},{"__type__":"cc.Node","_name":"Panel_Player0","_parent":{"__id__":2},"_children":[{"__id__":4},{"__id__":23}],"_components":[{"__type__":"cc.StudioWidget","node":{"__id__":3},"_alignFlags":12,"_left":0.030950000000000005,"_bottom":0.007500000000000007,"_isAbsLeft":false,"_isAbsBottom":false},{"__id__":24}],"_prefab":{"__type__":"cc.PrefabInfo","root":{"__id__":1},"asset":{"__uuid__":"afZp6vyKhJpbDoliuVtGVh"},"fileId":"100evZj1tLB7nAwTQT5o23"},"_contentSize":{"__type__":"cc.Size","width":99.968,"height":100},"_trs":{"__type__":"TypedArray","ctor":"Float64Array","array":[-550.4,-344,0,0,0,0,1,1,1,1]}},{"__type__":"cc.Node","_name":"Node_Player","_parent":{"__id__":3},"_children":[{"__id__":5},{"__id__":6},{"__id__":7},{"__id__":8},{"__id__":9},{"__id__":10},{"__id__":12},{"__id__":13},{"__id__":15},{"__id__":17},{"__id__":18},{"__id__":19},{"__id__":21}],"_components":[{"__id__":22}],"_prefab":{"__type__":"cc.PrefabInfo","root":{"__id__":1},"asset":{"__uuid__":"afZp6vyKhJpbDoliuVtGVh"},"fileId":"61Y4PYVFJMyrSNKH88Ef66"},"_anchorPoint":{"__type__":"cc.Vec2"},"_trs":{"__type__":"TypedArray","ctor":"Float64Array","array":[1.709452800000001,0.8800000000000026,0,0,0,0,1,1,1,1]}},{"__type__":"cc.Node","_name":"Image_1","_parent":{"__id__":4},"_components":[{"__type__":"cc.Sprite","node":{"__id__":5},"_materials":[{"__uuid__":"ecpdLyjvZBwrvm+cedCcQy"}],"_spriteFrame":{"__uuid__":"21P7cGIFtONoYiQkUrv4IQ"},"_sizeMode":0,"_isTrimmedMode":false}],"_prefab":{"__type__":"cc.PrefabInfo","root":{"__id__":1},"asset":{"__uuid__":"afZp6vyKhJpbDoliuVtGVh"},"fileId":"f4weBBtJpC9qT50mCxEFee"},"_contentSize":{"__type__":"cc.Size","width":99,"height":103},"_trs":{"__type__":"TypedArray","ctor":"Float64Array","array":[0,0,0,0,0,0,1,1,1,1]}},{"__type__":"cc.Node","_name":"Image_2","_parent":{"__id__":4},"_components":[{"__type__":"cc.Sprite","node":{"__id__":6},"_materials":[{"__uuid__":"ecpdLyjvZBwrvm+cedCcQy"}],"_spriteFrame":{"__uuid__":"53nd/QqA1JXp1AXfX0F0UN"},"_sizeMode":0,"_isTrimmedMode":false}],"_prefab":{"__type__":"cc.PrefabInfo","root":{"__id__":1},"asset":{"__uuid__":"afZp6vyKhJpbDoliuVtGVh"},"fileId":"ffbVR7mypMGovov8Xrnzq+"},"_contentSize":{"__type__":"cc.Size","width":184,"height":47},"_trs":{"__type__":"TypedArray","ctor":"Float64Array","array":[413.7905,-22.6565,0,0,0,0,1,1,1,1]}},{"__type__":"cc.Node","_name":"Image_infobg2","_parent":{"__id__":4},"_components":[{"__type__":"cc.Sprite","node":{"__id__":7},"_materials":[{"__uuid__":"ecpdLyjvZBwrvm+cedCcQy"}],"_spriteFrame":{"__uuid__":"53nd/QqA1JXp1AXfX0F0UN"},"_sizeMode":0,"_isTrimmedMode":false}],"_prefab":{"__type__":"cc.PrefabInfo","root":{"__id__":1},"asset":{"__uuid__":"afZp6vyKhJpbDoliuVtGVh"},"fileId":"97FXFMI81OwYrUb+1WQvcZ"},"_contentSize":{"__type__":"cc.Size","width":184,"height":47},"_trs":{"__type__":"TypedArray","ctor":"Float64Array","array":[183.6001,-22.9999,0,0,0,0,1,1,1,1]}},{"__type__":"cc.Node","_name":"Image_infobg1","_parent":{"__id__":4},"_components":[{"__type__":"cc.Sprite","node":{"__id__":8},"_materials":[{"__uuid__":"ecpdLyjvZBwrvm+cedCcQy"}],"_spriteFrame":{"__uuid__":"f06vs2xhFFEpCNxWPgMbhb"},"_sizeMode":0,"_isTrimmedMode":false}],"_prefab":{"__type__":"cc.PrefabInfo","root":{"__id__":1},"asset":{"__uuid__":"afZp6vyKhJpbDoliuVtGVh"},"fileId":"ddkgO+gZBC2rZgYpTH+FSE"},"_contentSize":{"__type__":"cc.Size","width":84,"height":45},"_trs":{"__type__":"TypedArray","ctor":"Float64Array","array":[364.6973,-21.9999,0,0,0,0,1,1,1,1]}},{"__type__":"cc.Node","_name":"Image_jindou","_parent":{"__id__":4},"_active":false,"_components":[{"__type__":"cc.Sprite","node":{"__id__":9},"_materials":[{"__uuid__":"ecpdLyjvZBwrvm+cedCcQy"}],"_spriteFrame":{"__uuid__":"49hh4lGu9IZJTOBOGK+sSe"},"_sizeMode":0,"_isTrimmedMode":false}],"_prefab":{"__type__":"cc.PrefabInfo","root":{"__id__":1},"asset":{"__uuid__":"afZp6vyKhJpbDoliuVtGVh"},"fileId":"fcgWYPvitBm6AKJ0/tulo/"},"_contentSize":{"__type__":"cc.Size","width":82,"height":63},"_trs":{"__type__":"TypedArray","ctor":"Float64Array","array":[353.1005,-19.874,0,0,0,0,1,1,1,1]}},{"__type__":"cc.Node","_name":"headIcon","_parent":{"__id__":4},"_components":[{"__id__":11}],"_prefab":{"__type__":"cc.PrefabInfo","root":{"__id__":1},"asset":{"__uuid__":"afZp6vyKhJpbDoliuVtGVh"},"fileId":"02VhzOs1VA9Y2s40wckO/W"},"_contentSize":{"__type__":"cc.Size","width":99,"height":103},"_trs":{"__type__":"TypedArray","ctor":"Float64Array","array":[0,0,0,0,0,0,1,1,1,1]}},{"__type__":"cc.Sprite","node":{"__id__":10},"_materials":[{"__uuid__":"ecpdLyjvZBwrvm+cedCcQy"}],"_sizeMode":0},{"__type__":"cc.Node","_name":"Button_Player","_parent":{"__id__":4},"_components":[{"__type__":"cc.Button","node":{"__id__":12},"_normalMaterial":{"__uuid__":"ecpdLyjvZBwrvm+cedCcQy"},"clickEvents":[{"__type__":"cc.ClickEvent","target":{"__id__":3},"_componentId":"619e3GS9/1Aor5K00Xb8Hay","handler":"onBtnClick"}],"_N$target":{"__id__":12}}],"_prefab":{"__type__":"cc.PrefabInfo","root":{"__id__":1},"asset":{"__uuid__":"afZp6vyKhJpbDoliuVtGVh"},"fileId":"e19CnaythGCrIlKZV+7PP8"},"_contentSize":{"__type__":"cc.Size","width":100,"height":100},"_trs":{"__type__":"TypedArray","ctor":"Float64Array","array":[0,0,0,0,0,0,1,1,1,1]}},{"__type__":"cc.Node","_name":"moneyStr","_parent":{"__id__":4},"_components":[{"__id__":14}],"_prefab":{"__type__":"cc.PrefabInfo","root":{"__id__":1},"asset":{"__uuid__":"afZp6vyKhJpbDoliuVtGVh"},"fileId":"09HO3pycZPhIki/GHYCOtF"},"_color":{"__type__":"cc.Color","r":255,"g":214},"_contentSize":{"__type__":"cc.Size","width":33.37,"height":37.8},"_trs":{"__type__":"TypedArray","ctor":"Float64Array","array":[462.6202,-23.9999,0,0,0,0,1,1,1,1]}},{"__type__":"cc.Label","node":{"__id__":13},"_materials":[{"__uuid__":"ecpdLyjvZBwrvm+cedCcQy"}],"_string":"20","_N$string":"20","_fontSize":30,"_lineHeight":30,"_N$horizontalAlign":1,"_N$verticalAlign":1},{"__type__":"cc.Node","_name":"nameStr","_parent":{"__id__":4},"_components":[{"__id__":16}],"_prefab":{"__type__":"cc.PrefabInfo","root":{"__id__":1},"asset":{"__uuid__":"afZp6vyKhJpbDoliuVtGVh"},"fileId":"04eqAi9NdBq7t6B7iknvUx"},"_contentSize":{"__type__":"cc.Size","width":78,"height":32.76},"_trs":{"__type__":"TypedArray","ctor":"Float64Array","array":[183.5999,-21.9999,0,0,0,0,1,1.04,1,1]}},{"__type__":"cc.Label","node":{"__id__":15},"_materials":[{"__uuid__":"ecpdLyjvZBwrvm+cedCcQy"}],"_string":"小白云","_N$string":"小白云","_fontSize":26,"_lineHeight":26,"_N$horizontalAlign":1,"_N$verticalAlign":1},{"__type__":"cc.Node","_name":"Image_online","_parent":{"__id__":4},"_active":false,"_components":[{"__type__":"cc.Sprite","node":{"__id__":17},"_materials":[{"__uuid__":"ecpdLyjvZBwrvm+cedCcQy"}],"_spriteFrame":{"__uuid__":"00Bv5yeqVKirK30Yvo1lx1"},"_sizeMode":0,"_isTrimmedMode":false}],"_prefab":{"__type__":"cc.PrefabInfo","root":{"__id__":1},"asset":{"__uuid__":"afZp6vyKhJpbDoliuVtGVh"},"fileId":"3epWSKci1E5r++0pQYLT9v"},"_contentSize":{"__type__":"cc.Size","width":71,"height":40},"_trs":{"__type__":"TypedArray","ctor":"Float64Array","array":[0,-2,0,0,0,0,1,1,1,1]}},{"__type__":"cc.Node","_name":"Image_8","_parent":{"__id__":4},"_components":[{"__type__":"cc.Sprite","node":{"__id__":18},"_materials":[{"__uuid__":"ecpdLyjvZBwrvm+cedCcQy"}],"_spriteFrame":{"__uuid__":"a6usLrP5VC75+mWIjQVBCE"},"_sizeMode":0,"_isTrimmedMode":false}],"_prefab":{"__type__":"cc.PrefabInfo","root":{"__id__":1},"asset":{"__uuid__":"afZp6vyKhJpbDoliuVtGVh"},"fileId":"6fVqZVtCpC76s87U9APhyg"},"_contentSize":{"__type__":"cc.Size","width":109,"height":113},"_trs":{"__type__":"TypedArray","ctor":"Float64Array","array":[0,0,0,0,0,0,1,1,1,1]}},{"__type__":"cc.Node","_name":"Image_bird","_parent":{"__id__":4},"_active":false,"_components":[{"__id__":20}],"_prefab":{"__type__":"cc.PrefabInfo","root":{"__id__":1},"asset":{"__uuid__":"afZp6vyKhJpbDoliuVtGVh"},"fileId":"35oFOQfYJOSqXR+Wc/J6N7"},"_contentSize":{"__type__":"cc.Size","width":34,"height":57},"_trs":{"__type__":"TypedArray","ctor":"Float64Array","array":[-50,28,0,0,0,0,1,1,1,1]}},{"__type__":"cc.Sprite","node":{"__id__":19},"_materials":[{"__uuid__":"ecpdLyjvZBwrvm+cedCcQy"}],"_spriteFrame":{"__uuid__":"c2NPEBAdlCHYi3ufJKMx6l"}},{"__type__":"cc.Node","_name":"zhuang","_parent":{"__id__":4},"_active":false,"_components":[{"__type__":"cc.Sprite","node":{"__id__":21},"_materials":[{"__uuid__":"ecpdLyjvZBwrvm+cedCcQy"}],"_spriteFrame":{"__uuid__":"91nvMk035ODLs5B+6J+ODw"},"_sizeMode":2,"_isTrimmedMode":false}],"_prefab":{"__type__":"cc.PrefabInfo","root":{"__id__":1},"asset":{"__uuid__":"afZp6vyKhJpbDoliuVtGVh"},"fileId":"6cf9DPKjVPLZBDVMgOZJk2"},"_contentSize":{"__type__":"cc.Size","width":48,"height":46},"_anchorPoint":{"__type__":"cc.Vec2","x":1,"y":1},"_trs":{"__type__":"TypedArray","ctor":"Float64Array","array":[68,73.0611,0,0,0,0,1,1,1,1]}},{"__type__":"e7ea0+JxiVOmJPC/f+sCmmr","node":{"__id__":4},"headIcon":{"__id__":11}},{"__type__":"cc.Node","_name":"ready","_parent":{"__id__":3},"_components":[{"__type__":"sp.Skeleton","node":{"__id__":23},"_materials":[{"__uuid__":"7a/QZLET9IDreTiBfRn2PD"}],"defaultSkin":"default","defaultAnimation":"ready2","_preCacheMode":0,"premultipliedAlpha":false,"_animationName":"ready2","_N$skeletonData":{"__uuid__":"b5ARS1mNxBJZWfV+xRUHZo"}}],"_prefab":{"__type__":"cc.PrefabInfo","root":{"__id__":1},"asset":{"__uuid__":"afZp6vyKhJpbDoliuVtGVh"},"fileId":"abzWxnWxFBQY3hDGUQgUmy"},"_trs":{"__type__":"TypedArray","ctor":"Float64Array","array":[1.70945,0.88,0,0,0,0,1,1,1,1]}},{"__type__":"619e3GS9/1Aor5K00Xb8Hay","node":{"__id__":3},"clientSeatId":1,"playerHead":{"__id__":22},"Button_Player":{"__id__":12},"nameStr":{"__id__":16},"moneyStr":{"__id__":14},"onLine":{"__id__":17},"zhuang":{"__id__":21},"m_playbird":{"__id__":20},"ready":{"__id__":23}},{"__type__":"cc.Node","_name":"Panel_Player1","_parent":{"__id__":2},"_children":[{"__id__":26},{"__id__":45}],"_components":[{"__type__":"cc.StudioWidget","node":{"__id__":25},"_alignFlags":12,"_left":0.9010499999999999,"_bottom":0.6501,"_isAbsLeft":false,"_isAbsBottom":false},{"__id__":46}],"_prefab":{"__type__":"cc.PrefabInfo","root":{"__id__":1},"asset":{"__uuid__":"afZp6vyKhJpbDoliuVtGVh"},"fileId":"65GTVPgZZOLYabW7T3BSq1"},"_contentSize":{"__type__":"cc.Size","width":99.968,"height":100},"_trs":{"__type__":"TypedArray","ctor":"Float64Array","array":[563.3279999999999,170.08000000000004,0,0,0,0,1,1,1,1]}},{"__type__":"cc.Node","_name":"Node_Player","_parent":{"__id__":25},"_children":[{"__id__":27},{"__id__":28},{"__id__":29},{"__id__":30},{"__id__":31},{"__id__":33},{"__id__":34},{"__id__":35},{"__id__":37},{"__id__":39},{"__id__":40},{"__id__":41},{"__id__":43}],"_components":[{"__id__":44}],"_prefab":{"__type__":"cc.PrefabInfo","root":{"__id__":1},"asset":{"__uuid__":"afZp6vyKhJpbDoliuVtGVh"},"fileId":"ccz9hO8ytOCYWLVRb3iE0t"},"_anchorPoint":{"__type__":"cc.Vec2"},"_trs":{"__type__":"TypedArray","ctor":"Float64Array","array":[1.709452800000001,5.000000000000007,0,0,0,0,1,1,1,1]}},{"__type__":"cc.Node","_name":"Image_7","_parent":{"__id__":26},"_components":[{"__type__":"cc.Sprite","node":{"__id__":27},"_materials":[{"__uuid__":"ecpdLyjvZBwrvm+cedCcQy"}],"_spriteFrame":{"__uuid__":"53nd/QqA1JXp1AXfX0F0UN"},"_sizeMode":0,"_isTrimmedMode":false}],"_prefab":{"__type__":"cc.PrefabInfo","root":{"__id__":1},"asset":{"__uuid__":"afZp6vyKhJpbDoliuVtGVh"},"fileId":"betnIceLVM3rGeK2Qwp8kT"},"_contentSize":{"__type__":"cc.Size","width":184,"height":47},"_trs":{"__type__":"TypedArray","ctor":"Float64Array","array":[1.0515,-102.7919,0,0,0,0,1,0.6,0.6,1]}},{"__type__":"cc.Node","_name":"Image_1","_parent":{"__id__":26},"_components":[{"__type__":"cc.Sprite","node":{"__id__":28},"_materials":[{"__uuid__":"ecpdLyjvZBwrvm+cedCcQy"}],"_spriteFrame":{"__uuid__":"21P7cGIFtONoYiQkUrv4IQ"},"_sizeMode":0,"_isTrimmedMode":false}],"_prefab":{"__type__":"cc.PrefabInfo","root":{"__id__":1},"asset":{"__uuid__":"afZp6vyKhJpbDoliuVtGVh"},"fileId":"69XzU03fJDwJ3YkDOENoCO"},"_contentSize":{"__type__":"cc.Size","width":99,"height":103},"_trs":{"__type__":"TypedArray","ctor":"Float64Array","array":[0,0,0,0,0,0,1,1,1,1]}},{"__type__":"cc.Node","_name":"Image_infobg1","_parent":{"__id__":26},"_components":[{"__type__":"cc.Sprite","node":{"__id__":29},"_materials":[{"__uuid__":"ecpdLyjvZBwrvm+cedCcQy"}],"_spriteFrame":{"__uuid__":"f06vs2xhFFEpCNxWPgMbhb"},"_type":1,"_sizeMode":0,"_isTrimmedMode":false}],"_prefab":{"__type__":"cc.PrefabInfo","root":{"__id__":1},"asset":{"__uuid__":"afZp6vyKhJpbDoliuVtGVh"},"fileId":"d2Cw+WVO9Fk7Dnm/X497v9"},"_opacity":204,"_contentSize":{"__type__":"cc.Size","width":84,"height":45},"_trs":{"__type__":"TypedArray","ctor":"Float64Array","array":[-28.6969,-103.2167,0,0,0,0,1,0.6,0.6,1]}},{"__type__":"cc.Node","_name":"Image_infobg2","_parent":{"__id__":26},"_components":[{"__type__":"cc.Sprite","node":{"__id__":30},"_materials":[{"__uuid__":"ecpdLyjvZBwrvm+cedCcQy"}],"_spriteFrame":{"__uuid__":"53nd/QqA1JXp1AXfX0F0UN"},"_sizeMode":0,"_isTrimmedMode":false}],"_prefab":{"__type__":"cc.PrefabInfo","root":{"__id__":1},"asset":{"__uuid__":"afZp6vyKhJpbDoliuVtGVh"},"fileId":"67j+Q/ilZJMK4iAUIUd5dd"},"_contentSize":{"__type__":"cc.Size","width":184,"height":47},"_trs":{"__type__":"TypedArray","ctor":"Float64Array","array":[1.1595,-69.6148,0,0,0,0,1,0.6,0.6,1]}},{"__type__":"cc.Node","_name":"headIcon","_parent":{"__id__":26},"_components":[{"__id__":32}],"_prefab":{"__type__":"cc.PrefabInfo","root":{"__id__":1},"asset":{"__uuid__":"afZp6vyKhJpbDoliuVtGVh"},"fileId":"fdPClAyOxIR4dDfyZqgPeH"},"_contentSize":{"__type__":"cc.Size","width":99,"height":103},"_trs":{"__type__":"TypedArray","ctor":"Float64Array","array":[0,0,0,0,0,0,1,1,1,1]}},{"__type__":"cc.Sprite","node":{"__id__":31},"_materials":[{"__uuid__":"ecpdLyjvZBwrvm+cedCcQy"}],"_sizeMode":0},{"__type__":"cc.Node","_name":"Image_jindou","_parent":{"__id__":26},"_active":false,"_components":[{"__type__":"cc.Sprite","node":{"__id__":33},"_materials":[{"__uuid__":"ecpdLyjvZBwrvm+cedCcQy"}],"_spriteFrame":{"__uuid__":"49hh4lGu9IZJTOBOGK+sSe"},"_sizeMode":0,"_isTrimmedMode":false}],"_prefab":{"__type__":"cc.PrefabInfo","root":{"__id__":1},"asset":{"__uuid__":"afZp6vyKhJpbDoliuVtGVh"},"fileId":"c5MKuvcmpPiqLtFAW0I2xX"},"_contentSize":{"__type__":"cc.Size","width":60,"height":46},"_trs":{"__type__":"TypedArray","ctor":"Float64Array","array":[-41.0055,-103.5701,0,0,0,0,1,0.8,0.8,1]}},{"__type__":"cc.Node","_name":"Button_Player","_parent":{"__id__":26},"_components":[{"__type__":"cc.Button","node":{"__id__":34},"_normalMaterial":{"__uuid__":"ecpdLyjvZBwrvm+cedCcQy"},"clickEvents":[{"__type__":"cc.ClickEvent","target":{"__id__":25},"_componentId":"619e3GS9/1Aor5K00Xb8Hay","handler":"onBtnClick"}],"_N$target":{"__id__":34}}],"_prefab":{"__type__":"cc.PrefabInfo","root":{"__id__":1},"asset":{"__uuid__":"afZp6vyKhJpbDoliuVtGVh"},"fileId":"1a21dRi2hN86h4wXPo91LE"},"_contentSize":{"__type__":"cc.Size","width":100,"height":100},"_trs":{"__type__":"TypedArray","ctor":"Float64Array","array":[0,0,0,0,0,0,1,1,1,1]}},{"__type__":"cc.Node","_name":"moneyStr","_parent":{"__id__":26},"_components":[{"__id__":36}],"_prefab":{"__type__":"cc.PrefabInfo","root":{"__id__":1},"asset":{"__uuid__":"afZp6vyKhJpbDoliuVtGVh"},"fileId":"e7YaQTH+ZOVKjFyuQfTrQl"},"_color":{"__type__":"cc.Color","r":255,"g":223},"_contentSize":{"__type__":"cc.Size","width":40.04,"height":30.24},"_trs":{"__type__":"TypedArray","ctor":"Float64Array","array":[25.2932,-104,0,0,0,0,1,1,1,1]}},{"__type__":"cc.Label","node":{"__id__":35},"_materials":[{"__uuid__":"ecpdLyjvZBwrvm+cedCcQy"}],"_string":"100","_N$string":"100","_fontSize":24,"_lineHeight":24,"_N$horizontalAlign":1,"_N$verticalAlign":1},{"__type__":"cc.Node","_name":"nameStr","_parent":{"__id__":26},"_components":[{"__id__":38}],"_prefab":{"__type__":"cc.PrefabInfo","root":{"__id__":1},"asset":{"__uuid__":"afZp6vyKhJpbDoliuVtGVh"},"fileId":"09arZtm9xMQZgOSGtzZWP7"},"_contentSize":{"__type__":"cc.Size","width":78,"height":32.76},"_trs":{"__type__":"TypedArray","ctor":"Float64Array","array":[0,-68.7798,0,0,0,0,1,1.04,1,1]}},{"__type__":"cc.Label","node":{"__id__":37},"_materials":[{"__uuid__":"ecpdLyjvZBwrvm+cedCcQy"}],"_string":"小白云","_N$string":"小白云","_fontSize":26,"_lineHeight":26,"_N$horizontalAlign":1,"_N$verticalAlign":1},{"__type__":"cc.Node","_name":"Image_online","_parent":{"__id__":26},"_active":false,"_components":[{"__type__":"cc.Sprite","node":{"__id__":39},"_spriteFrame":{"__uuid__":"00Bv5yeqVKirK30Yvo1lx1"},"_sizeMode":0,"_isTrimmedMode":false}],"_prefab":{"__type__":"cc.PrefabInfo","root":{"__id__":1},"asset":{"__uuid__":"afZp6vyKhJpbDoliuVtGVh"},"fileId":"e1hhyQTtBNTJCI1sQy+Ez7"},"_contentSize":{"__type__":"cc.Size","width":71,"height":40},"_trs":{"__type__":"TypedArray","ctor":"Float64Array","array":[0,-2,0,0,0,0,1,1,1,1]}},{"__type__":"cc.Node","_name":"Image_8","_parent":{"__id__":26},"_components":[{"__type__":"cc.Sprite","node":{"__id__":40},"_materials":[{"__uuid__":"ecpdLyjvZBwrvm+cedCcQy"}],"_spriteFrame":{"__uuid__":"a6usLrP5VC75+mWIjQVBCE"},"_sizeMode":0,"_isTrimmedMode":false}],"_prefab":{"__type__":"cc.PrefabInfo","root":{"__id__":1},"asset":{"__uuid__":"afZp6vyKhJpbDoliuVtGVh"},"fileId":"42smGDHqVE7YSyY8sDHH++"},"_contentSize":{"__type__":"cc.Size","width":109,"height":113},"_trs":{"__type__":"TypedArray","ctor":"Float64Array","array":[0,0,0,0,0,0,1,1,1,1]}},{"__type__":"cc.Node","_name":"Image_bird","_parent":{"__id__":26},"_active":false,"_components":[{"__id__":42}],"_prefab":{"__type__":"cc.PrefabInfo","root":{"__id__":1},"asset":{"__uuid__":"afZp6vyKhJpbDoliuVtGVh"},"fileId":"carD3EO01P3JoShx1jOdBy"},"_contentSize":{"__type__":"cc.Size","width":34,"height":57},"_trs":{"__type__":"TypedArray","ctor":"Float64Array","array":[-50,28,0,0,0,0,1,1,1,1]}},{"__type__":"cc.Sprite","node":{"__id__":41},"_spriteFrame":{"__uuid__":"c2NPEBAdlCHYi3ufJKMx6l"},"_sizeMode":0,"_isTrimmedMode":false},{"__type__":"cc.Node","_name":"zhuang","_parent":{"__id__":26},"_active":false,"_components":[{"__type__":"cc.Sprite","node":{"__id__":43},"_spriteFrame":{"__uuid__":"91nvMk035ODLs5B+6J+ODw"},"_sizeMode":2,"_isTrimmedMode":false}],"_prefab":{"__type__":"cc.PrefabInfo","root":{"__id__":1},"asset":{"__uuid__":"afZp6vyKhJpbDoliuVtGVh"},"fileId":"c4cUSZMO5Km4Slp3NFa8QL"},"_contentSize":{"__type__":"cc.Size","width":48,"height":46},"_anchorPoint":{"__type__":"cc.Vec2","x":1,"y":1},"_trs":{"__type__":"TypedArray","ctor":"Float64Array","array":[66.9999,72.0002,0,0,0,0,1,1,1,1]}},{"__type__":"e7ea0+JxiVOmJPC/f+sCmmr","node":{"__id__":26},"headIcon":{"__id__":32}},{"__type__":"cc.Node","_name":"ready","_parent":{"__id__":25},"_components":[{"__type__":"sp.Skeleton","node":{"__id__":45},"_materials":[{"__uuid__":"7a/QZLET9IDreTiBfRn2PD"}],"defaultSkin":"default","defaultAnimation":"ready2","_preCacheMode":0,"premultipliedAlpha":false,"_animationName":"ready2","_N$skeletonData":{"__uuid__":"b5ARS1mNxBJZWfV+xRUHZo"}}],"_prefab":{"__type__":"cc.PrefabInfo","root":{"__id__":1},"asset":{"__uuid__":"afZp6vyKhJpbDoliuVtGVh"},"fileId":"c7V24dGihALrRJ75LlTGpH"},"_trs":{"__type__":"TypedArray","ctor":"Float64Array","array":[0,0,0,0,0,0,1,1,1,1]}},{"__type__":"619e3GS9/1Aor5K00Xb8Hay","node":{"__id__":25},"clientSeatId":2,"playerHead":{"__id__":44},"Button_Player":{"__id__":34},"nameStr":{"__id__":38},"moneyStr":{"__id__":36},"onLine":{"__id__":39},"zhuang":{"__id__":43},"m_playbird":{"__id__":42},"ready":{"__id__":45}},{"__type__":"cc.Node","_name":"Panel_Player2","_parent":{"__id__":2},"_children":[{"__id__":48},{"__id__":67}],"_components":[{"__type__":"cc.StudioWidget","node":{"__id__":47},"_alignFlags":12,"_left":0.030950000000000005,"_bottom":0.6575,"_isAbsLeft":false,"_isAbsBottom":false},{"__id__":68}],"_prefab":{"__type__":"cc.PrefabInfo","root":{"__id__":1},"asset":{"__uuid__":"afZp6vyKhJpbDoliuVtGVh"},"fileId":"26mXYOBeJFfYduf4vnEq20"},"_contentSize":{"__type__":"cc.Size","width":99.968,"height":100},"_trs":{"__type__":"TypedArray","ctor":"Float64Array","array":[-550.4,176,0,0,0,0,1,1,1,1]}},{"__type__":"cc.Node","_name":"Node_Player","_parent":{"__id__":47},"_children":[{"__id__":49},{"__id__":50},{"__id__":51},{"__id__":52},{"__id__":53},{"__id__":55},{"__id__":56},{"__id__":58},{"__id__":59},{"__id__":61},{"__id__":62},{"__id__":63},{"__id__":65}],"_components":[{"__id__":66}],"_prefab":{"__type__":"cc.PrefabInfo","root":{"__id__":1},"asset":{"__uuid__":"afZp6vyKhJpbDoliuVtGVh"},"fileId":"039aXp4ldIlIoaLqmYfpCH"},"_anchorPoint":{"__type__":"cc.Vec2"},"_trs":{"__type__":"TypedArray","ctor":"Float64Array","array":[1.709452800000001,0.8800000000000026,0,0,0,0,1,1,1,1]}},{"__type__":"cc.Node","_name":"Image_1","_parent":{"__id__":48},"_components":[{"__type__":"cc.Sprite","node":{"__id__":49},"_materials":[{"__uuid__":"ecpdLyjvZBwrvm+cedCcQy"}],"_spriteFrame":{"__uuid__":"21P7cGIFtONoYiQkUrv4IQ"},"_sizeMode":0,"_isTrimmedMode":false}],"_prefab":{"__type__":"cc.PrefabInfo","root":{"__id__":1},"asset":{"__uuid__":"afZp6vyKhJpbDoliuVtGVh"},"fileId":"27GSO7A0hNpI+381W6bEWV"},"_contentSize":{"__type__":"cc.Size","width":99,"height":103},"_trs":{"__type__":"TypedArray","ctor":"Float64Array","array":[0,0,0,0,0,0,1,1,1,1]}},{"__type__":"cc.Node","_name":"Image_2","_parent":{"__id__":48},"_components":[{"__type__":"cc.Sprite","node":{"__id__":50},"_materials":[{"__uuid__":"ecpdLyjvZBwrvm+cedCcQy"}],"_spriteFrame":{"__uuid__":"53nd/QqA1JXp1AXfX0F0UN"},"_sizeMode":0,"_isTrimmedMode":false}],"_prefab":{"__type__":"cc.PrefabInfo","root":{"__id__":1},"asset":{"__uuid__":"afZp6vyKhJpbDoliuVtGVh"},"fileId":"d0Hb+P9eZIroVjty9M6NuJ"},"_contentSize":{"__type__":"cc.Size","width":184,"height":47},"_trs":{"__type__":"TypedArray","ctor":"Float64Array","array":[-0.715,-102.79,0,0,0,0,1,0.6,0.6,1]}},{"__type__":"cc.Node","_name":"Image_infobg1","_parent":{"__id__":48},"_components":[{"__type__":"cc.Sprite","node":{"__id__":51},"_materials":[{"__uuid__":"ecpdLyjvZBwrvm+cedCcQy"}],"_spriteFrame":{"__uuid__":"f06vs2xhFFEpCNxWPgMbhb"},"_type":1,"_sizeMode":0,"_isTrimmedMode":false}],"_prefab":{"__type__":"cc.PrefabInfo","root":{"__id__":1},"asset":{"__uuid__":"afZp6vyKhJpbDoliuVtGVh"},"fileId":"bf3QEr9CRKXbwOragew9XP"},"_opacity":204,"_contentSize":{"__type__":"cc.Size","width":84,"height":45},"_trs":{"__type__":"TypedArray","ctor":"Float64Array","array":[-30.4668,-103.0185,0,0,0,0,1,0.6,0.6,1]}},{"__type__":"cc.Node","_name":"Image_infobg2","_parent":{"__id__":48},"_components":[{"__type__":"cc.Sprite","node":{"__id__":52},"_materials":[{"__uuid__":"ecpdLyjvZBwrvm+cedCcQy"}],"_spriteFrame":{"__uuid__":"53nd/QqA1JXp1AXfX0F0UN"},"_sizeMode":0,"_isTrimmedMode":false}],"_prefab":{"__type__":"cc.PrefabInfo","root":{"__id__":1},"asset":{"__uuid__":"afZp6vyKhJpbDoliuVtGVh"},"fileId":"6agIVGEPNKLbGLZCSieacv"},"_contentSize":{"__type__":"cc.Size","width":184,"height":47},"_trs":{"__type__":"TypedArray","ctor":"Float64Array","array":[0,-69.7317,0,0,0,0,1,0.6,0.6,1]}},{"__type__":"cc.Node","_name":"headIcon","_parent":{"__id__":48},"_components":[{"__id__":54}],"_prefab":{"__type__":"cc.PrefabInfo","root":{"__id__":1},"asset":{"__uuid__":"afZp6vyKhJpbDoliuVtGVh"},"fileId":"fcnGWuD0ZFwqRWp8+uvHHw"},"_contentSize":{"__type__":"cc.Size","width":99,"height":103},"_trs":{"__type__":"TypedArray","ctor":"Float64Array","array":[0,0,0,0,0,0,1,1,1,1]}},{"__type__":"cc.Sprite","node":{"__id__":53},"_materials":[{"__uuid__":"ecpdLyjvZBwrvm+cedCcQy"}],"_sizeMode":0},{"__type__":"cc.Node","_name":"Button_Player","_parent":{"__id__":48},"_components":[{"__type__":"cc.Button","node":{"__id__":55},"_normalMaterial":{"__uuid__":"ecpdLyjvZBwrvm+cedCcQy"},"clickEvents":[{"__type__":"cc.ClickEvent","target":{"__id__":47},"_componentId":"619e3GS9/1Aor5K00Xb8Hay","handler":"onBtnClick"}],"_N$target":{"__id__":55}}],"_prefab":{"__type__":"cc.PrefabInfo","root":{"__id__":1},"asset":{"__uuid__":"afZp6vyKhJpbDoliuVtGVh"},"fileId":"e5BgJnbbVJZ4uNfm9VhGMW"},"_contentSize":{"__type__":"cc.Size","width":100,"height":100},"_trs":{"__type__":"TypedArray","ctor":"Float64Array","array":[0.7377,0,0,0,0,0,1,1,1,1]}},{"__type__":"cc.Node","_name":"moneyStr","_parent":{"__id__":48},"_components":[{"__id__":57}],"_prefab":{"__type__":"cc.PrefabInfo","root":{"__id__":1},"asset":{"__uuid__":"afZp6vyKhJpbDoliuVtGVh"},"fileId":"bdwdIF8zBPZ5VgNacuIwlc"},"_color":{"__type__":"cc.Color","r":255,"g":223},"_contentSize":{"__type__":"cc.Size","width":40.04,"height":30.24},"_trs":{"__type__":"TypedArray","ctor":"Float64Array","array":[24.2932,-103,0,0,0,0,1,1,1,1]}},{"__type__":"cc.Label","node":{"__id__":56},"_materials":[{"__uuid__":"ecpdLyjvZBwrvm+cedCcQy"}],"_string":"100","_N$string":"100","_fontSize":24,"_lineHeight":24,"_N$horizontalAlign":1,"_N$verticalAlign":1},{"__type__":"cc.Node","_name":"Image_jindou","_parent":{"__id__":48},"_active":false,"_components":[{"__type__":"cc.Sprite","node":{"__id__":58},"_spriteFrame":{"__uuid__":"49hh4lGu9IZJTOBOGK+sSe"},"_sizeMode":0,"_isTrimmedMode":false}],"_prefab":{"__type__":"cc.PrefabInfo","root":{"__id__":1},"asset":{"__uuid__":"afZp6vyKhJpbDoliuVtGVh"},"fileId":"d8Bh/+4YpDdYy9ZB0JBjiQ"},"_contentSize":{"__type__":"cc.Size","width":60,"height":46},"_trs":{"__type__":"TypedArray","ctor":"Float64Array","array":[-41.0055,-103.5701,0,0,0,0,1,0.8,0.8,1]}},{"__type__":"cc.Node","_name":"nameStr","_parent":{"__id__":48},"_components":[{"__id__":60}],"_prefab":{"__type__":"cc.PrefabInfo","root":{"__id__":1},"asset":{"__uuid__":"afZp6vyKhJpbDoliuVtGVh"},"fileId":"61oUBlIh9K37b2G5zOZaQV"},"_contentSize":{"__type__":"cc.Size","width":78,"height":32.76},"_trs":{"__type__":"TypedArray","ctor":"Float64Array","array":[0,-68.7795,0,0,0,0,1,1.04,1,1]}},{"__type__":"cc.Label","node":{"__id__":59},"_materials":[{"__uuid__":"ecpdLyjvZBwrvm+cedCcQy"}],"_string":"小白云","_N$string":"小白云","_fontSize":26,"_lineHeight":26,"_N$horizontalAlign":1,"_N$verticalAlign":1},{"__type__":"cc.Node","_name":"Image_online","_parent":{"__id__":48},"_active":false,"_components":[{"__type__":"cc.Sprite","node":{"__id__":61},"_spriteFrame":{"__uuid__":"00Bv5yeqVKirK30Yvo1lx1"},"_sizeMode":0,"_isTrimmedMode":false}],"_prefab":{"__type__":"cc.PrefabInfo","root":{"__id__":1},"asset":{"__uuid__":"afZp6vyKhJpbDoliuVtGVh"},"fileId":"c4yl1ldX5LhaxKOzmiDGi7"},"_contentSize":{"__type__":"cc.Size","width":71,"height":40},"_trs":{"__type__":"TypedArray","ctor":"Float64Array","array":[0,-2,0,0,0,0,1,1,1,1]}},{"__type__":"cc.Node","_name":"Image_3","_parent":{"__id__":48},"_components":[{"__type__":"cc.Sprite","node":{"__id__":62},"_materials":[{"__uuid__":"ecpdLyjvZBwrvm+cedCcQy"}],"_spriteFrame":{"__uuid__":"a6usLrP5VC75+mWIjQVBCE"},"_sizeMode":0,"_isTrimmedMode":false}],"_prefab":{"__type__":"cc.PrefabInfo","root":{"__id__":1},"asset":{"__uuid__":"afZp6vyKhJpbDoliuVtGVh"},"fileId":"beyhPr9VtFa733bofNTkUe"},"_contentSize":{"__type__":"cc.Size","width":109,"height":113},"_trs":{"__type__":"TypedArray","ctor":"Float64Array","array":[0,0,0,0,0,0,1,1,1,1]}},{"__type__":"cc.Node","_name":"Image_bird","_parent":{"__id__":48},"_active":false,"_components":[{"__id__":64}],"_prefab":{"__type__":"cc.PrefabInfo","root":{"__id__":1},"asset":{"__uuid__":"afZp6vyKhJpbDoliuVtGVh"},"fileId":"6fXUATz8RDS4ya7BirCbIU"},"_contentSize":{"__type__":"cc.Size","width":34,"height":57},"_trs":{"__type__":"TypedArray","ctor":"Float64Array","array":[-50,28,0,0,0,0,1,1,1,1]}},{"__type__":"cc.Sprite","node":{"__id__":63},"_spriteFrame":{"__uuid__":"c2NPEBAdlCHYi3ufJKMx6l"},"_sizeMode":0,"_isTrimmedMode":false},{"__type__":"cc.Node","_name":"zhuang","_parent":{"__id__":48},"_active":false,"_components":[{"__type__":"cc.Sprite","node":{"__id__":65},"_spriteFrame":{"__uuid__":"91nvMk035ODLs5B+6J+ODw"},"_sizeMode":2,"_isTrimmedMode":false}],"_prefab":{"__type__":"cc.PrefabInfo","root":{"__id__":1},"asset":{"__uuid__":"afZp6vyKhJpbDoliuVtGVh"},"fileId":"5aAA65HiZAb6pXnLBQv5GK"},"_contentSize":{"__type__":"cc.Size","width":48,"height":46},"_anchorPoint":{"__type__":"cc.Vec2","x":1,"y":1},"_trs":{"__type__":"TypedArray","ctor":"Float64Array","array":[68,72,0,0,0,0,1,1,1,1]}},{"__type__":"e7ea0+JxiVOmJPC/f+sCmmr","node":{"__id__":48},"headIcon":{"__id__":54}},{"__type__":"cc.Node","_name":"ready","_parent":{"__id__":47},"_components":[{"__type__":"sp.Skeleton","node":{"__id__":67},"_materials":[{"__uuid__":"7a/QZLET9IDreTiBfRn2PD"}],"defaultSkin":"default","defaultAnimation":"ready2","_preCacheMode":0,"premultipliedAlpha":false,"_animationName":"ready2","_N$skeletonData":{"__uuid__":"b5ARS1mNxBJZWfV+xRUHZo"}}],"_prefab":{"__type__":"cc.PrefabInfo","root":{"__id__":1},"asset":{"__uuid__":"afZp6vyKhJpbDoliuVtGVh"},"fileId":"8230Z0aVBOQJO/qttyZ1Lx"},"_trs":{"__type__":"TypedArray","ctor":"Float64Array","array":[0,0,0,0,0,0,1,1,1,1]}},{"__type__":"619e3GS9/1Aor5K00Xb8Hay","node":{"__id__":47},"clientSeatId":3,"playerHead":{"__id__":66},"Button_Player":{"__id__":55},"nameStr":{"__id__":60},"moneyStr":{"__id__":57},"onLine":{"__id__":61},"zhuang":{"__id__":65},"m_playbird":{"__id__":64},"ready":{"__id__":67}},{"__type__":"cc.Node","_name":"header1","_parent":{"__id__":1},"_children":[{"__id__":70},{"__id__":71},{"__id__":72},{"__id__":74},{"__id__":75},{"__id__":77},{"__id__":78}],"_components":[{"__type__":"cc.StudioWidget","node":{"__id__":69},"_alignFlags":12,"_bottom":0.8365,"_isAbsBottom":false}],"_prefab":{"__type__":"cc.PrefabInfo","root":{"__id__":1},"asset":{"__uuid__":"afZp6vyKhJpbDoliuVtGVh"},"fileId":"cer6BR7yJJGrOm52jaXaFp"},"_contentSize":{"__type__":"cc.Size","width":530,"height":132},"_anchorPoint":{"__type__":"cc.Vec2","y":1},"_trs":{"__type__":"TypedArray","ctor":"Float64Array","array":[-640,401.20000000000005,0,0,0,0,1,1,1,1]}},{"__type__":"cc.Node","_name":"Image_timebg","_parent":{"__id__":69},"_components":[{"__type__":"cc.Sprite","node":{"__id__":70},"_materials":[{"__uuid__":"ecpdLyjvZBwrvm+cedCcQy"}],"_spriteFrame":{"__uuid__":"2bpFlnVRpJr6OurkNgC2cf"},"_sizeMode":0,"_isTrimmedMode":false}],"_prefab":{"__type__":"cc.PrefabInfo","root":{"__id__":1},"asset":{"__uuid__":"afZp6vyKhJpbDoliuVtGVh"},"fileId":"9eDSP7O0xHOqUMOZcpLJt4"},"_contentSize":{"__type__":"cc.Size","width":95,"height":46},"_anchorPoint":{"__type__":"cc.Vec2","y":0.5},"_trs":{"__type__":"TypedArray","ctor":"Float64Array","array":[13.1688,-88.1101,0,0,0,0,1,1.2,1,1]}},{"__type__":"cc.Node","_name":"Image_info_bg","_parent":{"__id__":69},"_components":[{"__type__":"cc.Sprite","node":{"__id__":71},"_materials":[{"__uuid__":"ecpdLyjvZBwrvm+cedCcQy"}],"_spriteFrame":{"__uuid__":"f4ocl5IE5OTp7jLb/efmbF"},"_sizeMode":0,"_isTrimmedMode":false}],"_prefab":{"__type__":"cc.PrefabInfo","root":{"__id__":1},"asset":{"__uuid__":"afZp6vyKhJpbDoliuVtGVh"},"fileId":"b1ZYWfe99PyatqoCgV3ZIc"},"_contentSize":{"__type__":"cc.Size","width":430,"height":46},"_anchorPoint":{"__type__":"cc.Vec2","y":0.5},"_trs":{"__type__":"TypedArray","ctor":"Float64Array","array":[13.1688,-32.0001,0,0,0,0,1,1.26,1,1]}},{"__type__":"cc.Node","_name":"Text_Time","_parent":{"__id__":69},"_components":[{"__id__":73},{"__type__":"0dd32qbmWBMuLDPJJdKGmXV","node":{"__id__":72},"timeLabel":{"__id__":73}}],"_prefab":{"__type__":"cc.PrefabInfo","root":{"__id__":1},"asset":{"__uuid__":"afZp6vyKhJpbDoliuVtGVh"},"fileId":"04/SzrPOpLPZSN9+intHCd"},"_opacity":204,"_contentSize":{"__type__":"cc.Size","width":60.06,"height":30.24},"_anchorPoint":{"__type__":"cc.Vec2","y":0.5},"_trs":{"__type__":"TypedArray","ctor":"Float64Array","array":[55,-88.0958,0,0,0,0,1,1,1,1]}},{"__type__":"cc.Label","node":{"__id__":72},"_materials":[{"__uuid__":"ecpdLyjvZBwrvm+cedCcQy"}],"_string":"19:54","_N$string":"19:54","_fontSize":24,"_lineHeight":24,"_N$horizontalAlign":1,"_N$verticalAlign":1},{"__type__":"cc.Node","_name":"Image_4","_parent":{"__id__":69},"_components":[{"__type__":"cc.Sprite","node":{"__id__":74},"_materials":[{"__uuid__":"ecpdLyjvZBwrvm+cedCcQy"}],"_spriteFrame":{"__uuid__":"e8KWKMOFhLGpk1glKhUxws"},"_sizeMode":0,"_isTrimmedMode":false}],"_prefab":{"__type__":"cc.PrefabInfo","root":{"__id__":1},"asset":{"__uuid__":"afZp6vyKhJpbDoliuVtGVh"},"fileId":"3a+H4jDhlH8Itg/Kz9uacx"},"_contentSize":{"__type__":"cc.Size","width":28,"height":28},"_trs":{"__type__":"TypedArray","ctor":"Float64Array","array":[34,-32.18539999999999,0,0,0,0,1,1,1,1]}},{"__type__":"cc.Node","_name":"Text_roominfo","_parent":{"__id__":69},"_components":[{"__id__":76}],"_prefab":{"__type__":"cc.PrefabInfo","root":{"__id__":1},"asset":{"__uuid__":"afZp6vyKhJpbDoliuVtGVh"},"fileId":"4bZAs45TVJbLksnGhhPZ2/"},"_opacity":204,"_contentSize":{"__type__":"cc.Size","width":140,"height":35.28},"_anchorPoint":{"__type__":"cc.Vec2","y":0.5},"_trs":{"__type__":"TypedArray","ctor":"Float64Array","array":[57,-31.999799999999993,0,0,0,0,1,1,1,1]}},{"__type__":"cc.Label","node":{"__id__":75},"_materials":[{"__uuid__":"ecpdLyjvZBwrvm+cedCcQy"}],"_string":"跑得快经典","_N$string":"跑得快经典","_fontSize":28,"_lineHeight":28,"_N$horizontalAlign":1,"_N$verticalAlign":1},{"__type__":"cc.Node","_name":"Image_1","_parent":{"__id__":69},"_components":[{"__type__":"cc.Sprite","node":{"__id__":77},"_materials":[{"__uuid__":"ecpdLyjvZBwrvm+cedCcQy"}],"_spriteFrame":{"__uuid__":"9fm+BpupVJqpGKsLXifIO4"},"_sizeMode":0,"_isTrimmedMode":false}],"_prefab":{"__type__":"cc.PrefabInfo","root":{"__id__":1},"asset":{"__uuid__":"afZp6vyKhJpbDoliuVtGVh"},"fileId":"dafENJNxBFQ4ruhcrTn8+A"},"_contentSize":{"__type__":"cc.Size","width":28,"height":28},"_trs":{"__type__":"TypedArray","ctor":"Float64Array","array":[32,-87.8558,0,0,0,0,1,1,1,1]}},{"__type__":"cc.Node","_name":"rulesBtn","_parent":{"__id__":69},"_components":[{"__type__":"cc.Button","node":{"__id__":78},"clickEvents":[{"__type__":"cc.ClickEvent","target":{"__id__":1},"_componentId":"efdedaHcOhBb5GtJ8aYlmxg","handler":"showGameRules"}],"_N$target":{"__id__":78}}],"_prefab":{"__type__":"cc.PrefabInfo","root":{"__id__":1},"asset":{"__uuid__":"afZp6vyKhJpbDoliuVtGVh"},"fileId":"eeSgZMrh9FAoIAg9YU2odE"},"_contentSize":{"__type__":"cc.Size","width":530,"height":132},"_trs":{"__type__":"TypedArray","ctor":"Float64Array","array":[265,-66,0,0,0,0,1,1,1,1]}},{"__type__":"cc.Node","_name":"zhunbei","_parent":{"__id__":1},"_components":[{"__type__":"cc.Button","node":{"__id__":79},"_normalMaterial":{"__uuid__":"ecpdLyjvZBwrvm+cedCcQy"},"duration":0.05,"zoomScale":1.1,"clickEvents":[{"__type__":"cc.ClickEvent","target":{"__id__":1},"_componentId":"efdedaHcOhBb5GtJ8aYlmxg","handler":"onBtnClick","customEventData":"zhunbei"}],"_N$transition":3,"transition":3,"_N$target":{"__id__":79}},{"__type__":"cc.Sprite","node":{"__id__":79},"_materials":[{"__uuid__":"ecpdLyjvZBwrvm+cedCcQy"}],"_spriteFrame":{"__uuid__":"e4irjrB21FA6YW65G9XetV"}}],"_prefab":{"__type__":"cc.PrefabInfo","root":{"__id__":1},"asset":{"__uuid__":"afZp6vyKhJpbDoliuVtGVh"},"fileId":"86ORCez0FOBacN+1zl33sA"},"_contentSize":{"__type__":"cc.Size","width":237,"height":79},"_trs":{"__type__":"TypedArray","ctor":"Float64Array","array":[0,-152,0,0,0,0,1,1,1,1]}},{"__type__":"cc.Node","_name":"btn_ready","_parent":{"__id__":1},"_active":false,"_components":[{"__type__":"cc.Button","node":{"__id__":80},"_normalMaterial":{"__uuid__":"ecpdLyjvZBwrvm+cedCcQy"},"duration":0.05,"zoomScale":1.1,"clickEvents":[{"__type__":"cc.ClickEvent","target":{"__id__":1},"_componentId":"efdedaHcOhBb5GtJ8aYlmxg","handler":"onBtnClick","customEventData":"btn_ready"}],"_N$transition":3,"transition":3,"_N$target":{"__id__":80}},{"__type__":"cc.Sprite","node":{"__id__":80},"_materials":[{"__uuid__":"ecpdLyjvZBwrvm+cedCcQy"}],"_spriteFrame":{"__uuid__":"17q4ujF1VJRZLjnDlAxpF2"}}],"_prefab":{"__type__":"cc.PrefabInfo","root":{"__id__":1},"asset":{"__uuid__":"afZp6vyKhJpbDoliuVtGVh"},"fileId":"91G1i8w6lI2YU7VxZRretm"},"_contentSize":{"__type__":"cc.Size","width":195,"height":71},"_trs":{"__type__":"TypedArray","ctor":"Float64Array","array":[0,-152,0,0,0,0,1,1.2,1.2,1]}},{"__type__":"cc.Node","_name":"tishi","_parent":{"__id__":1},"_active":false,"_components":[{"__type__":"cc.Button","node":{"__id__":81},"_normalMaterial":{"__uuid__":"ecpdLyjvZBwrvm+cedCcQy"},"duration":0.05,"zoomScale":1.1,"clickEvents":[{"__type__":"cc.ClickEvent","target":{"__id__":1},"_componentId":"efdedaHcOhBb5GtJ8aYlmxg","handler":"onBtnClick","customEventData":"tishi"}],"_N$transition":3,"transition":3,"_N$target":{"__id__":81}},{"__type__":"cc.Sprite","node":{"__id__":81},"_materials":[{"__uuid__":"ecpdLyjvZBwrvm+cedCcQy"}],"_spriteFrame":{"__uuid__":"8agvSHCyVBJpanNFPybIrd"}}],"_prefab":{"__type__":"cc.PrefabInfo","root":{"__id__":1},"asset":{"__uuid__":"afZp6vyKhJpbDoliuVtGVh"},"fileId":"f4gC5QRBdMapT0m9/2EE2Q"},"_contentSize":{"__type__":"cc.Size","width":237,"height":79},"_anchorPoint":{"__type__":"cc.Vec2","x":0.5},"_trs":{"__type__":"TypedArray","ctor":"Float64Array","array":[-166,-112,0,0,0,0,1,1,1,1]}},{"__type__":"cc.Node","_name":"chupai","_parent":{"__id__":1},"_active":false,"_components":[{"__type__":"cc.Button","node":{"__id__":82},"_normalMaterial":{"__uuid__":"ecpdLyjvZBwrvm+cedCcQy"},"duration":0.05,"zoomScale":1.1,"clickEvents":[{"__type__":"cc.ClickEvent","target":{"__id__":1},"_componentId":"efdedaHcOhBb5GtJ8aYlmxg","handler":"onBtnClick","customEventData":"chupai"}],"_N$transition":3,"transition":3,"_N$target":{"__id__":82}},{"__type__":"cc.Sprite","node":{"__id__":82},"_materials":[{"__uuid__":"ecpdLyjvZBwrvm+cedCcQy"}],"_spriteFrame":{"__uuid__":"00uNfH0u1KWogF2zSoDv3u"}}],"_prefab":{"__type__":"cc.PrefabInfo","root":{"__id__":1},"asset":{"__uuid__":"afZp6vyKhJpbDoliuVtGVh"},"fileId":"99gOBwPkdHAqiBWvSinUdH"},"_contentSize":{"__type__":"cc.Size","width":237,"height":79},"_anchorPoint":{"__type__":"cc.Vec2","x":0.5},"_trs":{"__type__":"TypedArray","ctor":"Float64Array","array":[166,-112,0,0,0,0,1,1,1,1]}},{"__type__":"cc.Node","_name":"Image_surplus","_parent":{"__id__":1},"_active":false,"_components":[{"__type__":"cc.StudioWidget","node":{"__id__":83},"_alignFlags":12,"_left":0.024700000000000007,"_bottom":0.6256499999999999,"_isAbsLeft":false,"_isAbsBottom":false},{"__type__":"cc.Sprite","node":{"__id__":83},"_materials":[{"__uuid__":"ecpdLyjvZBwrvm+cedCcQy"}],"_spriteFrame":{"__uuid__":"7f5DXphztCOob6Q4DZp9Q4"},"_sizeMode":0,"_isTrimmedMode":false}],"_prefab":{"__type__":"cc.PrefabInfo","root":{"__id__":1},"asset":{"__uuid__":"afZp6vyKhJpbDoliuVtGVh"},"fileId":"deG2hX5UtCoLr9Dmq6YAJQ"},"_contentSize":{"__type__":"cc.Size","width":116,"height":151},"_trs":{"__type__":"TypedArray","ctor":"Float64Array","array":[-561.984,160.91999999999993,0,0,0,0,1,0.8,0.8,1]}},{"__type__":"cc.Node","_name":"minStart","_parent":{"__id__":1},"_children":[{"__id__":85}],"_active":false,"_components":[{"__type__":"cc.Button","node":{"__id__":84},"_normalMaterial":{"__uuid__":"ecpdLyjvZBwrvm+cedCcQy"},"_grayMaterial":{"__uuid__":"3ae7efMv1CLq2ilvUY/tQi"},"duration":0.05,"zoomScale":1.1,"clickEvents":[{"__type__":"cc.ClickEvent","target":{"__id__":1},"_componentId":"efdedaHcOhBb5GtJ8aYlmxg","handler":"onBtnClick","customEventData":"minStart"}],"_N$enableAutoGrayEffect":true,"_N$transition":3,"transition":3,"_N$pressedColor":{"__type__":"cc.Color","r":255,"g":255,"b":255},"pressedColor":{"__type__":"cc.Color","r":255,"g":255,"b":255},"_N$disabledColor":{"__type__":"cc.Color","r":255,"g":255,"b":255},"_N$target":{"__id__":84}},{"__type__":"cc.Sprite","_name":"seatDownBtn<Sprite>","node":{"__id__":84},"_materials":[{"__uuid__":"ecpdLyjvZBwrvm+cedCcQy"}],"_spriteFrame":{"__uuid__":"ebL1jpO5dDOaRU9e1MZI1r"},"_sizeMode":0}],"_prefab":{"__type__":"cc.PrefabInfo","root":{"__id__":1},"asset":{"__uuid__":"afZp6vyKhJpbDoliuVtGVh"},"fileId":"9ehfOeE+tKBpqAjHk4JC3U"},"_contentSize":{"__type__":"cc.Size","width":250,"height":76},"_trs":{"__type__":"TypedArray","ctor":"Float64Array","array":[263,-63,0,0,0,0,1,1,1,1]}},{"__type__":"cc.Node","_name":"label","_parent":{"__id__":84},"_components":[{"__type__":"cc.Label","_name":"label<Label>","node":{"__id__":85},"_materials":[{"__uuid__":"ecpdLyjvZBwrvm+cedCcQy"}],"_string":"少人提前开","_N$string":"少人提前开","_fontSize":30,"_lineHeight":46,"_N$file":{"__uuid__":"fdmAMSTwdOm7YbZ/hyHZp1"},"_isSystemFontUsed":false,"_N$horizontalAlign":1,"_N$verticalAlign":1}],"_prefab":{"__type__":"cc.PrefabInfo","root":{"__id__":1},"asset":{"__uuid__":"afZp6vyKhJpbDoliuVtGVh"},"fileId":"fb9Ktzd3JIrZONTehhO+c5"},"_contentSize":{"__type__":"cc.Size","width":153.75,"height":46},"_trs":{"__type__":"TypedArray","ctor":"Float64Array","array":[-0.004,4,0,0,0,0,1,1,1,1]}},{"__type__":"cc.Node","_name":"play_bird1","_parent":{"__id__":1},"_active":false,"_components":[{"__type__":"cc.Button","node":{"__id__":86},"_normalMaterial":{"__uuid__":"ecpdLyjvZBwrvm+cedCcQy"},"duration":0.05,"zoomScale":1.1,"clickEvents":[{"__type__":"cc.ClickEvent","target":{"__id__":1},"_componentId":"efdedaHcOhBb5GtJ8aYlmxg","handler":"onBtnClick","customEventData":"play_bird1"}],"_N$transition":3,"transition":3,"_N$target":{"__id__":86}},{"__type__":"cc.Sprite","node":{"__id__":86},"_materials":[{"__uuid__":"ecpdLyjvZBwrvm+cedCcQy"}],"_spriteFrame":{"__uuid__":"81ooYYepVBxY6yIBlRn04M"}}],"_prefab":{"__type__":"cc.PrefabInfo","root":{"__id__":1},"asset":{"__uuid__":"afZp6vyKhJpbDoliuVtGVh"},"fileId":"c0MGxyJRhMNZAqhP42V9bO"},"_contentSize":{"__type__":"cc.Size","width":237,"height":79},"_trs":{"__type__":"TypedArray","ctor":"Float64Array","array":[0,-72,0,0,0,0,1,1,1,1]}},{"__type__":"cc.Node","_name":"play_bird2","_parent":{"__id__":1},"_active":false,"_components":[{"__type__":"cc.Button","node":{"__id__":87},"_normalMaterial":{"__uuid__":"ecpdLyjvZBwrvm+cedCcQy"},"duration":0.05,"zoomScale":1.1,"clickEvents":[{"__type__":"cc.ClickEvent","target":{"__id__":1},"_componentId":"efdedaHcOhBb5GtJ8aYlmxg","handler":"onBtnClick","customEventData":"play_bird2"}],"_N$transition":3,"transition":3,"_N$target":{"__id__":87}},{"__type__":"cc.Sprite","node":{"__id__":87},"_materials":[{"__uuid__":"ecpdLyjvZBwrvm+cedCcQy"}],"_spriteFrame":{"__uuid__":"1273OKm9xCUI0PIWc1Kf62"}}],"_prefab":{"__type__":"cc.PrefabInfo","root":{"__id__":1},"asset":{"__uuid__":"afZp6vyKhJpbDoliuVtGVh"},"fileId":"49MEd/+6RF65gIMTFISbjH"},"_contentSize":{"__type__":"cc.Size","width":237,"height":79},"_trs":{"__type__":"TypedArray","ctor":"Float64Array","array":[245,-72,0,0,0,0,1,1,1,1]}},{"__type__":"cc.Node","_name":"play_bird0","_parent":{"__id__":1},"_active":false,"_components":[{"__type__":"cc.Button","node":{"__id__":88},"_normalMaterial":{"__uuid__":"ecpdLyjvZBwrvm+cedCcQy"},"duration":0.05,"zoomScale":1.1,"clickEvents":[{"__type__":"cc.ClickEvent","target":{"__id__":1},"_componentId":"efdedaHcOhBb5GtJ8aYlmxg","handler":"onBtnClick","customEventData":"play_bird0"}],"_N$transition":3,"transition":3,"_N$target":{"__id__":88}},{"__type__":"cc.Sprite","node":{"__id__":88},"_materials":[{"__uuid__":"ecpdLyjvZBwrvm+cedCcQy"}],"_spriteFrame":{"__uuid__":"bfcDW+2OBGzLPRCtOvyz/n"}}],"_prefab":{"__type__":"cc.PrefabInfo","root":{"__id__":1},"asset":{"__uuid__":"afZp6vyKhJpbDoliuVtGVh"},"fileId":"52Imtwy41Ml5US6JK8Nmjx"},"_contentSize":{"__type__":"cc.Size","width":237,"height":79},"_trs":{"__type__":"TypedArray","ctor":"Float64Array","array":[-245,-72,0,0,0,0,1,1,1,1]}},{"__type__":"cc.Node","_name":"seatDownBtn","_parent":{"__id__":1},"_children":[{"__id__":90}],"_active":false,"_components":[{"__type__":"cc.Button","node":{"__id__":89},"duration":0.05,"zoomScale":1.1,"clickEvents":[{"__type__":"cc.ClickEvent","target":{"__id__":1},"_componentId":"efdedaHcOhBb5GtJ8aYlmxg","handler":"onBtnClick","customEventData":"seatDownBtn"}],"_N$transition":3,"transition":3,"_N$pressedColor":{"__type__":"cc.Color","r":255,"g":255,"b":255},"pressedColor":{"__type__":"cc.Color","r":255,"g":255,"b":255},"_N$disabledColor":{"__type__":"cc.Color","r":255,"g":255,"b":255},"_N$target":{"__id__":89}},{"__type__":"cc.Sprite","_name":"seatDownBtn<Sprite>","node":{"__id__":89},"_materials":[{"__uuid__":"ecpdLyjvZBwrvm+cedCcQy"}],"_spriteFrame":{"__uuid__":"f6WUO4Vj5CjpIRFAmIdl70"},"_sizeMode":0}],"_prefab":{"__type__":"cc.PrefabInfo","root":{"__id__":1},"asset":{"__uuid__":"afZp6vyKhJpbDoliuVtGVh"},"fileId":"69M+ovFK1EPJh1NH4BTyvK"},"_contentSize":{"__type__":"cc.Size","width":250,"height":76},"_trs":{"__type__":"TypedArray","ctor":"Float64Array","array":[0,-63,0,0,0,0,1,1,1,1]}},{"__type__":"cc.Node","_name":"label","_parent":{"__id__":89},"_components":[{"__type__":"cc.Label","_name":"label<Label>","node":{"__id__":90},"_materials":[{"__uuid__":"ecpdLyjvZBwrvm+cedCcQy"}],"_string":"快速坐下","_N$string":"快速坐下","_fontSize":36,"_lineHeight":46,"_N$file":{"__uuid__":"41VA2r2p1B0qYgaGz1nBDl"},"_isSystemFontUsed":false,"_N$horizontalAlign":1,"_N$verticalAlign":1}],"_prefab":{"__type__":"cc.PrefabInfo","root":{"__id__":1},"asset":{"__uuid__":"afZp6vyKhJpbDoliuVtGVh"},"fileId":"ecdbVyWs5Eg5Mk7VXel9cQ"},"_contentSize":{"__type__":"cc.Size","width":148.5,"height":46},"_trs":{"__type__":"TypedArray","ctor":"Float64Array","array":[-0.004,4,0,0,0,0,1,1,1,1]}}]