{"__type__":"sp.SkeletonData","_name":"naozhongjingbao","_skeletonJson":{"skeleton":{"hash":"/clVzHxP5ZVOiH2kARZMShpSmzM","spine":"2.1.27","width":103,"height":105},"bones":[{"name":"root"},{"name":"0","parent":"root"},{"name":"A","parent":"root"}],"slots":[{"name":"images/jinbao","bone":"A","attachment":"images/naozhong"},{"name":"images/d2","bone":"0","blend":"additive"}],"skins":{"default":{"images/d2":{"images/d2":{"width":38,"height":39}},"images/jinbao":{"images/jinbao":{"width":95,"height":107},"images/naozhong":{"width":103,"height":105}}}},"animations":{"jingbao":{"slots":{"images/d2":{"attachment":[{"time":0,"name":"images/d2"}],"color":[{"time":0,"color":"ffffff6a"},{"time":0.0666,"color":"ffffff1c"},{"time":0.1666,"color":"ffffff66"},{"time":0.3333,"color":"ffffff14"},{"time":0.4333,"color":"ffffff35"},{"time":0.5666,"color":"ffffff45"},{"time":0.6666,"color":"ffffff6a"}]},"images/jinbao":{"attachment":[{"time":0,"name":"images/jinbao"}]}},"bones":{"0":{"rotate":[{"time":0,"angle":0}],"translate":[{"time":0,"x":0,"y":0}],"scale":[{"time":0,"x":1,"y":1},{"time":0.0666,"x":2.608,"y":2.608},{"time":0.4333,"x":3.176,"y":3.176},{"time":0.5666,"x":2.608,"y":2.608},{"time":0.6666,"x":1,"y":1}]},"A":{"rotate":[{"time":0,"angle":0}],"translate":[{"time":0,"x":0,"y":0}],"scale":[{"time":0,"x":1,"y":1}]}}},"naozhong":{"slots":{"images/jinbao":{"attachment":[{"time":0,"name":"images/naozhong"}]}},"bones":{"A":{"rotate":[{"time":0,"angle":14},{"time":0.0666,"angle":350}],"translate":[{"time":0,"x":0,"y":0}],"scale":[{"time":0,"x":1,"y":1}]}}}}},"_atlasText":"\nnaozhongjingbao.png\nsize: 245,111\nformat: RGBA8888\nfilter: Linear,Linear\nrepeat: none\nimages/d2\n  rotate: true\n  xy: 204, 71\n  size: 38, 39\n  orig: 38, 39\n  offset: 0, 0\n  index: -1\nimages/jinbao\n  rotate: false\n  xy: 107, 2\n  size: 95, 107\n  orig: 95, 107\n  offset: 0, 0\n  index: -1\nimages/naozhong\n  rotate: false\n  xy: 2, 4\n  size: 103, 105\n  orig: 103, 105\n  offset: 0, 0\n  index: -1\n","textures":[{"__uuid__":"e6P3ORQwBMWpKQ6ZDEBuc2"}],"textureNames":["naozhongjingbao.png"]}