{"__type__":"sp.SkeletonData","_name":"qizi","_skeletonJson":{"skeleton":{"hash":"WNs0Hvz7Rjdc53M5CqPIhd6/TMw","spine":"2.1.27","width":0,"height":0,"images":""},"bones":[{"name":"root"},{"name":"A","parent":"root"},{"name":"C","parent":"root","scaleX":46.48,"scaleY":46.48},{"name":"G","parent":"root","x":-1.92,"y":-13.85},{"name":"P","parent":"root","x":69.13,"y":50.14,"rotation":-22.19},{"name":"T","parent":"root"},{"name":"0","parent":"A","scaleX":2.299,"scaleY":2.299},{"name":"1","parent":"A","scaleX":2.299,"scaleY":2.299},{"name":"L_L","parent":"A","scaleX":2.299,"scaleY":2.299},{"name":"L_L2","parent":"A","scaleX":2.299,"scaleY":2.299},{"name":"L_r","parent":"A","scaleX":2.299,"scaleY":2.299},{"name":"L_r2","parent":"A","scaleX":2.299,"scaleY":2.299},{"name":"di","parent":"A","scaleX":2.1,"scaleY":1.5},{"name":"di2","parent":"A","scaleX":1.5,"scaleY":1.5},{"name":"di3","parent":"A","scaleX":2.1,"scaleY":1.5},{"name":"kai","parent":"A"},{"name":"kai2","parent":"A"},{"name":"p1","parent":"P","rotation":17.76},{"name":"p2","parent":"P","x":19.05,"y":3.8},{"name":"p3","parent":"P","x":38.12,"y":-2.53,"rotation":-19.19},{"name":"t1","parent":"T","x":-16.58},{"name":"t2","parent":"T","x":16.58}],"slots":[{"name":"images/hhh","bone":"C"},{"name":"images/G1","bone":"G","blend":"additive"},{"name":"images/di","bone":"di","blend":"additive"},{"name":"images/di2","bone":"di2"},{"name":"images/di3","bone":"di3","blend":"additive"},{"name":"images/L","bone":"t1"},{"name":"images/L2","bone":"t2"},{"name":"images/0","bone":"0","blend":"additive"},{"name":"images/5","bone":"1","blend":"additive"},{"name":"images/d1","bone":"L_r","blend":"additive"},{"name":"images/d4","bone":"L_r2","blend":"additive"},{"name":"images/d2","bone":"L_L","blend":"additive"},{"name":"images/d3","bone":"L_L2","blend":"additive"},{"name":"images/p1","bone":"p1"},{"name":"images/p2","bone":"p2"},{"name":"images/p3","bone":"p3"},{"name":"images/kai","bone":"kai"},{"name":"images/kai2","bone":"kai2","blend":"additive"}],"skins":{"default":{"images/0":{"images/0":{"width":194,"height":194}},"images/5":{"images/0":{"width":194,"height":194}},"images/G1":{"images/G1":{"x":1.92,"y":13.85,"width":227,"height":227}},"images/L":{"images/L":{"x":16.58,"width":106,"height":299}},"images/L2":{"images/L":{"x":-16.58,"scaleX":-1,"width":106,"height":299}},"images/d1":{"images/d1":{"scaleX":0.434,"scaleY":0.434,"width":74,"height":76}},"images/d2":{"images/d2":{"scaleX":0.434,"scaleY":0.434,"width":74,"height":76}},"images/d3":{"images/d2":{"scaleX":0.434,"scaleY":0.434,"width":74,"height":76}},"images/d4":{"images/d1":{"scaleX":0.434,"scaleY":0.434,"width":74,"height":76}},"images/di":{"images/di":{"width":770,"height":184}},"images/di2":{"images/D":{"scaleX":0.666,"scaleY":0.666,"width":381,"height":286}},"images/di3":{"images/D":{"scaleX":0.476,"scaleY":0.666,"width":381,"height":286}},"images/hhh":{"images/hhh":{"scaleX":1.003,"scaleY":1.003,"width":58,"height":37}},"images/kai":{"images/kai":{"width":502,"height":165}},"images/kai2":{"images/kai":{"width":502,"height":165}},"images/p1":{"images/p1":{"y":35.81,"width":92,"height":111}},"images/p2":{"images/p2":{"y":35.96,"width":81,"height":104}},"images/p3":{"images/p3":{"y":35.29,"width":83,"height":104}}}},"animations":{"ready":{"slots":{"images/0":{"attachment":[{"time":0,"name":null},{"time":0.5,"name":"images/0"}],"color":[{"time":0,"color":"ffffffff"},{"time":0.5,"color":"ffffff00"},{"time":0.6,"color":"ffffff8c"},{"time":1.2333,"color":"ffffff00"}]},"images/G1":{"attachment":[{"time":0,"name":null},{"time":0.2333,"name":"images/G1"}],"color":[{"time":0,"color":"fff17900","curve":"stepped"},{"time":0.2333,"color":"fff17900"},{"time":0.6666,"color":"fff17947"},{"time":1.6666,"color":"fff17900"}]},"images/L":{"attachment":[{"time":0,"name":null},{"time":0.4,"name":"images/L"},{"time":0.8666,"name":"images/L"}],"color":[{"time":0,"color":"ffffff3b","curve":"stepped"},{"time":0.4,"color":"ffffff3b"},{"time":0.5,"color":"ffffffff","curve":"stepped"},{"time":0.8666,"color":"ffffffff"},{"time":1.2666,"color":"ffffff00"}]},"images/L2":{"attachment":[{"time":0,"name":null},{"time":0.4,"name":"images/L"},{"time":0.8666,"name":"images/L"}],"color":[{"time":0,"color":"ffffff3b","curve":"stepped"},{"time":0.4,"color":"ffffff3b"},{"time":0.5,"color":"ffffffff","curve":"stepped"},{"time":0.8666,"color":"ffffffff"},{"time":1.3,"color":"ffffff00"}]},"images/d1":{"attachment":[{"time":0,"name":"images/d1"}],"color":[{"time":0,"color":"ffffff00"},{"time":0.0666,"color":"ffffff94"},{"time":0.7,"color":"ffffff00"}]},"images/d2":{"attachment":[{"time":0,"name":"images/d2"}],"color":[{"time":0,"color":"ffffff00"},{"time":0.0666,"color":"ffffff97"},{"time":0.7,"color":"ffffff00"}]},"images/d3":{"attachment":[{"time":0,"name":null},{"time":0.1666,"name":"images/d2"}],"color":[{"time":0,"color":"ffffff00"},{"time":0.1666,"color":"ffffff3f"},{"time":0.4,"color":"ffffff00"}]},"images/d4":{"attachment":[{"time":0,"name":null},{"time":0.1666,"name":"images/d1"}],"color":[{"time":0,"color":"ffffff90"},{"time":0.1666,"color":"ffffff36"},{"time":0.4,"color":"ffffff00"}]},"images/di":{"attachment":[{"time":0,"name":"images/di"}],"color":[{"time":0,"color":"ffffff99"},{"time":0.2,"color":"ffffffff","curve":"stepped"},{"time":0.3,"color":"ffffffff"},{"time":1.5,"color":"ffffff00"}]},"images/di2":{"attachment":[{"time":0,"name":null},{"time":0.1333,"name":"images/D"}],"color":[{"time":0,"color":"ffffff00","curve":"stepped"},{"time":0.1333,"color":"ffffff00"},{"time":0.3333,"color":"ffffffff","curve":"stepped"},{"time":1.0333,"color":"ffffffff"},{"time":1.5666,"color":"ffffff00"}]},"images/hhh":{"attachment":[{"time":0,"name":"images/hhh"},{"time":1.6666,"name":null}],"color":[{"time":0,"color":"ffffffa0","curve":"stepped"},{"time":1,"color":"ffffffa0"},{"time":1.6666,"color":"ffffff00"}]},"images/kai":{"attachment":[{"time":0,"name":"images/kai"}],"color":[{"time":0,"color":"ffffff00"},{"time":0.2,"color":"ffffffff","curve":"stepped"},{"time":1.1333,"color":"ffffffff"},{"time":1.5333,"color":"ffffff00"}]},"images/kai2":{"attachment":[{"time":0,"name":null},{"time":0.4333,"name":"images/kai"},{"time":1,"name":null}],"color":[{"time":0,"color":"ffffff00","curve":"stepped"},{"time":0.4333,"color":"ffffff00"},{"time":0.6333,"color":"ffffff66"},{"time":1,"color":"ffffff00"}]},"images/p1":{"attachment":[{"time":0.3333,"name":null},{"time":0.5,"name":"images/p1"},{"time":0.6666,"name":"images/p1"},{"time":0.9,"name":"images/p1"}],"color":[{"time":0.3333,"color":"ffffffff","curve":"stepped"},{"time":0.9,"color":"ffffffff","curve":"stepped"},{"time":1.2,"color":"ffffffff"},{"time":1.5,"color":"ffffff00"}]},"images/p2":{"attachment":[{"time":0.3333,"name":null},{"time":0.5,"name":"images/p2"},{"time":0.6666,"name":"images/p2"},{"time":0.9,"name":"images/p2"}],"color":[{"time":0.3333,"color":"ffffffff","curve":"stepped"},{"time":0.9,"color":"ffffffff","curve":"stepped"},{"time":1.2,"color":"ffffffff"},{"time":1.5,"color":"ffffff00"}]},"images/p3":{"attachment":[{"time":0.3333,"name":null},{"time":0.5,"name":"images/p3"},{"time":0.6666,"name":"images/p3"},{"time":0.9,"name":"images/p3"}],"color":[{"time":0.3333,"color":"ffffffff","curve":"stepped"},{"time":0.9,"color":"ffffffff","curve":"stepped"},{"time":1.2,"color":"ffffffff"},{"time":1.5,"color":"ffffff00"}]}},"bones":{"0":{"rotate":[{"time":0,"angle":0,"curve":"stepped"},{"time":0.5,"angle":0}],"translate":[{"time":0,"x":0,"y":0,"curve":"stepped"},{"time":0.5,"x":0,"y":0}],"scale":[{"time":0,"x":1,"y":1},{"time":0.5,"x":0.46,"y":0.46},{"time":0.6,"x":1.362,"y":1.362},{"time":1.2333,"x":1.639,"y":1.639}]},"kai":{"rotate":[{"time":0,"angle":0,"curve":"stepped"},{"time":0.1666,"angle":0,"curve":"stepped"},{"time":0.2666,"angle":0}],"translate":[{"time":0,"x":0,"y":0,"curve":"stepped"},{"time":0.1666,"x":0,"y":0,"curve":"stepped"},{"time":0.2666,"x":0,"y":0}],"scale":[{"time":0,"x":13.68,"y":13.68},{"time":0.1666,"x":0.75,"y":0.743},{"time":0.2666,"x":1,"y":1}]},"di":{"rotate":[{"time":0,"angle":0,"curve":"stepped"},{"time":0.2,"angle":0}],"translate":[{"time":0,"x":0,"y":0,"curve":"stepped"},{"time":0.2,"x":0,"y":0}],"scale":[{"time":0,"x":0.033,"y":0.892},{"time":0.2,"x":1,"y":1},{"time":0.9333,"x":2.249,"y":1},{"time":1.5,"x":2.804,"y":1}]},"L_L":{"rotate":[{"time":0,"angle":0}],"translate":[{"time":0,"x":0,"y":0},{"time":0.0666,"x":-260,"y":0}],"scale":[{"time":0,"x":1,"y":1},{"time":0.0666,"x":9.045,"y":0.535},{"time":0.7,"x":20.819,"y":0.041}]},"L_r":{"rotate":[{"time":0,"angle":0}],"translate":[{"time":0,"x":332.61,"y":0},{"time":0.0666,"x":354.28,"y":0}],"scale":[{"time":0,"x":1,"y":1},{"time":0.0666,"x":10.973,"y":0.397},{"time":0.7,"x":22.314,"y":0.019}]},"C":{"rotate":[{"time":0,"angle":0}],"translate":[{"time":0,"x":0,"y":0}],"scale":[{"time":0,"x":1.4,"y":1.4}]},"L_L2":{"rotate":[{"time":0,"angle":0}],"translate":[{"time":0,"x":0,"y":0},{"time":0.1666,"x":-51.81,"y":0}],"scale":[{"time":0,"x":1,"y":1},{"time":0.1666,"x":8.384,"y":7.101}]},"L_r2":{"rotate":[{"time":0,"angle":0,"curve":"stepped"},{"time":0.1666,"angle":0}],"translate":[{"time":0,"x":0,"y":0},{"time":0.1666,"x":86.58,"y":0}],"scale":[{"time":0,"x":1,"y":1},{"time":0.1666,"x":6.977,"y":4.763}]},"p1":{"rotate":[{"time":0.3333,"angle":3,"curve":"stepped"},{"time":0.5,"angle":3,"curve":"stepped"},{"time":0.6666,"angle":3},{"time":0.9,"angle":0}],"translate":[{"time":0.3333,"x":0,"y":0,"curve":"stepped"},{"time":0.5,"x":0,"y":0,"curve":"stepped"},{"time":0.6666,"x":0,"y":0,"curve":"stepped"},{"time":0.9,"x":0,"y":0}],"scale":[{"time":0.3333,"x":1,"y":1,"curve":"stepped"},{"time":0.5,"x":1,"y":1,"curve":"stepped"},{"time":0.6666,"x":1,"y":1,"curve":"stepped"},{"time":0.9,"x":1,"y":1}]},"kai2":{"rotate":[{"time":0,"angle":0,"curve":"stepped"},{"time":0.4333,"angle":0}],"translate":[{"time":0,"x":0,"y":0,"curve":"stepped"},{"time":0.4333,"x":0,"y":0}],"scale":[{"time":0,"x":1,"y":1,"curve":"stepped"},{"time":0.4333,"x":1,"y":1}]},"di2":{"rotate":[{"time":0,"angle":0,"curve":"stepped"},{"time":0.1333,"angle":0}],"translate":[{"time":0,"x":0,"y":489.82,"curve":"stepped"},{"time":0.1333,"x":0,"y":489.82},{"time":0.3333,"x":0,"y":-30},{"time":0.4666,"x":0,"y":3},{"time":0.6,"x":0,"y":0}],"scale":[{"time":0,"x":1,"y":1,"curve":"stepped"},{"time":0.1333,"x":1,"y":1}]},"p3":{"rotate":[{"time":0.3333,"angle":36.95,"curve":"stepped"},{"time":0.5,"angle":36.95,"curve":"stepped"},{"time":0.6666,"angle":36.95},{"time":0.9,"angle":0}],"translate":[{"time":0.3333,"x":-33.67,"y":-0.58,"curve":"stepped"},{"time":0.5,"x":-33.67,"y":-0.58,"curve":"stepped"},{"time":0.6666,"x":-33.67,"y":-0.58},{"time":0.9,"x":0,"y":0}],"scale":[{"time":0.3333,"x":1,"y":1,"curve":"stepped"},{"time":0.5,"x":1,"y":1,"curve":"stepped"},{"time":0.6666,"x":1,"y":1,"curve":"stepped"},{"time":0.9,"x":1,"y":1}]},"p2":{"rotate":[{"time":0.3333,"angle":15.91,"curve":"stepped"},{"time":0.5,"angle":15.91,"curve":"stepped"},{"time":0.6666,"angle":15.91},{"time":0.9,"angle":0}],"translate":[{"time":0.3333,"x":-15.77,"y":-4.23,"curve":"stepped"},{"time":0.5,"x":-15.77,"y":-4.23,"curve":"stepped"},{"time":0.6666,"x":-15.77,"y":-4.23},{"time":0.9,"x":0,"y":0}],"scale":[{"time":0.3333,"x":1,"y":1,"curve":"stepped"},{"time":0.5,"x":1,"y":1,"curve":"stepped"},{"time":0.6666,"x":1,"y":1}]},"P":{"rotate":[{"time":0.3333,"angle":0},{"time":0.5,"angle":-158.92},{"time":0.6666,"angle":33.18},{"time":0.8,"angle":0}],"translate":[{"time":0.3333,"x":-63.23,"y":-5.96}],"scale":[{"time":0.3333,"x":1,"y":1}]},"G":{"rotate":[{"time":0,"angle":0,"curve":"stepped"},{"time":0.2333,"angle":0},{"time":1.6666,"angle":-23}],"translate":[{"time":0,"x":0,"y":0,"curve":"stepped"},{"time":0.2333,"x":0,"y":0}],"scale":[{"time":0,"x":1,"y":1,"curve":"stepped"},{"time":0.2333,"x":1,"y":1},{"time":0.5333,"x":2.823,"y":2.823}]},"t1":{"rotate":[{"time":0,"angle":0,"curve":"stepped"},{"time":0.4,"angle":0}],"translate":[{"time":0,"x":40.51,"y":0},{"time":0.4,"x":16.58,"y":0},{"time":0.5,"x":-151.98,"y":0},{"time":0.8666,"x":-236.41,"y":0}],"scale":[{"time":0,"x":1,"y":1,"curve":"stepped"},{"time":0.4,"x":1,"y":1}]},"t2":{"rotate":[{"time":0,"angle":0,"curve":"stepped"},{"time":0.4,"angle":0}],"translate":[{"time":0,"x":-37.62,"y":0},{"time":0.4,"x":-16.58,"y":0},{"time":0.5,"x":151.98,"y":0},{"time":0.8666,"x":236.41,"y":0}],"scale":[{"time":0,"x":1,"y":1,"curve":"stepped"},{"time":0.4,"x":1,"y":1}]}}}}},"_atlasText":"\nqizi.png\nsize: 904,584\nformat: RGBA8888\nfilter: Linear,Linear\nrepeat: none\nimages/0\n  rotate: false\n  xy: 614, 35\n  size: 194, 194\n  orig: 194, 194\n  offset: 0, 0\n  index: -1\nimages/D\n  rotate: false\n  xy: 2, 110\n  size: 381, 286\n  orig: 381, 286\n  offset: 0, 0\n  index: -1\nimages/G1\n  rotate: false\n  xy: 385, 2\n  size: 227, 227\n  orig: 227, 227\n  offset: 0, 0\n  index: -1\nimages/L\n  rotate: true\n  xy: 2, 2\n  size: 106, 299\n  orig: 106, 299\n  offset: 0, 0\n  index: -1\nimages/d1\n  rotate: false\n  xy: 303, 32\n  size: 74, 76\n  orig: 74, 76\n  offset: 0, 0\n  index: -1\nimages/d2\n  rotate: false\n  xy: 774, 400\n  size: 74, 76\n  orig: 74, 76\n  offset: 0, 0\n  index: -1\nimages/di\n  rotate: false\n  xy: 2, 398\n  size: 770, 184\n  orig: 770, 184\n  offset: 0, 0\n  index: -1\nimages/hhh\n  rotate: true\n  xy: 859, 524\n  size: 58, 37\n  orig: 58, 37\n  offset: 0, 0\n  index: -1\nimages/kai\n  rotate: false\n  xy: 385, 231\n  size: 502, 165\n  orig: 502, 165\n  offset: 0, 0\n  index: -1\nimages/p1\n  rotate: false\n  xy: 810, 118\n  size: 92, 111\n  orig: 92, 111\n  offset: 0, 0\n  index: -1\nimages/p2\n  rotate: false\n  xy: 810, 12\n  size: 81, 104\n  orig: 81, 104\n  offset: 0, 0\n  index: -1\nimages/p3\n  rotate: false\n  xy: 774, 478\n  size: 83, 104\n  orig: 83, 104\n  offset: 0, 0\n  index: -1\n","textures":[{"__uuid__":"f15K07oHhMy4gXE5wrLbM2"}],"textureNames":["qizi.png"]}