[{"__type__":"cc.Prefab","_name":"PDKBalance","data":{"__id__":1}},{"__type__":"cc.Node","_name":"PDKBalance","_children":[{"__id__":2},{"__id__":3},{"__id__":4},{"__id__":5},{"__id__":9}],"_components":[{"__type__":"cc.Widget","node":{"__id__":1},"_alignFlags":45,"_originalWidth":1280,"_originalHeight":800}],"_prefab":{"__type__":"cc.PrefabInfo","root":{"__id__":1},"asset":{"__id__":0},"fileId":"97uSTltmRJEZ8pS54p2G2+"},"_contentSize":{"__type__":"cc.Size","width":1280,"height":800},"_trs":{"__type__":"TypedArray","ctor":"Float64Array","array":[0,0,0,0,0,0,1,1,1,1]},"_groupIndex":1,"groupIndex":1},{"__type__":"cc.Node","_name":"MaskSprite","_parent":{"__id__":1},"_components":[{"__type__":"cc.Sprite","node":{"__id__":2},"_materials":[{"__uuid__":"ecpdLyjvZBwrvm+cedCcQy"}],"_spriteFrame":{"__uuid__":"a2MjXRFdtLlYQ5ouAFv/+R"},"_sizeMode":0},{"__type__":"11b718w37hPSJCKcE/Qq3AF","node":{"__id__":2}},{"__type__":"cc.Widget","node":{"__id__":2},"_alignFlags":45,"_originalWidth":1920,"_originalHeight":960}],"_prefab":{"__type__":"cc.PrefabInfo","root":{"__id__":1},"asset":{"__id__":0},"fileId":"28HdRsqZBAh6UxvB3CFt9C"},"_opacity":120,"_color":{"__type__":"cc.Color"},"_contentSize":{"__type__":"cc.Size","width":1280,"height":800},"_trs":{"__type__":"TypedArray","ctor":"Float64Array","array":[0,0,0,0,0,0,1,1,1,1]},"_groupIndex":2,"groupIndex":2},{"__type__":"cc.Node","_name":"NodeArea","_parent":{"__id__":1},"_components":[{"__type__":"cc.Widget","node":{"__id__":3},"_alignFlags":45,"_originalWidth":735,"_originalHeight":428}],"_prefab":{"__type__":"cc.PrefabInfo","root":{"__id__":1},"asset":{"__id__":0},"fileId":"54cVsSAfJEW5SBUzZluYA5"},"_contentSize":{"__type__":"cc.Size","width":1280,"height":800},"_trs":{"__type__":"TypedArray","ctor":"Float64Array","array":[0,0,0,0,0,0,1,1,1,1]}},{"__type__":"cc.Node","_name":"Node_effect","_parent":{"__id__":1},"_components":[{"__type__":"cc.StudioWidget","node":{"__id__":4},"_alignFlags":12,"_bottom":0.002600000000000011,"_isAbsLeft":false,"_isAbsBottom":false}],"_prefab":{"__type__":"cc.PrefabInfo","root":{"__id__":1},"asset":{"__id__":0},"fileId":"d8UfSIxWNM+bqK4Dfdsddd"},"_anchorPoint":{"__type__":"cc.Vec2"},"_trs":{"__type__":"TypedArray","ctor":"Float64Array","array":[-640,-397.92,0,0,0,0,1,1,1,1]}},{"__type__":"cc.Node","_name":"timeNode","_parent":{"__id__":1},"_children":[{"__id__":6},{"__id__":7},{"__id__":8}],"_components":[{"__type__":"cc.StudioWidget","node":{"__id__":5},"_alignFlags":33,"_left":0.8258,"_right":2.9760000000001128,"_top":3.0399999999999636,"_bottom":0.8962,"_isAbsLeft":false,"_isAbsBottom":false,"_originalWidth":220}],"_prefab":{"__type__":"cc.PrefabInfo","root":{"__id__":1},"asset":{"__id__":0},"fileId":"18Z0dWzMFIoo986PuOwACx"},"_contentSize":{"__type__":"cc.Size","width":220,"height":80},"_anchorPoint":{"__type__":"cc.Vec2"},"_trs":{"__type__":"TypedArray","ctor":"Float64Array","array":[417.0239999999999,316.96000000000004,0,0,0,0,1,1,1,1]},"_groupIndex":2,"groupIndex":2},{"__type__":"cc.Node","_name":"Text_10","_parent":{"__id__":5},"_components":[{"__type__":"cc.Label","node":{"__id__":6},"_materials":[{"__uuid__":"ecpdLyjvZBwrvm+cedCcQy"}],"_string":"下一局游戏","_N$string":"下一局游戏","_fontSize":28,"_lineHeight":28,"_N$horizontalAlign":1,"_N$verticalAlign":1}],"_prefab":{"__type__":"cc.PrefabInfo","root":{"__id__":1},"asset":{"__id__":0},"fileId":"55yvsMUCtAE4myrV+sdq5S"},"_contentSize":{"__type__":"cc.Size","width":140,"height":35.28},"_trs":{"__type__":"TypedArray","ctor":"Float64Array","array":[81.6141,54.8937,0,0,0,0,1,1,1,1]}},{"__type__":"cc.Node","_name":"Text_11","_parent":{"__id__":5},"_components":[{"__type__":"cc.Label","node":{"__id__":7},"_materials":[{"__uuid__":"ecpdLyjvZBwrvm+cedCcQy"}],"_string":"即将开始","_N$string":"即将开始","_fontSize":22,"_lineHeight":22,"_N$horizontalAlign":1,"_N$verticalAlign":1}],"_prefab":{"__type__":"cc.PrefabInfo","root":{"__id__":1},"asset":{"__id__":0},"fileId":"a91sMX/ulGJrpQwDoxY8wq"},"_contentSize":{"__type__":"cc.Size","width":88,"height":27.72},"_trs":{"__type__":"TypedArray","ctor":"Float64Array","array":[87.3229,23.139,0,0,0,0,1,1,1,1]}},{"__type__":"cc.Node","_name":"coolDownTime","_parent":{"__id__":5},"_components":[{"__type__":"cc.Label","node":{"__id__":8},"_materials":[{"__uuid__":"ecpdLyjvZBwrvm+cedCcQy"}],"_string":"9","_N$string":"9","_fontSize":60,"_lineHeight":60,"_N$horizontalAlign":1,"_N$verticalAlign":1}],"_prefab":{"__type__":"cc.PrefabInfo","root":{"__id__":1},"asset":{"__id__":0},"fileId":"29SAQUMb9ALIUF9jtEzaUc"},"_contentSize":{"__type__":"cc.Size","width":33.37,"height":75.6},"_trs":{"__type__":"TypedArray","ctor":"Float64Array","array":[194.663,42.5454,0,0,0,0,1,1,1,1]},"_groupIndex":2,"groupIndex":2},{"__type__":"cc.Node","_name":"Image_banlanceBg","_parent":{"__id__":1},"_children":[{"__id__":10},{"__id__":11},{"__id__":12},{"__id__":29},{"__id__":46},{"__id__":63}],"_prefab":{"__type__":"cc.PrefabInfo","root":{"__id__":1},"asset":{"__id__":0},"fileId":"ab6zb7jKJBhKKSbq2TYE+Z"},"_contentSize":{"__type__":"cc.Size","width":756,"height":784},"_trs":{"__type__":"TypedArray","ctor":"Float64Array","array":[0,0,0,0,0,0,1,1,1,1]}},{"__type__":"cc.Node","_name":"winImg","_parent":{"__id__":9},"_components":[{"__type__":"cc.Sprite","node":{"__id__":10},"_materials":[{"__uuid__":"ecpdLyjvZBwrvm+cedCcQy"}],"_spriteFrame":{"__uuid__":"88nYlBuUtKvaelIzej2j5g"}}],"_prefab":{"__type__":"cc.PrefabInfo","root":{"__id__":1},"asset":{"__id__":0},"fileId":"7dzvKxIA1O4ZCiMSZtbNRj"},"_contentSize":{"__type__":"cc.Size","width":756,"height":784},"_trs":{"__type__":"TypedArray","ctor":"Float64Array","array":[0,0,0,0,0,0,1,1,1,1]},"_groupIndex":2,"groupIndex":2},{"__type__":"cc.Node","_name":"lostImg","_parent":{"__id__":9},"_components":[{"__type__":"cc.Sprite","node":{"__id__":11},"_materials":[{"__uuid__":"ecpdLyjvZBwrvm+cedCcQy"}],"_spriteFrame":{"__uuid__":"2bJzvNnpNMJpUyZlNno5Oi"}}],"_prefab":{"__type__":"cc.PrefabInfo","root":{"__id__":1},"asset":{"__id__":0},"fileId":"39LwqcICVK8o4Diym4PqC/"},"_contentSize":{"__type__":"cc.Size","width":765,"height":800},"_trs":{"__type__":"TypedArray","ctor":"Float64Array","array":[0,8.9,0,0,0,0,1,1,1,1]},"_groupIndex":2,"groupIndex":2},{"__type__":"cc.Node","_name":"Panel_user1","_parent":{"__id__":9},"_children":[{"__id__":13},{"__type__":"cc.Node","_name":"Node_5","_parent":{"__id__":12},"_prefab":{"__type__":"cc.PrefabInfo","root":{"__id__":1},"asset":{"__id__":0},"fileId":"cflCgCIklC1Zu6f/n5i2Ne"},"_anchorPoint":{"__type__":"cc.Vec2"},"_trs":{"__type__":"TypedArray","ctor":"Float64Array","array":[95,313,0,0,0,0,1,1,1,1]}},{"__id__":14},{"__id__":18},{"__id__":19},{"__id__":21},{"__id__":23},{"__id__":25},{"__id__":27}],"_components":[{"__type__":"64dadBN6dBJS78WA9z1eXTc","node":{"__id__":12},"headIcon":{"__id__":17},"userName":{"__id__":20},"lastCardNum":{"__id__":24},"hongtao10":{"__id__":22},"Score_win":{"__id__":26},"Score_lost":{"__id__":28}}],"_prefab":{"__type__":"cc.PrefabInfo","root":{"__id__":1},"asset":{"__id__":0},"fileId":"6eVPfnHMNENIzGzBfcipVu"},"_contentSize":{"__type__":"cc.Size","width":190,"height":400},"_anchorPoint":{"__type__":"cc.Vec2"},"_trs":{"__type__":"TypedArray","ctor":"Float64Array","array":[-87.39359999999999,-232.2547,0,0,0,0,1,1,1,1]},"_groupIndex":2,"groupIndex":2},{"__type__":"cc.Node","_name":"Text_2","_parent":{"__id__":12},"_components":[{"__type__":"cc.Label","node":{"__id__":13},"_materials":[{"__uuid__":"ecpdLyjvZBwrvm+cedCcQy"}],"_string":"剩余张数：","_N$string":"剩余张数：","_fontSize":24,"_lineHeight":24,"_N$horizontalAlign":1,"_N$verticalAlign":1}],"_prefab":{"__type__":"cc.PrefabInfo","root":{"__id__":1},"asset":{"__id__":0},"fileId":"7cT+1CkcZBR6VVIdO1u68K"},"_color":{"__type__":"cc.Color","r":255,"g":246,"b":223},"_contentSize":{"__type__":"cc.Size","width":120,"height":30.24},"_trs":{"__type__":"TypedArray","ctor":"Float64Array","array":[85.49799999999999,171.14,0,0,0,0,1,1,1,1]}},{"__type__":"cc.Node","_name":"headMask","_parent":{"__id__":12},"_children":[{"__id__":15}],"_components":[{"__type__":"cc.Mask","node":{"__id__":14},"_materials":[{"__uuid__":"ecpdLyjvZBwrvm+cedCcQy"}],"_type":1,"_N$alphaThreshold":0}],"_prefab":{"__type__":"cc.PrefabInfo","root":{"__id__":1},"asset":{"__id__":0},"fileId":"64zb11WtdBha697gPOdYsu"},"_contentSize":{"__type__":"cc.Size","width":112,"height":112},"_trs":{"__type__":"TypedArray","ctor":"Float64Array","array":[95,319,0,0,0,0,1,1,1,1]}},{"__type__":"cc.Node","_name":"headIcon","_parent":{"__id__":14},"_components":[{"__id__":16},{"__id__":17}],"_prefab":{"__type__":"cc.PrefabInfo","root":{"__id__":1},"asset":{"__id__":0},"fileId":"b8RS3HJltDYLzffiWvftYX"},"_contentSize":{"__type__":"cc.Size","width":112,"height":112},"_trs":{"__type__":"TypedArray","ctor":"Float64Array","array":[0,0,0,0,0,0,1,1,1,1]}},{"__type__":"cc.Sprite","node":{"__id__":15},"_materials":[{"__uuid__":"ecpdLyjvZBwrvm+cedCcQy"}],"_spriteFrame":{"__uuid__":"4cE3PYWjxKL7Qfs+vO/m31"},"_sizeMode":0},{"__type__":"62d39gaattGYYLEGtr4O/qu","node":{"__id__":15},"headIcon":{"__id__":16}},{"__type__":"cc.Node","_name":"Image_bg1","_parent":{"__id__":12},"_components":[{"__type__":"cc.Sprite","node":{"__id__":18},"_materials":[{"__uuid__":"ecpdLyjvZBwrvm+cedCcQy"}],"_spriteFrame":{"__uuid__":"bazUHxh8pF9oKOEHeaAFYk"}}],"_prefab":{"__type__":"cc.PrefabInfo","root":{"__id__":1},"asset":{"__id__":0},"fileId":"8dvwAojIRCrJHPh289+zhU"},"_contentSize":{"__type__":"cc.Size","width":152,"height":153},"_trs":{"__type__":"TypedArray","ctor":"Float64Array","array":[95,319,0,0,0,0,1,1,1,1]}},{"__type__":"cc.Node","_name":"Text_name","_parent":{"__id__":12},"_components":[{"__id__":20}],"_prefab":{"__type__":"cc.PrefabInfo","root":{"__id__":1},"asset":{"__id__":0},"fileId":"5ddRmtC2FNCL4bxKG/9grb"},"_color":{"__type__":"cc.Color","r":229,"g":199,"b":123},"_contentSize":{"__type__":"cc.Size","width":120,"height":37.8},"_trs":{"__type__":"TypedArray","ctor":"Float64Array","array":[94.99799999999999,207.9996,0,0,0,0,1,1,1,1]}},{"__type__":"cc.Label","node":{"__id__":19},"_materials":[{"__uuid__":"ecpdLyjvZBwrvm+cedCcQy"}],"_string":"玩家名字","_N$string":"玩家名字","_fontSize":30,"_lineHeight":30,"_N$horizontalAlign":1,"_N$verticalAlign":1},{"__type__":"cc.Node","_name":"Text_hongtao10","_parent":{"__id__":12},"_active":false,"_components":[{"__id__":22}],"_prefab":{"__type__":"cc.PrefabInfo","root":{"__id__":1},"asset":{"__id__":0},"fileId":"98Qv9rIahK1I2+mDrYizDR"},"_opacity":204,"_color":{"__type__":"cc.Color","r":255,"g":246,"b":223},"_contentSize":{"__type__":"cc.Size","width":132.92,"height":32.76},"_trs":{"__type__":"TypedArray","ctor":"Float64Array","array":[95,140,0,0,0,0,1,1,1,1]}},{"__type__":"cc.Label","node":{"__id__":21},"_materials":[{"__uuid__":"ecpdLyjvZBwrvm+cedCcQy"}],"_string":"（红桃10）","_N$string":"（红桃10）","_fontSize":26,"_lineHeight":26,"_N$horizontalAlign":1,"_N$verticalAlign":1},{"__type__":"cc.Node","_name":"Text_cardNum","_parent":{"__id__":12},"_components":[{"__id__":24}],"_prefab":{"__type__":"cc.PrefabInfo","root":{"__id__":1},"asset":{"__id__":0},"fileId":"a66lUPyxZOTJ6QhdDt9Pmd"},"_color":{"__type__":"cc.Color","r":255,"g":246,"b":223},"_contentSize":{"__type__":"cc.Size","width":13.35,"height":30.24},"_trs":{"__type__":"TypedArray","ctor":"Float64Array","array":[146.5,170.1401,0,0,0,0,1,1,1,1]}},{"__type__":"cc.Label","node":{"__id__":23},"_materials":[{"__uuid__":"ecpdLyjvZBwrvm+cedCcQy"}],"_string":"0","_N$string":"0","_fontSize":24,"_lineHeight":24,"_N$horizontalAlign":1,"_N$verticalAlign":1},{"__type__":"cc.Node","_name":"Score_win","_parent":{"__id__":12},"_components":[{"__id__":26}],"_prefab":{"__type__":"cc.PrefabInfo","root":{"__id__":1},"asset":{"__id__":0},"fileId":"76p49T1aZJmKv3fCY9dggK"},"_contentSize":{"__type__":"cc.Size","width":112.91,"height":40},"_trs":{"__type__":"TypedArray","ctor":"Float64Array","array":[95,100,0,0,0,0,1,1,1,1]}},{"__type__":"cc.Label","node":{"__id__":25},"_materials":[{"__uuid__":"ecpdLyjvZBwrvm+cedCcQy"}],"_string":"+100","_N$string":"+100","_N$file":{"__uuid__":"3fsP2Sc5VHqKHIdy1yD0hs"},"_isSystemFontUsed":false,"_spacingX":-6,"_N$horizontalAlign":1,"_N$verticalAlign":1},{"__type__":"cc.Node","_name":"Score_lost","_parent":{"__id__":12},"_components":[{"__id__":28}],"_prefab":{"__type__":"cc.PrefabInfo","root":{"__id__":1},"asset":{"__id__":0},"fileId":"50xDfuS5JITbiVhCg/G7fC"},"_contentSize":{"__type__":"cc.Size","width":112.91,"height":40},"_trs":{"__type__":"TypedArray","ctor":"Float64Array","array":[95,100,0,0,0,0,1,1,1,1]}},{"__type__":"cc.Label","node":{"__id__":27},"_materials":[{"__uuid__":"ecpdLyjvZBwrvm+cedCcQy"}],"_string":"-100","_N$string":"-100","_N$file":{"__uuid__":"45Z31L2R1MwIAjzSnYdKDl"},"_isSystemFontUsed":false,"_spacingX":-6,"_N$horizontalAlign":1,"_N$verticalAlign":1},{"__type__":"cc.Node","_name":"Panel_user2","_parent":{"__id__":9},"_children":[{"__id__":30},{"__id__":31},{"__id__":33},{"__id__":37},{"__id__":38},{"__id__":40},{"__id__":42},{"__id__":44}],"_components":[{"__type__":"64dadBN6dBJS78WA9z1eXTc","node":{"__id__":29},"headIcon":{"__id__":36},"userName":{"__id__":39},"lastCardNum":{"__id__":41},"hongtao10":{"__id__":32},"Score_win":{"__id__":43},"Score_lost":{"__id__":45}}],"_prefab":{"__type__":"cc.PrefabInfo","root":{"__id__":1},"asset":{"__id__":0},"fileId":"2fMV4KuBZCaoXAFeALcaJ2"},"_contentSize":{"__type__":"cc.Size","width":180,"height":380},"_anchorPoint":{"__type__":"cc.Vec2"},"_trs":{"__type__":"TypedArray","ctor":"Float64Array","array":[-308.766,-232.25,0,0,0,0,1,1,1,1]},"_groupIndex":2,"groupIndex":2},{"__type__":"cc.Node","_name":"Text_2","_parent":{"__id__":29},"_components":[{"__type__":"cc.Label","node":{"__id__":30},"_materials":[{"__uuid__":"ecpdLyjvZBwrvm+cedCcQy"}],"_string":"剩余张数：","_N$string":"剩余张数：","_fontSize":24,"_lineHeight":24,"_N$horizontalAlign":1,"_N$verticalAlign":1}],"_prefab":{"__type__":"cc.PrefabInfo","root":{"__id__":1},"asset":{"__id__":0},"fileId":"5fSmAeNkVIQ79SvGBvIwbx"},"_color":{"__type__":"cc.Color","r":255,"g":246,"b":223},"_contentSize":{"__type__":"cc.Size","width":120,"height":30.24},"_trs":{"__type__":"TypedArray","ctor":"Float64Array","array":[80.99700000000001,160.03,0,0,0,0,1,1,1,1]}},{"__type__":"cc.Node","_name":"Text_hongtao10","_parent":{"__id__":29},"_active":false,"_components":[{"__id__":32}],"_prefab":{"__type__":"cc.PrefabInfo","root":{"__id__":1},"asset":{"__id__":0},"fileId":"d88OxsEqBLmrvSAZehC+ge"},"_opacity":204,"_color":{"__type__":"cc.Color","r":255,"g":246,"b":223},"_contentSize":{"__type__":"cc.Size","width":116,"height":31},"_trs":{"__type__":"TypedArray","ctor":"Float64Array","array":[90,130,0,0,0,0,1,1,1,1]}},{"__type__":"cc.Label","node":{"__id__":31},"_string":"（红桃10)","_N$string":"（红桃10)","_fontSize":26,"_lineHeight":26,"_N$horizontalAlign":1,"_N$verticalAlign":1},{"__type__":"cc.Node","_name":"headMask","_parent":{"__id__":29},"_children":[{"__id__":34}],"_components":[{"__type__":"cc.Mask","node":{"__id__":33},"_materials":[{"__uuid__":"ecpdLyjvZBwrvm+cedCcQy"}],"_type":1,"_N$alphaThreshold":0}],"_prefab":{"__type__":"cc.PrefabInfo","root":{"__id__":1},"asset":{"__id__":0},"fileId":"f9fgO3BRFC6J9APh4+7Ern"},"_contentSize":{"__type__":"cc.Size","width":112,"height":112},"_trs":{"__type__":"TypedArray","ctor":"Float64Array","array":[90,298,0,0,0,0,1,1,1,1]}},{"__type__":"cc.Node","_name":"headIcon","_parent":{"__id__":33},"_components":[{"__id__":35},{"__id__":36}],"_prefab":{"__type__":"cc.PrefabInfo","root":{"__id__":1},"asset":{"__id__":0},"fileId":"71IjgIyI1JgJRygxD3WYtf"},"_contentSize":{"__type__":"cc.Size","width":112,"height":112},"_trs":{"__type__":"TypedArray","ctor":"Float64Array","array":[0,0,0,0,0,0,1,1,1,1]}},{"__type__":"cc.Sprite","node":{"__id__":34},"_materials":[{"__uuid__":"ecpdLyjvZBwrvm+cedCcQy"}],"_spriteFrame":{"__uuid__":"4cE3PYWjxKL7Qfs+vO/m31"},"_sizeMode":0},{"__type__":"62d39gaattGYYLEGtr4O/qu","node":{"__id__":34},"headIcon":{"__id__":35}},{"__type__":"cc.Node","_name":"Image_bg1","_parent":{"__id__":29},"_components":[{"__type__":"cc.Sprite","node":{"__id__":37},"_materials":[{"__uuid__":"ecpdLyjvZBwrvm+cedCcQy"}],"_spriteFrame":{"__uuid__":"bazUHxh8pF9oKOEHeaAFYk"}}],"_prefab":{"__type__":"cc.PrefabInfo","root":{"__id__":1},"asset":{"__id__":0},"fileId":"c24Wx0yqFGi6pNUhKKnLQB"},"_contentSize":{"__type__":"cc.Size","width":152,"height":153},"_trs":{"__type__":"TypedArray","ctor":"Float64Array","array":[90,298,0,0,0,0,1,1,1,1]}},{"__type__":"cc.Node","_name":"Text_name","_parent":{"__id__":29},"_components":[{"__id__":39}],"_prefab":{"__type__":"cc.PrefabInfo","root":{"__id__":1},"asset":{"__id__":0},"fileId":"06O8M8MTlPaZBiClLcn5Hg"},"_color":{"__type__":"cc.Color","r":229,"g":199,"b":123},"_contentSize":{"__type__":"cc.Size","width":112,"height":35.28},"_trs":{"__type__":"TypedArray","ctor":"Float64Array","array":[90.00200000000001,197,0,0,0,0,1,1,1,1]}},{"__type__":"cc.Label","node":{"__id__":38},"_materials":[{"__uuid__":"ecpdLyjvZBwrvm+cedCcQy"}],"_string":"玩家名字","_N$string":"玩家名字","_fontSize":28,"_lineHeight":28,"_N$horizontalAlign":1,"_N$verticalAlign":1},{"__type__":"cc.Node","_name":"Text_cardNum","_parent":{"__id__":29},"_components":[{"__id__":41}],"_prefab":{"__type__":"cc.PrefabInfo","root":{"__id__":1},"asset":{"__id__":0},"fileId":"c2bfzB/o5K6qlXY9k0anEJ"},"_color":{"__type__":"cc.Color","r":255,"g":246,"b":223},"_contentSize":{"__type__":"cc.Size","width":13.35,"height":30.24},"_trs":{"__type__":"TypedArray","ctor":"Float64Array","array":[146.5,160.03,0,0,0,0,1,1,1,1]}},{"__type__":"cc.Label","node":{"__id__":40},"_materials":[{"__uuid__":"ecpdLyjvZBwrvm+cedCcQy"}],"_string":"0","_N$string":"0","_fontSize":24,"_lineHeight":24,"_N$horizontalAlign":1,"_N$verticalAlign":1},{"__type__":"cc.Node","_name":"Score_win","_parent":{"__id__":29},"_components":[{"__id__":43}],"_prefab":{"__type__":"cc.PrefabInfo","root":{"__id__":1},"asset":{"__id__":0},"fileId":"b77JrkMZROM759l2Nfej4l"},"_contentSize":{"__type__":"cc.Size","width":112.91,"height":40},"_trs":{"__type__":"TypedArray","ctor":"Float64Array","array":[90,90,0,0,0,0,1,1,1,1]}},{"__type__":"cc.Label","node":{"__id__":42},"_materials":[{"__uuid__":"ecpdLyjvZBwrvm+cedCcQy"}],"_string":"+100","_N$string":"+100","_N$file":{"__uuid__":"3fsP2Sc5VHqKHIdy1yD0hs"},"_isSystemFontUsed":false,"_spacingX":-6,"_N$horizontalAlign":1,"_N$verticalAlign":1},{"__type__":"cc.Node","_name":"Score_lost","_parent":{"__id__":29},"_components":[{"__id__":45}],"_prefab":{"__type__":"cc.PrefabInfo","root":{"__id__":1},"asset":{"__id__":0},"fileId":"9debCdhRxFP7CLyChkXByI"},"_contentSize":{"__type__":"cc.Size","width":112.91,"height":40},"_trs":{"__type__":"TypedArray","ctor":"Float64Array","array":[90,90,0,0,0,0,1,1,1,1]}},{"__type__":"cc.Label","node":{"__id__":44},"_materials":[{"__uuid__":"ecpdLyjvZBwrvm+cedCcQy"}],"_string":"-100","_N$string":"-100","_N$file":{"__uuid__":"45Z31L2R1MwIAjzSnYdKDl"},"_isSystemFontUsed":false,"_spacingX":-6,"_N$horizontalAlign":1,"_N$verticalAlign":1},{"__type__":"cc.Node","_name":"Panel_user3","_parent":{"__id__":9},"_children":[{"__id__":47},{"__id__":49},{"__id__":50},{"__id__":54},{"__id__":55},{"__id__":57},{"__id__":59},{"__id__":61}],"_components":[{"__type__":"64dadBN6dBJS78WA9z1eXTc","node":{"__id__":46},"headIcon":{"__id__":53},"userName":{"__id__":56},"lastCardNum":{"__id__":58},"hongtao10":{"__id__":48},"Score_win":{"__id__":60},"Score_lost":{"__id__":62}}],"_prefab":{"__type__":"cc.PrefabInfo","root":{"__id__":1},"asset":{"__id__":0},"fileId":"aaZNVJARhJbb5TuiieEehs"},"_contentSize":{"__type__":"cc.Size","width":180,"height":380},"_anchorPoint":{"__type__":"cc.Vec2"},"_trs":{"__type__":"TypedArray","ctor":"Float64Array","array":[141.87509999999997,-232.25,0,0,0,0,1,1,1,1]},"_groupIndex":2,"groupIndex":2},{"__type__":"cc.Node","_name":"Text_hongtao10","_parent":{"__id__":46},"_active":false,"_components":[{"__id__":48}],"_prefab":{"__type__":"cc.PrefabInfo","root":{"__id__":1},"asset":{"__id__":0},"fileId":"66tw44VQhD0LKNk1wOxv+D"},"_opacity":204,"_color":{"__type__":"cc.Color","r":255,"g":246,"b":223},"_contentSize":{"__type__":"cc.Size","width":132.92,"height":32.76},"_trs":{"__type__":"TypedArray","ctor":"Float64Array","array":[89.999,130,0,0,0,0,1,1,1,1]}},{"__type__":"cc.Label","node":{"__id__":47},"_materials":[{"__uuid__":"ecpdLyjvZBwrvm+cedCcQy"}],"_string":"（红桃10）","_N$string":"（红桃10）","_fontSize":26,"_lineHeight":26,"_N$horizontalAlign":1,"_N$verticalAlign":1},{"__type__":"cc.Node","_name":"Text_2","_parent":{"__id__":46},"_components":[{"__type__":"cc.Label","node":{"__id__":49},"_materials":[{"__uuid__":"ecpdLyjvZBwrvm+cedCcQy"}],"_string":"剩余张数：","_N$string":"剩余张数：","_fontSize":24,"_lineHeight":24,"_N$horizontalAlign":1,"_N$verticalAlign":1}],"_prefab":{"__type__":"cc.PrefabInfo","root":{"__id__":1},"asset":{"__id__":0},"fileId":"e7jx/Asq5BAKEMvMQv4t0d"},"_color":{"__type__":"cc.Color","r":255,"g":246,"b":223},"_contentSize":{"__type__":"cc.Size","width":120,"height":30.24},"_trs":{"__type__":"TypedArray","ctor":"Float64Array","array":[80.99700000000001,160.03,0,0,0,0,1,1,1,1]}},{"__type__":"cc.Node","_name":"headMask","_parent":{"__id__":46},"_children":[{"__id__":51}],"_components":[{"__type__":"cc.Mask","node":{"__id__":50},"_materials":[{"__uuid__":"ecpdLyjvZBwrvm+cedCcQy"}],"_type":1,"_N$alphaThreshold":0}],"_prefab":{"__type__":"cc.PrefabInfo","root":{"__id__":1},"asset":{"__id__":0},"fileId":"88qwQLXC5IXouRscW3A0R4"},"_contentSize":{"__type__":"cc.Size","width":112,"height":112},"_trs":{"__type__":"TypedArray","ctor":"Float64Array","array":[90,298,0,0,0,0,1,1,1,1]}},{"__type__":"cc.Node","_name":"headIcon","_parent":{"__id__":50},"_components":[{"__id__":52},{"__id__":53}],"_prefab":{"__type__":"cc.PrefabInfo","root":{"__id__":1},"asset":{"__id__":0},"fileId":"4fpQBI7NRDJI4IxXoL9Yfd"},"_contentSize":{"__type__":"cc.Size","width":112,"height":112},"_trs":{"__type__":"TypedArray","ctor":"Float64Array","array":[0,0,0,0,0,0,1,1,1,1]}},{"__type__":"cc.Sprite","node":{"__id__":51},"_materials":[{"__uuid__":"ecpdLyjvZBwrvm+cedCcQy"}],"_spriteFrame":{"__uuid__":"4cE3PYWjxKL7Qfs+vO/m31"},"_sizeMode":0},{"__type__":"62d39gaattGYYLEGtr4O/qu","node":{"__id__":51},"headIcon":{"__id__":52}},{"__type__":"cc.Node","_name":"Image_bg1","_parent":{"__id__":46},"_components":[{"__type__":"cc.Sprite","node":{"__id__":54},"_materials":[{"__uuid__":"ecpdLyjvZBwrvm+cedCcQy"}],"_spriteFrame":{"__uuid__":"bazUHxh8pF9oKOEHeaAFYk"}}],"_prefab":{"__type__":"cc.PrefabInfo","root":{"__id__":1},"asset":{"__id__":0},"fileId":"15g5J7H4hHRYG4jPjxBGLj"},"_contentSize":{"__type__":"cc.Size","width":152,"height":153},"_trs":{"__type__":"TypedArray","ctor":"Float64Array","array":[90,298,0,0,0,0,1,1,1,1]}},{"__type__":"cc.Node","_name":"Text_name","_parent":{"__id__":46},"_components":[{"__id__":56}],"_prefab":{"__type__":"cc.PrefabInfo","root":{"__id__":1},"asset":{"__id__":0},"fileId":"cfgL+R8kNO44HRr+SckFUO"},"_color":{"__type__":"cc.Color","r":229,"g":199,"b":123},"_contentSize":{"__type__":"cc.Size","width":112,"height":35.28},"_trs":{"__type__":"TypedArray","ctor":"Float64Array","array":[90.00200000000001,197,0,0,0,0,1,1,1,1]}},{"__type__":"cc.Label","node":{"__id__":55},"_materials":[{"__uuid__":"ecpdLyjvZBwrvm+cedCcQy"}],"_string":"玩家名字","_N$string":"玩家名字","_fontSize":28,"_lineHeight":28,"_N$horizontalAlign":1,"_N$verticalAlign":1},{"__type__":"cc.Node","_name":"Text_cardNum","_parent":{"__id__":46},"_components":[{"__id__":58}],"_prefab":{"__type__":"cc.PrefabInfo","root":{"__id__":1},"asset":{"__id__":0},"fileId":"751L2VDspN7q3RlnQ0oac9"},"_color":{"__type__":"cc.Color","r":255,"g":246,"b":223},"_contentSize":{"__type__":"cc.Size","width":13.35,"height":30.24},"_trs":{"__type__":"TypedArray","ctor":"Float64Array","array":[146.5,160.03,0,0,0,0,1,1,1,1]}},{"__type__":"cc.Label","node":{"__id__":57},"_materials":[{"__uuid__":"ecpdLyjvZBwrvm+cedCcQy"}],"_string":"0","_N$string":"0","_fontSize":24,"_lineHeight":24,"_N$horizontalAlign":1,"_N$verticalAlign":1},{"__type__":"cc.Node","_name":"Score_win","_parent":{"__id__":46},"_components":[{"__id__":60}],"_prefab":{"__type__":"cc.PrefabInfo","root":{"__id__":1},"asset":{"__id__":0},"fileId":"05GZYuT0FD1aELJ3Omr6NR"},"_contentSize":{"__type__":"cc.Size","width":112.91,"height":40},"_trs":{"__type__":"TypedArray","ctor":"Float64Array","array":[90,90,0,0,0,0,1,1,1,1]}},{"__type__":"cc.Label","node":{"__id__":59},"_materials":[{"__uuid__":"ecpdLyjvZBwrvm+cedCcQy"}],"_string":"+100","_N$string":"+100","_N$file":{"__uuid__":"3fsP2Sc5VHqKHIdy1yD0hs"},"_isSystemFontUsed":false,"_spacingX":-6,"_N$horizontalAlign":1,"_N$verticalAlign":1},{"__type__":"cc.Node","_name":"Score_lost","_parent":{"__id__":46},"_components":[{"__id__":62}],"_prefab":{"__type__":"cc.PrefabInfo","root":{"__id__":1},"asset":{"__id__":0},"fileId":"532Ue9t2VC9Ja2WgWVaeUm"},"_contentSize":{"__type__":"cc.Size","width":112.91,"height":40},"_trs":{"__type__":"TypedArray","ctor":"Float64Array","array":[90,90,0,0,0,0,1,1,1,1]}},{"__type__":"cc.Label","node":{"__id__":61},"_materials":[{"__uuid__":"ecpdLyjvZBwrvm+cedCcQy"}],"_string":"-100","_N$string":"-100","_N$file":{"__uuid__":"45Z31L2R1MwIAjzSnYdKDl"},"_isSystemFontUsed":false,"_spacingX":-6,"_N$horizontalAlign":1,"_N$verticalAlign":1},{"__type__":"cc.Node","_name":"continueItem","_parent":{"__id__":9},"_components":[{"__type__":"cc.Button","node":{"__id__":63},"_normalMaterial":{"__uuid__":"ecpdLyjvZBwrvm+cedCcQy"},"duration":0.05,"zoomScale":1.1,"_N$transition":3,"transition":3},{"__type__":"cc.Sprite","node":{"__id__":63},"_materials":[{"__uuid__":"ecpdLyjvZBwrvm+cedCcQy"}],"_spriteFrame":{"__uuid__":"b7z8YRJ11AMLfnSdbMFeVD"},"_type":1,"_sizeMode":0,"_isTrimmedMode":false}],"_prefab":{"__type__":"cc.PrefabInfo","root":{"__id__":1},"asset":{"__id__":0},"fileId":"ddWi3BgN1DiJcQHpZSFESs"},"_contentSize":{"__type__":"cc.Size","width":237,"height":79},"_trs":{"__type__":"TypedArray","ctor":"Float64Array","array":[0.0014999999999645297,-328.02,0,0,0,0,1,1,1,1]}}]