[{"__type__":"cc.SceneAsset","_name":"LeagueScene","scene":{"__id__":1},"asyncLoadAssets":null},{"__type__":"cc.Scene","_name":"New Node","_children":[{"__id__":2}],"_active":false,"_anchorPoint":{"__type__":"cc.Vec2"},"_trs":{"__type__":"TypedArray","ctor":"Float64Array","array":[0,0,0,0,0,0,1,1,1,1]},"autoReleaseAssets":false},{"__type__":"cc.Node","_name":"Canvas","_parent":{"__id__":1},"_children":[{"__id__":3},{"__id__":4},{"__id__":5},{"__id__":40},{"__id__":76},{"__id__":94}],"_components":[{"__type__":"cc.Canvas","node":{"__id__":2},"_designResolution":{"__type__":"cc.Size","width":1280,"height":720},"_fitWidth":true,"_fitHeight":false},{"__type__":"05e7eNfwnhJx7hd0d0zZEKH","node":{"__id__":2}},{"__type__":"08fe1VnzbNCFoFvW6yHanuT","node":{"__id__":2},"scriptName":"League"},{"__type__":"c309cysSmZJJb1MwlMUZtPx","node":{"__id__":2}},{"__type__":"d1980mJ5ENGEbBkYlyo9PT4","node":{"__id__":2},"leagueName":{"__id__":73},"leagueId":{"__id__":75}},{"__type__":"5f532Uocx5G37ktcyGRlvgg","node":{"__id__":2}},{"__type__":"cc.Widget","node":{"__id__":2},"_alignFlags":45}],"_contentSize":{"__type__":"cc.Size","width":1280,"height":720},"_trs":{"__type__":"TypedArray","ctor":"Float64Array","array":[640,360,0,0,0,0,1,1,1,1]},"_id":"cdkxQNFPhBarm4h08Kz4kx"},{"__type__":"cc.Node","_name":"Main Camera","_parent":{"__id__":2},"_components":[{"__type__":"cc.Camera","node":{"__id__":3},"_clearFlags":7,"_depth":-1}],"_trs":{"__type__":"TypedArray","ctor":"Float64Array","array":[0,0,407.0319397786862,0,0,0,1,1,1,1]}},{"__type__":"cc.Node","_name":"hall_bg","_parent":{"__id__":2},"_components":[{"__type__":"cc.Sprite","node":{"__id__":4},"_materials":[{"__uuid__":"ecpdLyjvZBwrvm+cedCcQy"}],"_spriteFrame":{"__uuid__":"3aKdE663hG54xILjHUFcx5"}},{"__type__":"cbf91rQRbpLs4DXMJ9tsyA0","node":{"__id__":4},"backGroundType":1}],"_contentSize":{"__type__":"cc.Size","width":1450,"height":860},"_trs":{"__type__":"TypedArray","ctor":"Float64Array","array":[0,0,0,0,0,0,1,1,1,1]}},{"__type__":"cc.Node","_name":"deskListGroup","_parent":{"__id__":2},"_children":[{"__id__":6},{"__id__":9},{"__id__":37}],"_components":[{"__id__":36}],"_trs":{"__type__":"TypedArray","ctor":"Float64Array","array":[0,-5,0,0,0,0,1,1,1,1]}},{"__type__":"cc.Node","_name":"scrollview","_parent":{"__id__":5},"_children":[{"__id__":7}],"_components":[{"__type__":"cc.ScrollView","node":{"__id__":6},"vertical":false,"brake":0.75,"bounceDuration":0.23,"_N$content":{"__id__":8},"content":{"__id__":8},"_N$horizontalScrollBar":null,"_N$verticalScrollBar":null},{"__type__":"407a9Qk3BVIYqQULVDD7Dws","node":{"__id__":6},"_offWidth":0,"checkMaxWidth":false}],"_contentSize":{"__type__":"cc.Size","width":1280,"height":560},"_trs":{"__type__":"TypedArray","ctor":"Float64Array","array":[0,0,0,0,0,0,1,1,1,1]}},{"__type__":"cc.Node","_name":"view","_parent":{"__id__":6},"_children":[{"__id__":8}],"_components":[{"__type__":"cc.Mask","node":{"__id__":7},"_materials":[{"__uuid__":"ecpdLyjvZBwrvm+cedCcQy"}],"_N$alphaThreshold":0},{"__type__":"407a9Qk3BVIYqQULVDD7Dws","node":{"__id__":7},"_offWidth":0,"checkMaxWidth":false}],"_contentSize":{"__type__":"cc.Size","width":1280,"height":560},"_trs":{"__type__":"TypedArray","ctor":"Float64Array","array":[0,0,0,0,0,0,1,1,1,1]}},{"__type__":"cc.Node","_name":"content","_parent":{"__id__":7},"_contentSize":{"__type__":"cc.Size","width":220,"height":560},"_anchorPoint":{"__type__":"cc.Vec2","y":0.5},"_trs":{"__type__":"TypedArray","ctor":"Float64Array","array":[-640,0,0,0,0,0,1,1,1,1]}},{"__type__":"cc.Node","_name":"pageNode","_parent":{"__id__":5},"_children":[{"__id__":10},{"__id__":13},{"__id__":15},{"__id__":17},{"__id__":19}],"_trs":{"__type__":"TypedArray","ctor":"Float64Array","array":[0,0,0,0,0,0,1,1,1,1]}},{"__type__":"cc.Node","_name":"pageLayer","_parent":{"__id__":9},"_children":[{"__id__":11}],"_components":[{"__type__":"407a9Qk3BVIYqQULVDD7Dws","node":{"__id__":10},"_offWidth":0,"checkMaxWidth":false},{"__id__":12}],"_contentSize":{"__type__":"cc.Size","width":1280,"height":560},"_trs":{"__type__":"TypedArray","ctor":"Float64Array","array":[0,0,0,0,0,0,1,1,1,1]}},{"__type__":"cc.Node","_name":"pageContent","_parent":{"__id__":10},"_components":[{"__type__":"407a9Qk3BVIYqQULVDD7Dws","node":{"__id__":11},"_offWidth":0,"checkMaxWidth":false}],"_contentSize":{"__type__":"cc.Size","width":1280,"height":560},"_trs":{"__type__":"TypedArray","ctor":"Float64Array","array":[0,0,0,0,0,0,1,1,1,1]}},{"__type__":"4f6625U26hCyK8b22OXuz7M","node":{"__id__":10},"perEvent":[{"__type__":"cc.ClickEvent","target":{"__id__":5},"_componentId":"daa4fkeRTVMdJlMNCCc8d4e","handler":"perPage"}],"nextEvent":[{"__type__":"cc.ClickEvent","target":{"__id__":5},"_componentId":"daa4fkeRTVMdJlMNCCc8d4e","handler":"nextPage"}]},{"__type__":"cc.Node","_name":"leftBtn","_parent":{"__id__":9},"_children":[{"__id__":14}],"_active":false,"_components":[{"__type__":"cc.Button","node":{"__id__":13},"duration":0.05,"zoomScale":1.1,"clickEvents":[{"__type__":"cc.ClickEvent","target":{"__id__":5},"_componentId":"daa4fkeRTVMdJlMNCCc8d4e","handler":"perPage"}],"_N$transition":3,"transition":3,"_N$target":{"__id__":13}},{"__type__":"47e22FFmshFTILznzb70FeD","node":{"__id__":13}}],"_contentSize":{"__type__":"cc.Size","width":80,"height":210},"_trs":{"__type__":"TypedArray","ctor":"Float64Array","array":[-600,0,0,0,0,0,1,1,1,1]},"_groupIndex":6,"groupIndex":6},{"__type__":"cc.Node","_name":"clubArrow","_parent":{"__id__":13},"_components":[{"__type__":"cc.Sprite","node":{"__id__":14},"_materials":[{"__uuid__":"ecpdLyjvZBwrvm+cedCcQy"}],"_spriteFrame":{"__uuid__":"19LMaz+eZCB5flO+jtexQA"}},{"__type__":"cc.Animation","node":{"__id__":14},"_defaultClip":{"__uuid__":"89S/7AqWhHTbMtV/u1GXE9"},"_clips":[{"__uuid__":"89S/7AqWhHTbMtV/u1GXE9"}],"playOnLoad":true}],"_contentSize":{"__type__":"cc.Size","width":33,"height":54},"_trs":{"__type__":"TypedArray","ctor":"Float64Array","array":[0,0,0,0,0,0,1,-1,1,1]}},{"__type__":"cc.Node","_name":"rightBtn","_parent":{"__id__":9},"_children":[{"__id__":16}],"_active":false,"_components":[{"__type__":"cc.Button","node":{"__id__":15},"duration":0.05,"zoomScale":1.1,"clickEvents":[{"__type__":"cc.ClickEvent","target":{"__id__":5},"_componentId":"daa4fkeRTVMdJlMNCCc8d4e","handler":"nextPage"}],"_N$transition":3,"transition":3,"_N$target":{"__id__":15}},{"__type__":"47e22FFmshFTILznzb70FeD","node":{"__id__":15}}],"_contentSize":{"__type__":"cc.Size","width":80,"height":210},"_trs":{"__type__":"TypedArray","ctor":"Float64Array","array":[600,0,0,0,0,0,1,1,1,1]},"_groupIndex":6,"groupIndex":6},{"__type__":"cc.Node","_name":"clubArrow","_parent":{"__id__":15},"_components":[{"__type__":"cc.Sprite","node":{"__id__":16},"_materials":[{"__uuid__":"ecpdLyjvZBwrvm+cedCcQy"}],"_spriteFrame":{"__uuid__":"19LMaz+eZCB5flO+jtexQA"}},{"__type__":"cc.Animation","node":{"__id__":16},"_defaultClip":{"__uuid__":"b1svSOXhpFb7RRbpVFf/PY"},"_clips":[{"__uuid__":"b1svSOXhpFb7RRbpVFf/PY"}],"playOnLoad":true}],"_contentSize":{"__type__":"cc.Size","width":33,"height":54},"_trs":{"__type__":"TypedArray","ctor":"Float64Array","array":[0,0,0,0,0,0,1,1,1,1]}},{"__type__":"cc.Node","_name":"pageStr","_parent":{"__id__":9},"_components":[{"__id__":18}],"_color":{"__type__":"cc.Color","r":194,"g":206,"b":248},"_contentSize":{"__type__":"cc.Size","height":30.24},"_trs":{"__type__":"TypedArray","ctor":"Float64Array","array":[0,-265,0,0,0,0,1,1,1,1]}},{"__type__":"cc.Label","node":{"__id__":17},"_materials":[{"__uuid__":"ecpdLyjvZBwrvm+cedCcQy"}],"_useOriginalSize":false,"_fontSize":24,"_lineHeight":24,"_N$horizontalAlign":1,"_N$verticalAlign":1},{"__type__":"cc.Node","_name":"gameSelectNode","_parent":{"__id__":9},"_children":[{"__id__":20}],"_components":[{"__type__":"407a9Qk3BVIYqQULVDD7Dws","node":{"__id__":19},"_offWidth":0,"checkMaxWidth":false},{"__type__":"bed1cqTCmdA6qgo4Z3cfenb","node":{"__id__":19},"deskListGroup":{"__id__":36},"moveNode":{"__id__":21},"innerNode":{"__id__":22},"content":{"__id__":25},"bannerLabel":{"__id__":35},"gameSelectCellNode":{"__id__":26},"clubGameType":{"__uuid__":"72MfFSn3NDvZ7ogiEhROLg"},"_moveX":60}],"_contentSize":{"__type__":"cc.Size","width":1280,"height":560},"_trs":{"__type__":"TypedArray","ctor":"Float64Array","array":[0,0,0,0,0,0,1,1,1,1]}},{"__type__":"cc.Node","_name":"autoNode","_parent":{"__id__":19},"_children":[{"__id__":21}],"_components":[{"__type__":"cc.Widget","node":{"__id__":20},"alignMode":2,"_alignFlags":8}],"_contentSize":{"__type__":"cc.Size","height":560},"_trs":{"__type__":"TypedArray","ctor":"Float64Array","array":[-640,0,0,0,0,0,1,1,1,1]}},{"__type__":"cc.Node","_name":"moveNode","_parent":{"__id__":20},"_children":[{"__id__":22},{"__id__":31}],"_trs":{"__type__":"TypedArray","ctor":"Float64Array","array":[-85,0,0,0,0,0,1,1,1,1]}},{"__type__":"cc.Node","_name":"innerNode","_parent":{"__id__":21},"_children":[{"__id__":23},{"__id__":26}],"_trs":{"__type__":"TypedArray","ctor":"Float64Array","array":[0,0,0,0,0,0,1,1,1,1]}},{"__type__":"cc.Node","_name":"scrollview","_parent":{"__id__":22},"_children":[{"__id__":24}],"_components":[{"__type__":"cc.Sprite","node":{"__id__":23},"_materials":[{"__uuid__":"ecpdLyjvZBwrvm+cedCcQy"}],"_spriteFrame":{"__uuid__":"ceWfd9GLtPAavPD5hof2/o"},"_type":1,"_sizeMode":0},{"__type__":"cc.ScrollView","node":{"__id__":23},"horizontal":false,"brake":0.75,"bounceDuration":0.23,"_N$content":{"__id__":25},"content":{"__id__":25},"_N$horizontalScrollBar":null,"_N$verticalScrollBar":null}],"_contentSize":{"__type__":"cc.Size","width":170,"height":550},"_trs":{"__type__":"TypedArray","ctor":"Float64Array","array":[0,0,0,0,0,0,1,1,1,1]}},{"__type__":"cc.Node","_name":"view","_parent":{"__id__":23},"_children":[{"__id__":25}],"_components":[{"__type__":"cc.Mask","node":{"__id__":24},"_materials":[{"__uuid__":"ecpdLyjvZBwrvm+cedCcQy"}],"_N$alphaThreshold":0}],"_contentSize":{"__type__":"cc.Size","width":170,"height":550},"_trs":{"__type__":"TypedArray","ctor":"Float64Array","array":[0,0,0,0,0,0,1,1,1,1]}},{"__type__":"cc.Node","_name":"content","_parent":{"__id__":24},"_components":[{"__type__":"cc.Layout","node":{"__id__":25},"_layoutSize":{"__type__":"cc.Size","width":170,"height":100.64},"_resize":1,"_N$layoutType":2,"_N$paddingTop":10,"_N$paddingBottom":10,"_N$spacingY":2,"_N$affectedByScale":true}],"_contentSize":{"__type__":"cc.Size","width":170,"height":100.64},"_anchorPoint":{"__type__":"cc.Vec2","x":0.5,"y":1},"_trs":{"__type__":"TypedArray","ctor":"Float64Array","array":[0,275,0,0,0,0,1,1,1,1]}},{"__type__":"cc.Node","_name":"gameselectCell","_parent":{"__id__":22},"_children":[{"__id__":27},{"__id__":29}],"_components":[{"__type__":"c9cfe8TohJG8KOLJb9ODdnV","node":{"__id__":26},"targetSprite":{"__id__":28},"button":{"__id__":30}}],"_contentSize":{"__type__":"cc.Size","width":170,"height":96},"_trs":{"__type__":"TypedArray","ctor":"Float64Array","array":[0,224.68,0,0,0,0,1,1,1,1]}},{"__type__":"cc.Node","_name":"gameselectSprite","_parent":{"__id__":26},"_components":[{"__id__":28}],"_contentSize":{"__type__":"cc.Size","width":167,"height":94},"_trs":{"__type__":"TypedArray","ctor":"Float64Array","array":[0,0,0,0,0,0,1,1,1,1]}},{"__type__":"cc.Sprite","node":{"__id__":27},"_materials":[{"__uuid__":"ecpdLyjvZBwrvm+cedCcQy"}],"_spriteFrame":{"__uuid__":"a0Sq9wcFdJsJ6yR7CJZE/g"}},{"__type__":"cc.Node","_name":"button","_parent":{"__id__":26},"_components":[{"__id__":30}],"_contentSize":{"__type__":"cc.Size","width":170,"height":96},"_trs":{"__type__":"TypedArray","ctor":"Float64Array","array":[0,0,0,0,0,0,1,1,1,1]}},{"__type__":"cc.Button","node":{"__id__":29},"_normalMaterial":{"__uuid__":"ecpdLyjvZBwrvm+cedCcQy"},"duration":0.05,"zoomScale":1.1,"clickEvents":[{"__type__":"cc.ClickEvent","target":{"__id__":26},"_componentId":"c9cfe8TohJG8KOLJb9ODdnV","handler":"onCellBtnClick"}],"_N$transition":3,"transition":3,"_N$normalColor":{"__type__":"cc.Color","r":230,"g":230,"b":230},"_N$pressedColor":{"__type__":"cc.Color","r":200,"g":200,"b":200},"pressedColor":{"__type__":"cc.Color","r":200,"g":200,"b":200},"_N$disabledColor":{"__type__":"cc.Color","r":120,"g":120,"b":120,"a":200},"_N$target":{"__id__":27}},{"__type__":"cc.Node","_name":"bannerNode","_parent":{"__id__":21},"_children":[{"__id__":32}],"_trs":{"__type__":"TypedArray","ctor":"Float64Array","array":[85,0,0,0,0,0,1,1,1,1]}},{"__type__":"cc.Node","_name":"bannerBtn","_parent":{"__id__":31},"_children":[{"__id__":33}],"_components":[{"__type__":"cc.Button","node":{"__id__":32},"_normalMaterial":{"__uuid__":"ecpdLyjvZBwrvm+cedCcQy"},"duration":0.05,"zoomScale":1.1,"clickEvents":[{"__type__":"cc.ClickEvent","target":{"__id__":19},"_componentId":"bed1cqTCmdA6qgo4Z3cfenb","handler":"onBannerClick"}],"_N$transition":3,"transition":3,"_N$normalColor":{"__type__":"cc.Color","r":230,"g":230,"b":230},"_N$pressedColor":{"__type__":"cc.Color","r":200,"g":200,"b":200},"pressedColor":{"__type__":"cc.Color","r":200,"g":200,"b":200},"_N$disabledColor":{"__type__":"cc.Color","r":120,"g":120,"b":120,"a":200},"_N$target":{"__id__":33}}],"_contentSize":{"__type__":"cc.Size","width":44,"height":171},"_trs":{"__type__":"TypedArray","ctor":"Float64Array","array":[22,0,0,0,0,0,1,1,1,1]}},{"__type__":"cc.Node","_name":"Background","_parent":{"__id__":32},"_children":[{"__id__":34}],"_components":[{"__type__":"cc.Sprite","node":{"__id__":33},"_materials":[{"__uuid__":"ecpdLyjvZBwrvm+cedCcQy"}],"_spriteFrame":{"__uuid__":"7dX8z7rcpADoMKZAncD+GD"}}],"_contentSize":{"__type__":"cc.Size","width":44,"height":174},"_trs":{"__type__":"TypedArray","ctor":"Float64Array","array":[0,0,0,0,0,0,1,1,1,1]}},{"__type__":"cc.Node","_name":"btnLabel","_parent":{"__id__":33},"_components":[{"__id__":35}],"_contentSize":{"__type__":"cc.Size","width":22,"height":48},"_trs":{"__type__":"TypedArray","ctor":"Float64Array","array":[0,0.993,0,0,0,0,1,1,1,1]}},{"__type__":"cc.Label","node":{"__id__":34},"_materials":[{"__uuid__":"ecpdLyjvZBwrvm+cedCcQy"}],"_useOriginalSize":false,"_string":"全部","_N$string":"全部","_fontSize":22,"_lineHeight":24,"_N$file":{"__uuid__":"45KrewffJAKrQ8nUMzNoS9"},"_isSystemFontUsed":false,"_N$horizontalAlign":1,"_N$verticalAlign":1,"_N$overflow":3},{"__type__":"daa4fkeRTVMdJlMNCCc8d4e","node":{"__id__":5},"deskPrefab":{"__uuid__":"57WwrcX7tH1KQTHlhzB7qs"},"content":{"__id__":8},"pageContent":{"__id__":11},"emptyNode":{"__id__":37},"_sendUserInfoMaxTime":2,"deskListGroupTouch":{"__id__":12},"pageShow":{"__id__":18}},{"__type__":"cc.Node","_name":"emptyNode","_parent":{"__id__":5},"_children":[{"__id__":38},{"__id__":39}],"_trs":{"__type__":"TypedArray","ctor":"Float64Array","array":[0,0,0,0,0,0,1,1,1,1]}},{"__type__":"cc.Node","_name":"lb_0002_noroom","_parent":{"__id__":37},"_components":[{"__type__":"cc.Sprite","node":{"__id__":38},"_materials":[{"__uuid__":"ecpdLyjvZBwrvm+cedCcQy"}],"_spriteFrame":{"__uuid__":"d42faG3ThOgobhUIpzb/rC"}}],"_contentSize":{"__type__":"cc.Size","width":48,"height":55},"_trs":{"__type__":"TypedArray","ctor":"Float64Array","array":[0,27.182,0,0,0,0,1,1,1,1]}},{"__type__":"cc.Node","_name":"tips","_parent":{"__id__":37},"_components":[{"__type__":"cc.Label","node":{"__id__":39},"_materials":[{"__uuid__":"ecpdLyjvZBwrvm+cedCcQy"}],"_useOriginalSize":false,"_string":"暂无桌子信息","_N$string":"暂无桌子信息","_fontSize":28,"_lineHeight":30,"_N$horizontalAlign":1,"_N$verticalAlign":1}],"_color":{"__type__":"cc.Color","r":194,"g":206,"b":248},"_contentSize":{"__type__":"cc.Size","width":168,"height":37.8},"_trs":{"__type__":"TypedArray","ctor":"Float64Array","array":[0,-52.453,0,0,0,0,1,1,1,1]}},{"__type__":"cc.Node","_name":"HallMyUserInfo","_parent":{"__id__":2},"_children":[{"__id__":41},{"__id__":48},{"__id__":55},{"__id__":69},{"__id__":71}],"_components":[{"__type__":"cc.Sprite","node":{"__id__":40},"_materials":[{"__uuid__":"ecpdLyjvZBwrvm+cedCcQy"}],"_spriteFrame":{"__uuid__":"15f8YCTEZCzoRtV8dezn/g"},"_type":1,"_sizeMode":0},{"__type__":"14be0CP7QdJIIiqv57K95Th","node":{"__id__":40},"userIcon":{"__id__":59},"userName":{"__id__":64},"userNo":{"__id__":67},"roomCardLabel":{"__id__":45},"goldNumLabel":{"__id__":52},"man_Mark":{"__id__":61},"woman_Mark":{"__id__":62}},{"__type__":"407a9Qk3BVIYqQULVDD7Dws","node":{"__id__":40},"_offWidth":0,"checkMaxWidth":false},{"__type__":"cc.Widget","node":{"__id__":40},"_alignFlags":1}],"_contentSize":{"__type__":"cc.Size","width":1280,"height":80},"_trs":{"__type__":"TypedArray","ctor":"Float64Array","array":[0,320,0,0,0,0,1,1,1,1]}},{"__type__":"cc.Node","_name":"roomCard","_parent":{"__id__":40},"_children":[{"__id__":42},{"__id__":47}],"_components":[{"__type__":"cc.Widget","node":{"__id__":41},"alignMode":2,"_alignFlags":8,"_left":300.5}],"_contentSize":{"__type__":"cc.Size","width":171,"height":36},"_trs":{"__type__":"TypedArray","ctor":"Float64Array","array":[-254,16,0,0,0,0,1,1,1,1]}},{"__type__":"cc.Node","_name":"back","_parent":{"__id__":41},"_children":[{"__id__":43},{"__id__":44},{"__id__":46}],"_components":[{"__type__":"cc.Sprite","node":{"__id__":42},"_materials":[{"__uuid__":"ecpdLyjvZBwrvm+cedCcQy"}],"_spriteFrame":{"__uuid__":"e4JWBP3FdHiaQp3kN2MS+9"}}],"_contentSize":{"__type__":"cc.Size","width":171,"height":36},"_trs":{"__type__":"TypedArray","ctor":"Float64Array","array":[0,0,0,0,0,0,1,1,1,1]}},{"__type__":"cc.Node","_name":"room+","_parent":{"__id__":42},"_components":[{"__type__":"cc.Sprite","node":{"__id__":43},"_materials":[{"__uuid__":"ecpdLyjvZBwrvm+cedCcQy"}],"_spriteFrame":{"__uuid__":"5b085oTFlDz4sMSuDTX4yA"}}],"_contentSize":{"__type__":"cc.Size","width":29,"height":29},"_trs":{"__type__":"TypedArray","ctor":"Float64Array","array":[68.51,0,0,0,0,0,1,1,1,1]}},{"__type__":"cc.Node","_name":"roomCard_num","_parent":{"__id__":42},"_components":[{"__id__":45}],"_contentSize":{"__type__":"cc.Size","width":126,"height":40},"_trs":{"__type__":"TypedArray","ctor":"Float64Array","array":[0,0,0,0,0,0,1,1,1,1]}},{"__type__":"cc.Label","node":{"__id__":44},"_materials":[{"__uuid__":"ecpdLyjvZBwrvm+cedCcQy"}],"_useOriginalSize":false,"_string":"0","_N$string":"0","_fontSize":26,"_N$horizontalAlign":1,"_N$verticalAlign":1,"_N$overflow":2},{"__type__":"cc.Node","_name":"ui_icon_zuanshi","_parent":{"__id__":42},"_components":[{"__type__":"cc.Sprite","node":{"__id__":46},"_materials":[{"__uuid__":"ecpdLyjvZBwrvm+cedCcQy"}],"_spriteFrame":{"__uuid__":"75UlY/hydI/rD88AhIL3DB"}}],"_contentSize":{"__type__":"cc.Size","width":33,"height":40},"_trs":{"__type__":"TypedArray","ctor":"Float64Array","array":[-75,0,0,0,0,0,1,1,1,1]}},{"__type__":"cc.Node","_name":"roomCard_btn","_parent":{"__id__":41},"_components":[{"__type__":"cc.Button","node":{"__id__":47},"duration":0.05,"zoomScale":1.1,"_N$transition":3,"transition":3,"_N$pressedColor":{"__type__":"cc.Color","r":255,"g":255,"b":255},"pressedColor":{"__type__":"cc.Color","r":255,"g":255,"b":255},"_N$disabledColor":{"__type__":"cc.Color","r":255,"g":255,"b":255},"_N$target":{"__id__":42}}],"_contentSize":{"__type__":"cc.Size","width":171,"height":36},"_trs":{"__type__":"TypedArray","ctor":"Float64Array","array":[0,0,0,0,0,0,1,1,1,1]}},{"__type__":"cc.Node","_name":"goldNum","_parent":{"__id__":40},"_children":[{"__id__":49},{"__id__":54}],"_components":[{"__type__":"cc.Widget","node":{"__id__":48},"alignMode":2,"_alignFlags":8,"_left":806.5},{"__type__":"40231dLiFlC8ZlNzO1hvZTQ","node":{"__id__":48}}],"_contentSize":{"__type__":"cc.Size","width":171,"height":36},"_trs":{"__type__":"TypedArray","ctor":"Float64Array","array":[252,16,0,0,0,0,1,1,1,1]}},{"__type__":"cc.Node","_name":"back","_parent":{"__id__":48},"_children":[{"__id__":50},{"__id__":51},{"__id__":53}],"_components":[{"__type__":"cc.Sprite","node":{"__id__":49},"_materials":[{"__uuid__":"ecpdLyjvZBwrvm+cedCcQy"}],"_spriteFrame":{"__uuid__":"e4JWBP3FdHiaQp3kN2MS+9"}}],"_contentSize":{"__type__":"cc.Size","width":171,"height":36},"_trs":{"__type__":"TypedArray","ctor":"Float64Array","array":[0,0,0,0,0,0,1,1,1,1]}},{"__type__":"cc.Node","_name":"gold+","_parent":{"__id__":49},"_components":[{"__type__":"cc.Sprite","node":{"__id__":50},"_materials":[{"__uuid__":"ecpdLyjvZBwrvm+cedCcQy"}],"_spriteFrame":{"__uuid__":"5b085oTFlDz4sMSuDTX4yA"}}],"_contentSize":{"__type__":"cc.Size","width":29,"height":29},"_trs":{"__type__":"TypedArray","ctor":"Float64Array","array":[68.51,0,0,0,0,0,1,1,1,1]}},{"__type__":"cc.Node","_name":"goldCard_num","_parent":{"__id__":49},"_components":[{"__id__":52}],"_contentSize":{"__type__":"cc.Size","width":126,"height":40},"_trs":{"__type__":"TypedArray","ctor":"Float64Array","array":[0,0,0,0,0,0,1,1,1,1]}},{"__type__":"cc.Label","node":{"__id__":51},"_materials":[{"__uuid__":"ecpdLyjvZBwrvm+cedCcQy"}],"_useOriginalSize":false,"_string":"0","_N$string":"0","_fontSize":26,"_N$horizontalAlign":1,"_N$verticalAlign":1,"_N$overflow":2},{"__type__":"cc.Node","_name":"ui_icon_zuanshi","_parent":{"__id__":49},"_components":[{"__type__":"cc.Sprite","node":{"__id__":53},"_materials":[{"__uuid__":"ecpdLyjvZBwrvm+cedCcQy"}],"_spriteFrame":{"__uuid__":"89SgssBU1OeIDAym0IGxoY"}}],"_contentSize":{"__type__":"cc.Size","width":40,"height":40},"_trs":{"__type__":"TypedArray","ctor":"Float64Array","array":[-75,0,0,0,0,0,1,1,1,1]}},{"__type__":"cc.Node","_name":"goldCard_btn","_parent":{"__id__":48},"_components":[{"__type__":"cc.Button","node":{"__id__":54},"duration":0.05,"zoomScale":1.1,"_N$transition":3,"transition":3,"_N$pressedColor":{"__type__":"cc.Color","r":255,"g":255,"b":255},"pressedColor":{"__type__":"cc.Color","r":255,"g":255,"b":255},"_N$disabledColor":{"__type__":"cc.Color","r":255,"g":255,"b":255},"_N$target":{"__id__":49}}],"_contentSize":{"__type__":"cc.Size","width":171,"height":36},"_trs":{"__type__":"TypedArray","ctor":"Float64Array","array":[0,0,0,0,0,0,1,1,1,1]}},{"__type__":"cc.Node","_name":"HeadNode","_parent":{"__id__":40},"_children":[{"__id__":56},{"__id__":57},{"__id__":60},{"__id__":63},{"__id__":65},{"__id__":66},{"__id__":68}],"_components":[{"__type__":"cc.Widget","node":{"__id__":55},"alignMode":2,"_alignFlags":8,"_left":44}],"_trs":{"__type__":"TypedArray","ctor":"Float64Array","array":[-596,0,0,0,0,0,1,1,1,1]}},{"__type__":"cc.Node","_name":"head_floor","_parent":{"__id__":55},"_components":[{"__type__":"cc.Sprite","node":{"__id__":56},"_materials":[{"__uuid__":"ecpdLyjvZBwrvm+cedCcQy"}],"_spriteFrame":{"__uuid__":"7cKdR+vxlEoYOt0XC6YJrI"},"_sizeMode":0}],"_contentSize":{"__type__":"cc.Size","width":70,"height":70},"_trs":{"__type__":"TypedArray","ctor":"Float64Array","array":[0,0,0,0,0,0,1,1,1,1]}},{"__type__":"cc.Node","_name":"headMask","_parent":{"__id__":55},"_children":[{"__id__":58}],"_components":[{"__type__":"cc.Mask","node":{"__id__":57},"_materials":[{"__uuid__":"ecpdLyjvZBwrvm+cedCcQy"}],"_spriteFrame":{"__uuid__":"9cjWjfKoBGubKGwjuNg3Tr"},"_type":2}],"_contentSize":{"__type__":"cc.Size","width":70,"height":70},"_trs":{"__type__":"TypedArray","ctor":"Float64Array","array":[0,0,0,0,0,0,1,1,1,1]}},{"__type__":"cc.Node","_name":"headIcon","_parent":{"__id__":57},"_components":[{"__id__":59}],"_contentSize":{"__type__":"cc.Size","width":70,"height":70},"_trs":{"__type__":"TypedArray","ctor":"Float64Array","array":[0,0,0,0,0,0,1,1,1,1]}},{"__type__":"cc.Sprite","node":{"__id__":58},"_materials":[{"__uuid__":"ecpdLyjvZBwrvm+cedCcQy"}],"_sizeMode":0},{"__type__":"cc.Node","_name":"dt_0008_xingming","_parent":{"__id__":55},"_children":[{"__id__":61},{"__id__":62}],"_components":[{"__type__":"cc.Sprite","node":{"__id__":60},"_materials":[{"__uuid__":"ecpdLyjvZBwrvm+cedCcQy"}],"_spriteFrame":{"__uuid__":"ce6KViHCdOB5A58UGRSJij"}}],"_contentSize":{"__type__":"cc.Size","width":176,"height":36},"_trs":{"__type__":"TypedArray","ctor":"Float64Array","array":[137,16,0,0,0,0,1,1,1,1]}},{"__type__":"cc.Node","_name":"man","_parent":{"__id__":60},"_components":[{"__type__":"cc.Sprite","node":{"__id__":61},"_materials":[{"__uuid__":"ecpdLyjvZBwrvm+cedCcQy"}],"_spriteFrame":{"__uuid__":"38/pC2XrVH1KECkobdGxwj"}}],"_contentSize":{"__type__":"cc.Size","width":24,"height":24},"_trs":{"__type__":"TypedArray","ctor":"Float64Array","array":[-70,0,0,0,0,0,1,1,1,1]}},{"__type__":"cc.Node","_name":"woman","_parent":{"__id__":60},"_components":[{"__type__":"cc.Sprite","node":{"__id__":62},"_materials":[{"__uuid__":"ecpdLyjvZBwrvm+cedCcQy"}],"_spriteFrame":{"__uuid__":"58oQ4dv8ZIe67wZHcJB+3o"}}],"_contentSize":{"__type__":"cc.Size","width":24,"height":24},"_trs":{"__type__":"TypedArray","ctor":"Float64Array","array":[-70,0,0,0,0,0,1,1,1,1]}},{"__type__":"cc.Node","_name":"userName","_parent":{"__id__":55},"_components":[{"__id__":64}],"_contentSize":{"__type__":"cc.Size","width":110,"height":30.24},"_anchorPoint":{"__type__":"cc.Vec2","y":0.5},"_trs":{"__type__":"TypedArray","ctor":"Float64Array","array":[84.044,18,0,0,0,0,1,1,1,1]}},{"__type__":"cc.Label","node":{"__id__":63},"_materials":[{"__uuid__":"ecpdLyjvZBwrvm+cedCcQy"}],"_useOriginalSize":false,"_string":"五个字的名","_N$string":"五个字的名","_fontSize":22,"_lineHeight":24,"_N$horizontalAlign":1,"_N$verticalAlign":1},{"__type__":"cc.Node","_name":"dt_0012_ID","_parent":{"__id__":55},"_components":[{"__type__":"cc.Sprite","node":{"__id__":65},"_materials":[{"__uuid__":"ecpdLyjvZBwrvm+cedCcQy"}],"_spriteFrame":{"__uuid__":"1aPrbIuvhLfbg/IMelOSC7"}}],"_contentSize":{"__type__":"cc.Size","width":28,"height":29},"_trs":{"__type__":"TypedArray","ctor":"Float64Array","array":[65.017,-17,0,0,0,0,1,1,1,1]}},{"__type__":"cc.Node","_name":"userNum","_parent":{"__id__":55},"_components":[{"__id__":67}],"_contentSize":{"__type__":"cc.Size","width":12.24,"height":30.24},"_anchorPoint":{"__type__":"cc.Vec2","y":0.5},"_trs":{"__type__":"TypedArray","ctor":"Float64Array","array":[84.171,-17,0,0,0,0,1,1,1,1]}},{"__type__":"cc.Label","node":{"__id__":66},"_materials":[{"__uuid__":"ecpdLyjvZBwrvm+cedCcQy"}],"_useOriginalSize":false,"_string":"0","_N$string":"0","_fontSize":22,"_lineHeight":24,"_N$horizontalAlign":1,"_N$verticalAlign":1},{"__type__":"cc.Node","_name":"clickBtn","_parent":{"__id__":55},"_components":[{"__type__":"cc.Button","node":{"__id__":68},"clickEvents":[{"__type__":"cc.ClickEvent","target":{"__id__":40},"_componentId":"14be0CP7QdJIIiqv57K95Th","handler":"onHeadClick"}],"_N$pressedColor":{"__type__":"cc.Color","r":255,"g":255,"b":255},"pressedColor":{"__type__":"cc.Color","r":255,"g":255,"b":255},"_N$disabledColor":{"__type__":"cc.Color","r":255,"g":255,"b":255},"_N$target":{"__id__":68}}],"_contentSize":{"__type__":"cc.Size","width":80,"height":80},"_trs":{"__type__":"TypedArray","ctor":"Float64Array","array":[0,0,0,0,0,0,1,1,1,1]},"_groupIndex":6,"groupIndex":6},{"__type__":"cc.Node","_name":"backNode","_parent":{"__id__":40},"_children":[{"__id__":70}],"_components":[{"__type__":"cc.Widget","node":{"__id__":69},"alignMode":2,"_alignFlags":32}],"_contentSize":{"__type__":"cc.Size","width":130,"height":68},"_trs":{"__type__":"TypedArray","ctor":"Float64Array","array":[575,0,0,0,0,0,1,1,1,1]}},{"__type__":"cc.Node","_name":"backBtn","_parent":{"__id__":69},"_components":[{"__type__":"cc.Sprite","node":{"__id__":70},"_materials":[{"__uuid__":"ecpdLyjvZBwrvm+cedCcQy"}],"_spriteFrame":{"__uuid__":"77vJoQk29EhrM6tdZy7P46"}},{"__type__":"cc.Button","node":{"__id__":70},"duration":0.05,"zoomScale":1.1,"_N$transition":3,"transition":3,"_N$normalColor":{"__type__":"cc.Color","r":214,"g":214,"b":214}}],"_contentSize":{"__type__":"cc.Size","width":130,"height":68},"_trs":{"__type__":"TypedArray","ctor":"Float64Array","array":[0,0,0,0,0,0,1,1,1,1]}},{"__type__":"cc.Node","_name":"title_di","_parent":{"__id__":40},"_children":[{"__id__":72},{"__id__":74}],"_components":[{"__type__":"cc.Sprite","node":{"__id__":71},"_materials":[{"__uuid__":"ecpdLyjvZBwrvm+cedCcQy"}],"_spriteFrame":{"__uuid__":"e3XzfGFDxLerFhICfePd9S"},"_sizeMode":0}],"_contentSize":{"__type__":"cc.Size","width":278,"height":85},"_trs":{"__type__":"TypedArray","ctor":"Float64Array","array":[0,-2.5,0,0,0,0,1,1,1,1]}},{"__type__":"cc.Node","_name":"leagueName","_parent":{"__id__":71},"_components":[{"__id__":73}],"_contentSize":{"__type__":"cc.Size","width":96,"height":30.24},"_trs":{"__type__":"TypedArray","ctor":"Float64Array","array":[0,18.159,0,0,0,0,1,1,1,1]}},{"__type__":"cc.Label","node":{"__id__":72},"_materials":[{"__uuid__":"ecpdLyjvZBwrvm+cedCcQy"}],"_useOriginalSize":false,"_string":"联盟名字","_N$string":"联盟名字","_fontSize":24,"_lineHeight":24,"_N$horizontalAlign":1,"_N$verticalAlign":1},{"__type__":"cc.Node","_name":"leagueId","_parent":{"__id__":71},"_components":[{"__id__":75}],"_color":{"__type__":"cc.Color","r":194,"g":206,"b":248},"_contentSize":{"__type__":"cc.Size","width":63,"height":26.46},"_trs":{"__type__":"TypedArray","ctor":"Float64Array","array":[0,-12.531,0,0,0,0,1,1,1,1]}},{"__type__":"cc.Label","node":{"__id__":74},"_materials":[{"__uuid__":"ecpdLyjvZBwrvm+cedCcQy"}],"_useOriginalSize":false,"_string":"联盟ID","_N$string":"联盟ID","_fontSize":21,"_lineHeight":21,"_N$horizontalAlign":1,"_N$verticalAlign":1},{"__type__":"cc.Node","_name":"downNode","_parent":{"__id__":2},"_children":[{"__id__":77},{"__id__":78},{"__id__":92}],"_components":[{"__type__":"407a9Qk3BVIYqQULVDD7Dws","node":{"__id__":76},"_offWidth":0,"checkMaxWidth":false},{"__type__":"cc.Widget","node":{"__id__":76},"_alignFlags":4}],"_contentSize":{"__type__":"cc.Size","width":1280,"height":80},"_trs":{"__type__":"TypedArray","ctor":"Float64Array","array":[0,-320,0,0,0,0,1,1,1,1]}},{"__type__":"cc.Node","_name":"ui_updi","_parent":{"__id__":76},"_components":[{"__type__":"cc.Sprite","node":{"__id__":77},"_materials":[{"__uuid__":"ecpdLyjvZBwrvm+cedCcQy"}],"_spriteFrame":{"__uuid__":"faUXA+0pdA1LUKTdluS6vg"},"_type":1,"_sizeMode":0},{"__type__":"407a9Qk3BVIYqQULVDD7Dws","node":{"__id__":77},"_offWidth":0,"checkMaxWidth":false}],"_contentSize":{"__type__":"cc.Size","width":1280,"height":80},"_trs":{"__type__":"TypedArray","ctor":"Float64Array","array":[0,0,0,0,0,0,1,1,1,1]}},{"__type__":"cc.Node","_name":"layout","_parent":{"__id__":76},"_children":[{"__id__":79},{"__id__":81},{"__id__":82},{"__id__":85},{"__id__":86},{"__id__":88},{"__id__":89}],"_components":[{"__id__":91},{"__type__":"a793dIcmk9D+4XySbSsfAUR","node":{"__id__":78},"layout":{"__id__":91}}],"_contentSize":{"__type__":"cc.Size","width":538,"height":66},"_trs":{"__type__":"TypedArray","ctor":"Float64Array","array":[0,-7,0,0,0,0,1,1,1,1]}},{"__type__":"cc.Node","_name":"leagueSetting","_parent":{"__id__":78},"_children":[{"__id__":80}],"_contentSize":{"__type__":"cc.Size","width":170,"height":66},"_trs":{"__type__":"TypedArray","ctor":"Float64Array","array":[-184,0,0,0,0,0,1,1,1,1]},"_groupIndex":2,"groupIndex":2},{"__type__":"cc.Node","_name":"leagueSettingBtn","_parent":{"__id__":79},"_components":[{"__type__":"cc.Button","node":{"__id__":80},"duration":0.05,"zoomScale":1.1,"_N$transition":3,"transition":3,"_N$normalColor":{"__type__":"cc.Color","r":230,"g":230,"b":230},"_N$pressedColor":{"__type__":"cc.Color","r":200,"g":200,"b":200},"pressedColor":{"__type__":"cc.Color","r":200,"g":200,"b":200},"_N$disabledColor":{"__type__":"cc.Color","r":120,"g":120,"b":120,"a":200},"_N$target":{"__id__":80}},{"__type__":"cc.Sprite","node":{"__id__":80},"_materials":[{"__uuid__":"ecpdLyjvZBwrvm+cedCcQy"}],"_spriteFrame":{"__uuid__":"729Tikk4xJDKA09WSBxn9a"}}],"_color":{"__type__":"cc.Color","r":230,"g":230,"b":230},"_contentSize":{"__type__":"cc.Size","width":137,"height":34},"_trs":{"__type__":"TypedArray","ctor":"Float64Array","array":[0,0,0,0,0,0,1,1,1,1]}},{"__type__":"cc.Node","_name":"cj_0033_club_line","_parent":{"__id__":78},"_components":[{"__type__":"cc.Sprite","node":{"__id__":81},"_materials":[{"__uuid__":"ecpdLyjvZBwrvm+cedCcQy"}],"_spriteFrame":{"__uuid__":"92BXrAJR9GsZ3QIumQw1XK"}}],"_contentSize":{"__type__":"cc.Size","width":4,"height":64},"_trs":{"__type__":"TypedArray","ctor":"Float64Array","array":[-97,-2,0,0,0,0,1,1,1,1]}},{"__type__":"cc.Node","_name":"leagueClubs","_parent":{"__id__":78},"_children":[{"__id__":83},{"__id__":84}],"_components":[{"__type__":"465a06axAFCvLp9sXiqwwg5","node":{"__id__":82},"redPoint":{"__id__":84},"checkType":3}],"_contentSize":{"__type__":"cc.Size","width":200,"height":66},"_trs":{"__type__":"TypedArray","ctor":"Float64Array","array":[5,0,0,0,0,0,1,1,1,1]},"_groupIndex":2,"groupIndex":2},{"__type__":"cc.Node","_name":"leagueClubsBtn","_parent":{"__id__":82},"_components":[{"__type__":"cc.Button","node":{"__id__":83},"duration":0.05,"zoomScale":1.1,"_N$transition":3,"transition":3,"_N$normalColor":{"__type__":"cc.Color","r":230,"g":230,"b":230},"_N$pressedColor":{"__type__":"cc.Color","r":200,"g":200,"b":200},"pressedColor":{"__type__":"cc.Color","r":200,"g":200,"b":200},"_N$disabledColor":{"__type__":"cc.Color","r":120,"g":120,"b":120,"a":200},"_N$target":{"__id__":83}},{"__type__":"cc.Sprite","node":{"__id__":83},"_materials":[{"__uuid__":"ecpdLyjvZBwrvm+cedCcQy"}],"_spriteFrame":{"__uuid__":"bdNeKgW+FMtb2efQgrNkLV"}}],"_color":{"__type__":"cc.Color","r":230,"g":230,"b":230},"_contentSize":{"__type__":"cc.Size","width":157,"height":32},"_trs":{"__type__":"TypedArray","ctor":"Float64Array","array":[0,0,0,0,0,0,1,1,1,1]}},{"__type__":"cc.Node","_name":"redPoint","_parent":{"__id__":82},"_components":[{"__type__":"cc.Sprite","node":{"__id__":84},"_materials":[{"__uuid__":"ecpdLyjvZBwrvm+cedCcQy"}],"_spriteFrame":{"__uuid__":"7dxClmcoFBIJh5D+lXlyhN"}}],"_contentSize":{"__type__":"cc.Size","width":38,"height":40},"_trs":{"__type__":"TypedArray","ctor":"Float64Array","array":[88.246,20.773,0,0,0,0,1,1,1,1]}},{"__type__":"cc.Node","_name":"cj_0033_club_line","_parent":{"__id__":78},"_components":[{"__type__":"cc.Sprite","node":{"__id__":85},"_materials":[{"__uuid__":"ecpdLyjvZBwrvm+cedCcQy"}],"_spriteFrame":{"__uuid__":"92BXrAJR9GsZ3QIumQw1XK"}}],"_contentSize":{"__type__":"cc.Size","width":4,"height":64},"_trs":{"__type__":"TypedArray","ctor":"Float64Array","array":[107,-2,0,0,0,0,1,1,1,1]}},{"__type__":"cc.Node","_name":"leagueRanking","_parent":{"__id__":78},"_children":[{"__id__":87}],"_active":false,"_contentSize":{"__type__":"cc.Size","width":160,"height":66},"_trs":{"__type__":"TypedArray","ctor":"Float64Array","array":[107,0,0,0,0,0,1,1,1,1]},"_groupIndex":2,"groupIndex":2},{"__type__":"cc.Node","_name":"leagueRankingBtn","_parent":{"__id__":86},"_components":[{"__type__":"cc.Button","node":{"__id__":87},"duration":0.05,"zoomScale":1.1,"_N$transition":3,"transition":3,"_N$normalColor":{"__type__":"cc.Color","r":230,"g":230,"b":230},"_N$pressedColor":{"__type__":"cc.Color","r":200,"g":200,"b":200},"pressedColor":{"__type__":"cc.Color","r":200,"g":200,"b":200},"_N$disabledColor":{"__type__":"cc.Color","r":120,"g":120,"b":120,"a":200},"_N$target":{"__id__":87}},{"__type__":"cc.Label","node":{"__id__":87},"_materials":[{"__uuid__":"ecpdLyjvZBwrvm+cedCcQy"}],"_string":"暂代","_N$string":"暂代","_fontSize":32,"_lineHeight":32,"_N$horizontalAlign":1,"_N$verticalAlign":1}],"_color":{"__type__":"cc.Color","r":230,"g":230,"b":230},"_contentSize":{"__type__":"cc.Size","width":64,"height":40.32},"_trs":{"__type__":"TypedArray","ctor":"Float64Array","array":[0,0,0,0,0,0,1,1,1,1]}},{"__type__":"cc.Node","_name":"cj_0033_club_line","_parent":{"__id__":78},"_active":false,"_components":[{"__type__":"cc.Sprite","node":{"__id__":88},"_materials":[{"__uuid__":"ecpdLyjvZBwrvm+cedCcQy"}],"_spriteFrame":{"__uuid__":"92BXrAJR9GsZ3QIumQw1XK"}}],"_contentSize":{"__type__":"cc.Size","width":4,"height":64},"_trs":{"__type__":"TypedArray","ctor":"Float64Array","array":[109,-2,0,0,0,0,1,1,1,1]}},{"__type__":"cc.Node","_name":"leagueRecord","_parent":{"__id__":78},"_children":[{"__id__":90}],"_contentSize":{"__type__":"cc.Size","width":160,"height":66},"_trs":{"__type__":"TypedArray","ctor":"Float64Array","array":[189,0,0,0,0,0,1,1,1,1]},"_groupIndex":2,"groupIndex":2},{"__type__":"cc.Node","_name":"leagueRecordBtn","_parent":{"__id__":89},"_components":[{"__type__":"cc.Button","node":{"__id__":90},"duration":0.05,"zoomScale":1.1,"_N$transition":3,"transition":3,"_N$normalColor":{"__type__":"cc.Color","r":230,"g":230,"b":230},"_N$pressedColor":{"__type__":"cc.Color","r":200,"g":200,"b":200},"pressedColor":{"__type__":"cc.Color","r":200,"g":200,"b":200},"_N$disabledColor":{"__type__":"cc.Color","r":120,"g":120,"b":120,"a":200},"_N$target":{"__id__":90}},{"__type__":"cc.Sprite","node":{"__id__":90},"_materials":[{"__uuid__":"ecpdLyjvZBwrvm+cedCcQy"}],"_spriteFrame":{"__uuid__":"cb4KPhWQ1ApJbXHSApCjs0"}}],"_color":{"__type__":"cc.Color","r":230,"g":230,"b":230},"_contentSize":{"__type__":"cc.Size","width":134,"height":33},"_trs":{"__type__":"TypedArray","ctor":"Float64Array","array":[0,0,0,0,0,0,1,1,1,1]}},{"__type__":"cc.Layout","node":{"__id__":78},"_layoutSize":{"__type__":"cc.Size","width":538,"height":66},"_resize":1,"_N$layoutType":1},{"__type__":"cc.Node","_name":"createRoom","_parent":{"__id__":76},"_children":[{"__id__":93}],"_components":[{"__type__":"cc.Button","node":{"__id__":92},"duration":0.05,"zoomScale":1.1,"_N$transition":3,"transition":3,"_N$normalColor":{"__type__":"cc.Color","r":230,"g":230,"b":230},"_N$pressedColor":{"__type__":"cc.Color","r":200,"g":200,"b":200},"pressedColor":{"__type__":"cc.Color","r":200,"g":200,"b":200},"_N$disabledColor":{"__type__":"cc.Color","r":120,"g":120,"b":120,"a":200},"_N$target":{"__id__":93}},{"__type__":"cc.Widget","node":{"__id__":92},"_alignFlags":32}],"_contentSize":{"__type__":"cc.Size","width":266,"height":70},"_trs":{"__type__":"TypedArray","ctor":"Float64Array","array":[507,-4,0,0,0,0,1,1,1,1]}},{"__type__":"cc.Node","_name":"Background","_parent":{"__id__":92},"_components":[{"__type__":"cc.Sprite","node":{"__id__":93},"_materials":[{"__uuid__":"ecpdLyjvZBwrvm+cedCcQy"}],"_spriteFrame":{"__uuid__":"e95bb8O15DDaezEBkYuRuG"}}],"_color":{"__type__":"cc.Color","r":230,"g":230,"b":230},"_contentSize":{"__type__":"cc.Size","width":266,"height":70},"_trs":{"__type__":"TypedArray","ctor":"Float64Array","array":[0,0,0,0,0,0,1,1,1,1]}},{"__type__":"cc.Node","_name":"UI","_parent":{"__id__":2},"_children":[{"__id__":95},{"__id__":96},{"__id__":99}],"_components":[{"__type__":"cc.Layout","node":{"__id__":94},"_layoutSize":{"__type__":"cc.Size","width":1280,"height":720}},{"__type__":"cc.Widget","node":{"__id__":94},"_alignFlags":45,"_originalWidth":1280,"_originalHeight":720}],"_prefab":{"__type__":"cc.PrefabInfo","root":{"__id__":94},"asset":{"__uuid__":"1aDaWFwQVIEIWwcoVXqt2s"},"fileId":"2c935h/dIVKQ6MSxLu8BJMb"},"_contentSize":{"__type__":"cc.Size","width":1280,"height":720},"_trs":{"__type__":"TypedArray","ctor":"Float64Array","array":[0,0,0,0,0,0,1,1,1,1]}},{"__type__":"cc.Node","_name":"Normal","_parent":{"__id__":94},"_components":[{"__type__":"cc.Widget","node":{"__id__":95},"_alignFlags":45}],"_prefab":{"__type__":"cc.PrefabInfo","root":{"__id__":94},"asset":{"__uuid__":"1aDaWFwQVIEIWwcoVXqt2s"},"fileId":"32dccFjS+NEKKCn++A5hgHr"},"_contentSize":{"__type__":"cc.Size","width":1280,"height":720},"_trs":{"__type__":"TypedArray","ctor":"Float64Array","array":[0,0,0,0,0,0,1,1,1,1]}},{"__type__":"cc.Node","_name":"ForWord","_parent":{"__id__":94},"_children":[{"__id__":97},{"__id__":98}],"_components":[{"__type__":"cc.Widget","node":{"__id__":96},"_alignFlags":45}],"_prefab":{"__type__":"cc.PrefabInfo","root":{"__id__":94},"asset":{"__uuid__":"1aDaWFwQVIEIWwcoVXqt2s"},"fileId":"6bd5c/tA2FIcbjUXJm1Vo4I"},"_contentSize":{"__type__":"cc.Size","width":1280,"height":720},"_trs":{"__type__":"TypedArray","ctor":"Float64Array","array":[0,0,0,0,0,0,1,1,1,1]}},{"__type__":"cc.Node","_name":"Mask","_parent":{"__id__":96},"_active":false,"_components":[{"__type__":"cc.Button","node":{"__id__":97},"_N$normalColor":{"__type__":"cc.Color","r":214,"g":214,"b":214},"_N$target":{"__id__":97}},{"__type__":"cc.Widget","node":{"__id__":97},"_wasAlignOnce":{},"isAlignOnce":{},"_alignFlags":45,"_originalWidth":1280,"_originalHeight":960}],"_prefab":{"__type__":"cc.PrefabInfo","root":{"__id__":94},"asset":{"__uuid__":"1aDaWFwQVIEIWwcoVXqt2s"},"fileId":"d7118yAG5lKybkFOAh8koPL"},"_opacity":128,"_color":{"__type__":"cc.Color"},"_contentSize":{"__type__":"cc.Size","width":1280,"height":960},"_trs":{"__type__":"TypedArray","ctor":"Float64Array","array":[0,0,0,0,0,0,1,1,1,1]}},{"__type__":"cc.Node","_name":"TouchNode","_parent":{"__id__":96},"_active":false,"_components":[{"__type__":"c09fd37JJBE+busWPGPNEVX","node":{"__id__":98}}],"_prefab":{"__type__":"cc.PrefabInfo","root":{"__id__":94},"asset":{"__uuid__":"1aDaWFwQVIEIWwcoVXqt2s"},"fileId":"afd43c2zYZGx5j1CBspn46n"},"_opacity":0,"_contentSize":{"__type__":"cc.Size","width":1280,"height":960},"_trs":{"__type__":"TypedArray","ctor":"Float64Array","array":[0,0,0,0,0,0,1,1,1,1]}},{"__type__":"cc.Node","_name":"testBtnG","_parent":{"__id__":94},"_children":[{"__id__":100}],"_components":[{"__type__":"e7128ldwzlP2q4qUdybIvdD","node":{"__id__":99}}],"_prefab":{"__type__":"cc.PrefabInfo","root":{"__id__":94},"asset":{"__uuid__":"1aDaWFwQVIEIWwcoVXqt2s"},"fileId":"14HUH8Sn5JG7o6Cjo0588u"},"_trs":{"__type__":"TypedArray","ctor":"Float64Array","array":[0,0,0,0,0,0,1,1,1,1]}},{"__type__":"cc.Node","_name":"button","_parent":{"__id__":99},"_children":[{"__id__":101}],"_components":[{"__type__":"cc.Button","node":{"__id__":100},"_normalMaterial":{"__uuid__":"ecpdLyjvZBwrvm+cedCcQy"},"clickEvents":[{"__type__":"cc.ClickEvent","target":{"__id__":99},"_componentId":"e7128ldwzlP2q4qUdybIvdD","handler":"onBtnClick","customEventData":"b2"}],"_N$transition":2,"transition":2,"_N$normalColor":{"__type__":"cc.Color","r":230,"g":230,"b":230},"_N$pressedColor":{"__type__":"cc.Color","r":200,"g":200,"b":200},"pressedColor":{"__type__":"cc.Color","r":200,"g":200,"b":200},"_N$disabledColor":{"__type__":"cc.Color","r":120,"g":120,"b":120,"a":200},"_N$normalSprite":{"__uuid__":"95yc26LhxFyp0kNJAXiGGL"},"_N$pressedSprite":{"__uuid__":"e9gfcI9PBIuq+Ue+oaUDBl"},"pressedSprite":{"__uuid__":"e9gfcI9PBIuq+Ue+oaUDBl"},"_N$hoverSprite":{"__uuid__":"e9gfcI9PBIuq+Ue+oaUDBl"},"hoverSprite":{"__uuid__":"e9gfcI9PBIuq+Ue+oaUDBl"},"_N$disabledSprite":{"__uuid__":"6drbwvAM9Gt4txImcu2YnY"},"_N$target":{"__id__":101}}],"_prefab":{"__type__":"cc.PrefabInfo","root":{"__id__":94},"asset":{"__uuid__":"1aDaWFwQVIEIWwcoVXqt2s"},"fileId":"71JkXeZL1LHLXkgcJcKOKq"},"_contentSize":{"__type__":"cc.Size","width":100,"height":40},"_trs":{"__type__":"TypedArray","ctor":"Float64Array","array":[-557.94,-254.271,0,0,0,0,1,1,1,1]}},{"__type__":"cc.Node","_name":"Background","_parent":{"__id__":100},"_children":[{"__id__":102}],"_components":[{"__type__":"cc.Sprite","node":{"__id__":101},"_materials":[{"__uuid__":"ecpdLyjvZBwrvm+cedCcQy"}],"_spriteFrame":{"__uuid__":"95yc26LhxFyp0kNJAXiGGL"},"_type":1,"_sizeMode":0},{"__type__":"cc.Widget","node":{"__id__":101},"alignMode":0,"_alignFlags":45,"_originalWidth":100,"_originalHeight":40}],"_prefab":{"__type__":"cc.PrefabInfo","root":{"__id__":94},"asset":{"__uuid__":"1aDaWFwQVIEIWwcoVXqt2s"},"fileId":"a1d4xMRhlFwroDSIjOADtL"},"_color":{"__type__":"cc.Color","r":230,"g":230,"b":230},"_contentSize":{"__type__":"cc.Size","width":100,"height":40},"_trs":{"__type__":"TypedArray","ctor":"Float64Array","array":[0,0,0,0,0,0,1,1,1,1]}},{"__type__":"cc.Node","_name":"Label","_parent":{"__id__":101},"_components":[{"__type__":"cc.Label","node":{"__id__":102},"_materials":[{"__uuid__":"ecpdLyjvZBwrvm+cedCcQy"}],"_useOriginalSize":false,"_string":"断线","_N$string":"断线","_fontSize":20,"_enableWrapText":false,"_N$horizontalAlign":1,"_N$verticalAlign":1,"_N$overflow":1}],"_prefab":{"__type__":"cc.PrefabInfo","root":{"__id__":94},"asset":{"__uuid__":"1aDaWFwQVIEIWwcoVXqt2s"},"fileId":"fahWhgb/dE7YLZBQduJBXJ"},"_color":{"__type__":"cc.Color"},"_contentSize":{"__type__":"cc.Size","width":100,"height":40},"_trs":{"__type__":"TypedArray","ctor":"Float64Array","array":[0,0,0,0,0,0,1,1,1,1]}}]