[{"__type__":"cc.Prefab","_name":"cardBG","data":{"__id__":1}},{"__type__":"cc.Node","_name":"cardBG","_components":[{"__type__":"cc.Sprite","node":{"__id__":1},"_materials":[{"__uuid__":"ecpdLyjvZBwrvm+cedCcQy"}],"_spriteFrame":{"__uuid__":"7f5DXphztCOob6Q4DZp9Q4"}},{"__type__":"438a1/rJeZIz7purDU0KM44","node":{"__id__":1}}],"_prefab":{"__type__":"cc.PrefabInfo","root":{"__id__":1},"asset":{"__uuid__":"b90KcothNDKrsBZgHrOl2V"},"fileId":"aalJvEbqtE4Lu5eHQsydCL"},"_contentSize":{"__type__":"cc.Size","width":181,"height":238},"_trs":{"__type__":"TypedArray","ctor":"Float64Array","array":[0,0,0,0,0,0,1,1,1,1]}}]