[{"__type__":"cc.Prefab","_name":"DMZRoundStart","data":{"__id__":1}},{"__type__":"cc.Node","_name":"DMZRoundStart","_children":[{"__id__":2}],"_prefab":{"__type__":"cc.PrefabInfo","root":{"__id__":1},"asset":{"__id__":0},"fileId":"c7ttiuxGFJ+YOMXf2DusYN"},"_trs":{"__type__":"TypedArray","ctor":"Float64Array","array":[0,0,0,0,0,0,1,1,1,1]},"_groupIndex":8,"groupIndex":8},{"__type__":"cc.Node","_name":"spine","_parent":{"__id__":1},"_components":[{"__type__":"sp.Skeleton","node":{"__id__":2},"_materials":[{"__uuid__":"7a/QZLET9IDreTiBfRn2PD"}],"defaultSkin":"default","defaultAnimation":"ready","_preCacheMode":0,"loop":false,"premultipliedAlpha":false,"_animationName":"ready","_playTimes":1,"_N$skeletonData":{"__uuid__":"53tjG4DHhM0oNfO3qrogwz"}}],"_prefab":{"__type__":"cc.PrefabInfo","root":{"__id__":1},"asset":{"__id__":0},"fileId":"78kNVTisdJabQ8ZjydJzbd"},"_trs":{"__type__":"TypedArray","ctor":"Float64Array","array":[0,0,0,0,0,0,1,1,1,1]},"_groupIndex":2,"groupIndex":2}]