[{"__type__":"cc.Prefab","_name":"MJBigOver","data":{"__id__":1}},{"__type__":"cc.Node","_name":"MJBigOver","_children":[{"__id__":2},{"__id__":3},{"__id__":4}],"_components":[{"__type__":"cc.Widget","node":{"__id__":1},"_alignFlags":45}],"_prefab":{"__type__":"cc.PrefabInfo","root":{"__id__":1},"asset":{"__uuid__":"38Xv5V9xxFU7coUdxol4ho"},"fileId":"e9ygtFhZtGvKpwt7RLccg/"},"_contentSize":{"__type__":"cc.Size","width":1280,"height":800},"_trs":{"__type__":"TypedArray","ctor":"Float64Array","array":[640,400,0,0,0,0,1,1,1,1]},"_groupIndex":1,"groupIndex":1},{"__type__":"cc.Node","_name":"MaskSprite","_parent":{"__id__":1},"_components":[{"__type__":"cc.Sprite","node":{"__id__":2},"_materials":[{"__uuid__":"ecpdLyjvZBwrvm+cedCcQy"}],"_spriteFrame":{"__uuid__":"a2MjXRFdtLlYQ5ouAFv/+R"},"_sizeMode":0},{"__type__":"11b718w37hPSJCKcE/Qq3AF","node":{"__id__":2}},{"__type__":"cc.Widget","node":{"__id__":2},"_alignFlags":45,"_originalWidth":1920,"_originalHeight":960}],"_prefab":{"__type__":"cc.PrefabInfo","root":{"__id__":1},"asset":{"__uuid__":"38Xv5V9xxFU7coUdxol4ho"},"fileId":"e6YsAzDXtC0pl3MWC28Hfd"},"_opacity":80,"_color":{"__type__":"cc.Color"},"_contentSize":{"__type__":"cc.Size","width":1280,"height":800},"_trs":{"__type__":"TypedArray","ctor":"Float64Array","array":[0,0,0,0,0,0,1,1,1,1]},"_groupIndex":2,"groupIndex":2},{"__type__":"cc.Node","_name":"NodeArea","_parent":{"__id__":1},"_components":[{"__type__":"cc.Widget","node":{"__id__":3},"_alignFlags":45,"_originalWidth":735,"_originalHeight":428}],"_prefab":{"__type__":"cc.PrefabInfo","root":{"__id__":1},"asset":{"__uuid__":"38Xv5V9xxFU7coUdxol4ho"},"fileId":"15UD7fvb1KA6uD+vtV3TF/"},"_contentSize":{"__type__":"cc.Size","width":1280,"height":800},"_trs":{"__type__":"TypedArray","ctor":"Float64Array","array":[0,0,0,0,0,0,1,1,1,1]}},{"__type__":"cc.Node","_name":"Image","_parent":{"__id__":1},"_children":[{"__id__":5},{"__id__":6},{"__id__":27},{"__id__":28},{"__id__":29},{"__id__":30}],"_components":[{"__type__":"cc.StudioWidget","node":{"__id__":4},"_alignFlags":45,"_isAbsLeft":false,"_isAbsRight":false,"_originalWidth":1280,"_originalHeight":800},{"__type__":"cc.Sprite","node":{"__id__":4},"_materials":[{"__uuid__":"ecpdLyjvZBwrvm+cedCcQy"}],"_spriteFrame":{"__uuid__":"3aRTZY2WZGxLO+41NMJngX"},"_sizeMode":0,"_isTrimmedMode":false}],"_prefab":{"__type__":"cc.PrefabInfo","root":{"__id__":1},"asset":{"__uuid__":"38Xv5V9xxFU7coUdxol4ho"},"fileId":"298jHhz69JgpMdOB/85NA/"},"_contentSize":{"__type__":"cc.Size","width":1280,"height":800},"_trs":{"__type__":"TypedArray","ctor":"Float64Array","array":[0,0,0,0,0,0,1,1,1,1]}},{"__type__":"cc.Node","_name":"Image_title","_parent":{"__id__":4},"_components":[{"__type__":"cc.StudioWidget","node":{"__id__":5},"_alignFlags":4,"_left":0.30310000000000004,"_bottom":0.8226,"_isAbsLeft":false,"_isAbsBottom":false},{"__type__":"cc.Sprite","node":{"__id__":5},"_materials":[{"__uuid__":"ecpdLyjvZBwrvm+cedCcQy"}],"_spriteFrame":{"__uuid__":"037ZvVSstB5aOPVI0ZbePF"},"_sizeMode":0,"_isTrimmedMode":false}],"_prefab":{"__type__":"cc.PrefabInfo","root":{"__id__":1},"asset":{"__uuid__":"38Xv5V9xxFU7coUdxol4ho"},"fileId":"6ayBYgAaVKzLHeali9OHld"},"_contentSize":{"__type__":"cc.Size","width":504.06,"height":159.04},"_trs":{"__type__":"TypedArray","ctor":"Float64Array","array":[0,337.6,0,0,0,0,1,1,1,1]}},{"__type__":"cc.Node","_name":"player","_parent":{"__id__":4},"_children":[{"__id__":7},{"__id__":8},{"__id__":9},{"__id__":12},{"__id__":13},{"__id__":15},{"__id__":17},{"__id__":19},{"__id__":20},{"__id__":21},{"__id__":23},{"__id__":25}],"_active":false,"_components":[{"__type__":"cc.Sprite","node":{"__id__":6},"_materials":[{"__uuid__":"ecpdLyjvZBwrvm+cedCcQy"}],"_spriteFrame":{"__uuid__":"8ap18PWYZH67QIhxjD/xRu"},"_sizeMode":0,"_isTrimmedMode":false},{"__type__":"4ef40nyUBJKf6iFkhcFWHiu","node":{"__id__":6},"headIcon":{"__id__":11},"owner":{"__id__":12},"Text_name":{"__id__":14},"Text_id":{"__id__":16},"Panel_win":{"__id__":20},"Score_win":{"__id__":22},"Score_lost":{"__id__":24},"winner":{"__id__":26},"Text_info":{"__id__":18},"infoNode":{"__id__":19}}],"_prefab":{"__type__":"cc.PrefabInfo","root":{"__id__":1},"asset":{"__uuid__":"38Xv5V9xxFU7coUdxol4ho"},"fileId":"04CStW1nZAmoljXjfnz/Zj"},"_contentSize":{"__type__":"cc.Size","width":291.968,"height":536},"_trs":{"__type__":"TypedArray","ctor":"Float64Array","array":[0,0,0,0,0,0,1,1,1,1]},"_groupIndex":5,"groupIndex":5},{"__type__":"cc.Node","_name":"Image_score","_parent":{"__id__":6},"_components":[{"__type__":"cc.Sprite","node":{"__id__":7},"_materials":[{"__uuid__":"ecpdLyjvZBwrvm+cedCcQy"}],"_spriteFrame":{"__uuid__":"79gqjdOrFIXatCn3wQXOUP"},"_sizeMode":0,"_isTrimmedMode":false}],"_prefab":{"__type__":"cc.PrefabInfo","root":{"__id__":1},"asset":{"__uuid__":"38Xv5V9xxFU7coUdxol4ho"},"fileId":"59ObdwTvdIZ7T3SENbLOGL"},"_contentSize":{"__type__":"cc.Size","width":88,"height":32},"_trs":{"__type__":"TypedArray","ctor":"Float64Array","array":[-69.56030000000001,-183.8177,0,0,0,0,1,1,1,1]}},{"__type__":"cc.Node","_name":"Image_9","_parent":{"__id__":6},"_components":[{"__type__":"cc.Sprite","node":{"__id__":8},"_materials":[{"__uuid__":"ecpdLyjvZBwrvm+cedCcQy"}],"_spriteFrame":{"__uuid__":"0eYEPxbntA75/45MSdscBf"},"_sizeMode":0,"_isTrimmedMode":false}],"_prefab":{"__type__":"cc.PrefabInfo","root":{"__id__":1},"asset":{"__uuid__":"38Xv5V9xxFU7coUdxol4ho"},"fileId":"3dVl/A/BVB2pUpoytRjp9N"},"_contentSize":{"__type__":"cc.Size","width":95,"height":95},"_trs":{"__type__":"TypedArray","ctor":"Float64Array","array":[-78.66400000000002,189.95030000000003,0,0,0,0,1,1,1,1]}},{"__type__":"cc.Node","_name":"Image_icon","_parent":{"__id__":6},"_components":[{"__id__":10},{"__id__":11}],"_prefab":{"__type__":"cc.PrefabInfo","root":{"__id__":1},"asset":{"__uuid__":"38Xv5V9xxFU7coUdxol4ho"},"fileId":"3eVgoVPNtCKrWx/JN8tCDE"},"_contentSize":{"__type__":"cc.Size","width":92,"height":92},"_trs":{"__type__":"TypedArray","ctor":"Float64Array","array":[-78.66400000000002,189.95,0,0,0,0,1,1,1,1]}},{"__type__":"cc.Sprite","node":{"__id__":9},"_materials":[{"__uuid__":"ecpdLyjvZBwrvm+cedCcQy"}],"_sizeMode":0,"_isTrimmedMode":false},{"__type__":"62d39gaattGYYLEGtr4O/qu","node":{"__id__":9},"headIcon":{"__id__":10}},{"__type__":"cc.Node","_name":"Image_owner","_parent":{"__id__":6},"_active":false,"_components":[{"__type__":"cc.Sprite","node":{"__id__":12},"_materials":[{"__uuid__":"ecpdLyjvZBwrvm+cedCcQy"}],"_spriteFrame":{"__uuid__":"7aZWIqYNBHL658WjS6ZxhK"},"_sizeMode":0,"_isTrimmedMode":false}],"_prefab":{"__type__":"cc.PrefabInfo","root":{"__id__":1},"asset":{"__uuid__":"38Xv5V9xxFU7coUdxol4ho"},"fileId":"fdf1efUA9G8q0rxqmEOIMB"},"_contentSize":{"__type__":"cc.Size","width":144,"height":60},"_trs":{"__type__":"TypedArray","ctor":"Float64Array","array":[38.42909999999998,125.84789999999998,0,0,0,0,1,0.8,0.8,1]}},{"__type__":"cc.Node","_name":"Text_name","_parent":{"__id__":6},"_components":[{"__id__":14}],"_prefab":{"__type__":"cc.PrefabInfo","root":{"__id__":1},"asset":{"__uuid__":"38Xv5V9xxFU7coUdxol4ho"},"fileId":"31SyTlGHtGb4u9AFJVYueW"},"_color":{"__type__":"cc.Color","r":55,"g":29,"b":9},"_contentSize":{"__type__":"cc.Size","width":170,"height":64},"_anchorPoint":{"__type__":"cc.Vec2","y":0.5},"_trs":{"__type__":"TypedArray","ctor":"Float64Array","array":[-22.954400000000007,219.6479,0,0,0,0,1,1,1,1]}},{"__type__":"cc.Label","node":{"__id__":13},"_materials":[{"__uuid__":"ecpdLyjvZBwrvm+cedCcQy"}],"_useOriginalSize":false,"_string":"Text Label","_N$string":"Text Label","_fontSize":28,"_lineHeight":0,"_N$verticalAlign":1,"_N$overflow":1},{"__type__":"cc.Node","_name":"Text_id","_parent":{"__id__":6},"_components":[{"__id__":16}],"_prefab":{"__type__":"cc.PrefabInfo","root":{"__id__":1},"asset":{"__uuid__":"38Xv5V9xxFU7coUdxol4ho"},"fileId":"56Tdr3L4NIOoLli7HHB2TV"},"_color":{"__type__":"cc.Color","r":55,"g":29,"b":9},"_contentSize":{"__type__":"cc.Size","width":127.64,"height":35.28},"_anchorPoint":{"__type__":"cc.Vec2","y":0.5},"_trs":{"__type__":"TypedArray","ctor":"Float64Array","array":[-22.954400000000007,167.58909999999997,0,0,0,0,1,1,1,1]}},{"__type__":"cc.Label","node":{"__id__":15},"_materials":[{"__uuid__":"ecpdLyjvZBwrvm+cedCcQy"}],"_string":"Text Label","_N$string":"Text Label","_fontSize":28,"_lineHeight":0},{"__type__":"cc.Node","_name":"Text_info","_parent":{"__id__":6},"_active":false,"_components":[{"__type__":"cc.StudioWidget","node":{"__id__":17},"_alignFlags":8,"_left":0.28161650591845677,"_isAbsLeft":false},{"__id__":18}],"_prefab":{"__type__":"cc.PrefabInfo","root":{"__id__":1},"asset":{"__uuid__":"38Xv5V9xxFU7coUdxol4ho"},"fileId":"1aVQjAq8ZM37uujFziGO3J"},"_color":{"__type__":"cc.Color","r":46,"g":56,"b":82},"_contentSize":{"__type__":"cc.Size","width":127.64,"height":35.28},"_trs":{"__type__":"TypedArray","ctor":"Float64Array","array":[0,0,0,0,0,0,1,1,1,1]}},{"__type__":"cc.Label","node":{"__id__":17},"_materials":[{"__uuid__":"ecpdLyjvZBwrvm+cedCcQy"}],"_string":"Text Label","_N$string":"Text Label","_fontSize":28,"_lineHeight":0},{"__type__":"cc.Node","_name":"infoNode","_parent":{"__id__":6},"_components":[{"__type__":"cc.Layout","node":{"__id__":19},"_layoutSize":{"__type__":"cc.Size","width":280,"height":159.12},"_resize":1,"_N$layoutType":2,"_N$spacingY":6}],"_prefab":{"__type__":"cc.PrefabInfo","root":{"__id__":1},"asset":{"__uuid__":"38Xv5V9xxFU7coUdxol4ho"},"fileId":"f4LRlpXi1FnLcqRuZe9E+y"},"_contentSize":{"__type__":"cc.Size","width":280,"height":159.12},"_anchorPoint":{"__type__":"cc.Vec2","x":0.5,"y":1},"_trs":{"__type__":"TypedArray","ctor":"Float64Array","array":[0,106.927,0,0,0,0,1,1,1,1]}},{"__type__":"cc.Node","_name":"Panel_win","_parent":{"__id__":6},"_prefab":{"__type__":"cc.PrefabInfo","root":{"__id__":1},"asset":{"__uuid__":"38Xv5V9xxFU7coUdxol4ho"},"fileId":"c7SREcqphMyKK6uRaLRNoE"},"_contentSize":{"__type__":"cc.Size","width":122,"height":121},"_trs":{"__type__":"TypedArray","ctor":"Float64Array","array":[-78.1559,128.7314,0,0,0,0,1,1,1,1]}},{"__type__":"cc.Node","_name":"Score_win","_parent":{"__id__":6},"_components":[{"__id__":22}],"_prefab":{"__type__":"cc.PrefabInfo","root":{"__id__":1},"asset":{"__uuid__":"38Xv5V9xxFU7coUdxol4ho"},"fileId":"72quxZKUlCXoxhMhKCV3x2"},"_contentSize":{"__type__":"cc.Size","width":112.91,"height":40},"_trs":{"__type__":"TypedArray","ctor":"Float64Array","array":[34.59719999999999,-223,0,0,0,0,1,1,1,1]}},{"__type__":"cc.Label","node":{"__id__":21},"_materials":[{"__uuid__":"ecpdLyjvZBwrvm+cedCcQy"}],"_string":"+100","_N$string":"+100","_N$file":{"__uuid__":"3fsP2Sc5VHqKHIdy1yD0hs"},"_isSystemFontUsed":false,"_spacingX":-6,"_N$horizontalAlign":1,"_N$verticalAlign":1},{"__type__":"cc.Node","_name":"Score_lost","_parent":{"__id__":6},"_components":[{"__id__":24}],"_prefab":{"__type__":"cc.PrefabInfo","root":{"__id__":1},"asset":{"__uuid__":"38Xv5V9xxFU7coUdxol4ho"},"fileId":"d8hmKgleZAV5x6P70gr9bt"},"_contentSize":{"__type__":"cc.Size","width":112.91,"height":40},"_trs":{"__type__":"TypedArray","ctor":"Float64Array","array":[34.59719999999999,-223,0,0,0,0,1,1,1,1]}},{"__type__":"cc.Label","node":{"__id__":23},"_materials":[{"__uuid__":"ecpdLyjvZBwrvm+cedCcQy"}],"_string":"-100","_N$string":"-100","_N$file":{"__uuid__":"45Z31L2R1MwIAjzSnYdKDl"},"_isSystemFontUsed":false,"_spacingX":-6,"_N$horizontalAlign":1,"_N$verticalAlign":1},{"__type__":"cc.Node","_name":"winner","_parent":{"__id__":6},"_components":[{"__id__":26}],"_prefab":{"__type__":"cc.PrefabInfo","root":{"__id__":1},"asset":{"__uuid__":"38Xv5V9xxFU7coUdxol4ho"},"fileId":"20OVX05o1O4IlD7heXHOfi"},"_contentSize":{"__type__":"cc.Size","width":392,"height":578},"_trs":{"__type__":"TypedArray","ctor":"Float64Array","array":[-78.1559,128.7314,0,0,0,0,1,1,1,1]},"_groupIndex":2,"groupIndex":2},{"__type__":"sp.Skeleton","node":{"__id__":25},"_materials":[{"__uuid__":"7a/QZLET9IDreTiBfRn2PD"}],"defaultSkin":"default","defaultAnimation":"winner4","_preCacheMode":0,"loop":false,"premultipliedAlpha":false,"_animationName":"winner4","_playTimes":1,"_N$skeletonData":{"__uuid__":"ddmezsSJpK2KHIN3Uxi4aD"}},{"__type__":"cc.Node","_name":"playerNode","_parent":{"__id__":4},"_components":[{"__type__":"cc.Widget","node":{"__id__":27},"_alignFlags":4,"_bottom":0.1531,"_isAbsBottom":false},{"__type__":"cc.Layout","node":{"__id__":27},"_layoutSize":{"__type__":"cc.Size","width":-20,"height":536},"_resize":1,"_N$layoutType":1,"_N$spacingX":20}],"_prefab":{"__type__":"cc.PrefabInfo","root":{"__id__":1},"asset":{"__uuid__":"38Xv5V9xxFU7coUdxol4ho"},"fileId":"2aKjGv1MBD/r37GPI+yTFh"},"_contentSize":{"__type__":"cc.Size","width":-20,"height":536},"_trs":{"__type__":"TypedArray","ctor":"Float64Array","array":[0,-9.519999999999982,0,0,0,0,1,1,1,1]},"_groupIndex":2,"groupIndex":2},{"__type__":"cc.Node","_name":"backBtn","_parent":{"__id__":4},"_components":[{"__type__":"cc.StudioWidget","node":{"__id__":28},"_alignFlags":12,"_left":0.9278,"_bottom":0.8857,"_isAbsLeft":false,"_isAbsBottom":false},{"__type__":"cc.Button","node":{"__id__":28},"_normalMaterial":{"__uuid__":"ecpdLyjvZBwrvm+cedCcQy"},"duration":0.05,"zoomScale":1.1,"_N$transition":3,"transition":3,"_N$normalSprite":{"__uuid__":"ca/hXdLPhL0IIB0THsoPbx"},"_N$target":{"__id__":28}},{"__type__":"cc.Sprite","node":{"__id__":28},"_materials":[{"__uuid__":"ecpdLyjvZBwrvm+cedCcQy"}],"_spriteFrame":{"__uuid__":"ca/hXdLPhL0IIB0THsoPbx"},"_type":1,"_sizeMode":0,"_isTrimmedMode":false}],"_prefab":{"__type__":"cc.PrefabInfo","root":{"__id__":1},"asset":{"__uuid__":"38Xv5V9xxFU7coUdxol4ho"},"fileId":"15BX8+XylK1J4gE6+OR4q5"},"_contentSize":{"__type__":"cc.Size","width":66.048,"height":60},"_trs":{"__type__":"TypedArray","ctor":"Float64Array","array":[580.6079999999998,338.56000000000006,0,0,0,0,1,1,1,1]}},{"__type__":"cc.Node","_name":"shareBtn","_parent":{"__id__":4},"_components":[{"__type__":"cc.Button","node":{"__id__":29},"_normalMaterial":{"__uuid__":"ecpdLyjvZBwrvm+cedCcQy"},"duration":0.05,"zoomScale":1.1,"_N$transition":3,"transition":3,"_N$normalSprite":{"__uuid__":"51ok4XZONA4YZlVxwca3El"},"_N$target":{"__id__":29}},{"__type__":"cc.Sprite","node":{"__id__":29},"_materials":[{"__uuid__":"ecpdLyjvZBwrvm+cedCcQy"}],"_spriteFrame":{"__uuid__":"51ok4XZONA4YZlVxwca3El"},"_type":1,"_sizeMode":0,"_isTrimmedMode":false},{"__type__":"cc.Widget","node":{"__id__":29},"_alignFlags":4,"_bottom":13.5}],"_prefab":{"__type__":"cc.PrefabInfo","root":{"__id__":1},"asset":{"__uuid__":"38Xv5V9xxFU7coUdxol4ho"},"fileId":"dax3hbkC9LgrlgGvx53GTr"},"_contentSize":{"__type__":"cc.Size","width":258,"height":77},"_trs":{"__type__":"TypedArray","ctor":"Float64Array","array":[0,-348,0,0,0,0,1,1,1,1]}},{"__type__":"cc.Node","_name":"Panel_info","_parent":{"__id__":4},"_children":[{"__id__":31},{"__id__":32},{"__id__":33}],"_components":[{"__type__":"cc.StudioWidget","node":{"__id__":30},"_alignFlags":12,"_left":0.0054,"_bottom":0.8579,"_isAbsLeft":false,"_isAbsBottom":false}],"_prefab":{"__type__":"cc.PrefabInfo","root":{"__id__":1},"asset":{"__uuid__":"38Xv5V9xxFU7coUdxol4ho"},"fileId":"bfEqPsI+lMU4bcrGshVojk"},"_contentSize":{"__type__":"cc.Size","width":400,"height":100},"_anchorPoint":{"__type__":"cc.Vec2"},"_trs":{"__type__":"TypedArray","ctor":"Float64Array","array":[-633.088,286.32000000000005,0,0,0,0,1,1,1,1]}},{"__type__":"cc.Node","_name":"tablenum","_parent":{"__id__":30},"_components":[{"__type__":"cc.Label","node":{"__id__":31},"_materials":[{"__uuid__":"ecpdLyjvZBwrvm+cedCcQy"}],"_string":"亲友圈:0000000 第1桌  0/0局","_N$string":"亲友圈:0000000 第1桌  0/0局","_fontSize":22,"_lineHeight":0,"_N$verticalAlign":1}],"_prefab":{"__type__":"cc.PrefabInfo","root":{"__id__":1},"asset":{"__uuid__":"38Xv5V9xxFU7coUdxol4ho"},"fileId":"6bxxX9CHpCzqPYJ9HdXfJZ"},"_opacity":204,"_contentSize":{"__type__":"cc.Size","width":284.92,"height":27.72},"_anchorPoint":{"__type__":"cc.Vec2","y":0.5},"_trs":{"__type__":"TypedArray","ctor":"Float64Array","array":[10,42.0815,0,0,0,0,1,1,1,1]},"_groupIndex":2,"groupIndex":2},{"__type__":"cc.Node","_name":"time","_parent":{"__id__":30},"_components":[{"__type__":"cc.Label","node":{"__id__":32},"_materials":[{"__uuid__":"ecpdLyjvZBwrvm+cedCcQy"}],"_string":"2016-08-08 08:08:08","_N$string":"2016-08-08 08:08:08","_fontSize":22,"_lineHeight":0,"_N$verticalAlign":1}],"_prefab":{"__type__":"cc.PrefabInfo","root":{"__id__":1},"asset":{"__uuid__":"38Xv5V9xxFU7coUdxol4ho"},"fileId":"aaabEm0gNEIYHVXiXlwnv1"},"_opacity":229,"_contentSize":{"__type__":"cc.Size","width":204.28,"height":27.72},"_anchorPoint":{"__type__":"cc.Vec2","y":0.5},"_trs":{"__type__":"TypedArray","ctor":"Float64Array","array":[10,12.8574,0,0,0,0,1,1,1,1]},"_groupIndex":2,"groupIndex":2},{"__type__":"cc.Node","_name":"gamename","_parent":{"__id__":30},"_components":[{"__type__":"cc.Label","node":{"__id__":33},"_materials":[{"__uuid__":"ecpdLyjvZBwrvm+cedCcQy"}],"_string":"麻将","_N$string":"麻将","_fontSize":32,"_lineHeight":0,"_N$verticalAlign":1}],"_prefab":{"__type__":"cc.PrefabInfo","root":{"__id__":1},"asset":{"__uuid__":"38Xv5V9xxFU7coUdxol4ho"},"fileId":"3184xM+7BIRLtOE71BINSu"},"_opacity":204,"_color":{"__type__":"cc.Color","r":229,"g":199,"b":123},"_contentSize":{"__type__":"cc.Size","width":64,"height":40.32},"_anchorPoint":{"__type__":"cc.Vec2","y":0.5},"_trs":{"__type__":"TypedArray","ctor":"Float64Array","array":[10,77.1632,0,0,0,0,1,1,1,1]},"_groupIndex":2,"groupIndex":2}]