[{"__type__":"cc.Prefab","_name":"poker","data":{"__id__":1}},{"__type__":"cc.Node","_name":"poker","_components":[{"__type__":"sp.Skeleton","node":{"__id__":1},"_materials":[{"__uuid__":"7a/QZLET9IDreTiBfRn2PD"}],"defaultSkin":"default","defaultAnimation":"feiji","_preCacheMode":0,"loop":false,"premultipliedAlpha":false,"_animationName":"feiji","_playTimes":1,"_N$skeletonData":{"__uuid__":"84suukMf9Dpo4D0hA6+Khs"}},{"__type__":"ee606rD2/lE1r2LtSv7UmhM","node":{"__id__":1}}],"_prefab":{"__type__":"cc.PrefabInfo","root":{"__id__":1},"asset":{"__uuid__":"0el58xe21DfIzVOjA6IJwN"},"fileId":"fa5mEuLq1PG7zB+f5iTsgU"},"_trs":{"__type__":"TypedArray","ctor":"Float64Array","array":[0,0,0,0,0,0,1,1,1,1]}}]