{"__type__":"cc.LabelAtlas","_name":"Ui_point_blue_font","spriteFrame":{"__uuid__":"04m3gK4HxGM5ZA5zCrBzcc"},"fontSize":49.28,"_fntConfig":{"commonHeight":56,"fontSize":49,"atlasName":"Ui_point_blue","fontDefDictionary":{"46":{"rect":{"x":0,"y":0,"width":40,"height":56},"xOffset":0,"yOffset":0,"xAdvance":40},"47":{"rect":{"x":40,"y":0,"width":40,"height":56},"xOffset":0,"yOffset":0,"xAdvance":40},"48":{"rect":{"x":80,"y":0,"width":40,"height":56},"xOffset":0,"yOffset":0,"xAdvance":40},"49":{"rect":{"x":120,"y":0,"width":40,"height":56},"xOffset":0,"yOffset":0,"xAdvance":40},"50":{"rect":{"x":160,"y":0,"width":40,"height":56},"xOffset":0,"yOffset":0,"xAdvance":40},"51":{"rect":{"x":200,"y":0,"width":40,"height":56},"xOffset":0,"yOffset":0,"xAdvance":40},"52":{"rect":{"x":240,"y":0,"width":40,"height":56},"xOffset":0,"yOffset":0,"xAdvance":40},"53":{"rect":{"x":280,"y":0,"width":40,"height":56},"xOffset":0,"yOffset":0,"xAdvance":40},"54":{"rect":{"x":320,"y":0,"width":40,"height":56},"xOffset":0,"yOffset":0,"xAdvance":40},"55":{"rect":{"x":360,"y":0,"width":40,"height":56},"xOffset":0,"yOffset":0,"xAdvance":40},"56":{"rect":{"x":400,"y":0,"width":40,"height":56},"xOffset":0,"yOffset":0,"xAdvance":40},"57":{"rect":{"x":440,"y":0,"width":40,"height":56},"xOffset":0,"yOffset":0,"xAdvance":40}},"kerningDict":{}}}