[{"__type__":"cc.Prefab","_name":"chuntian","data":{"__id__":1}},{"__type__":"cc.Node","_name":"chuntian","_components":[{"__type__":"sp.Skeleton","node":{"__id__":1},"_materials":[{"__uuid__":"7a/QZLET9IDreTiBfRn2PD"}],"defaultSkin":"default","defaultAnimation":"chuntian","_preCacheMode":0,"loop":false,"premultipliedAlpha":false,"_animationName":"chuntian","_playTimes":1,"_N$skeletonData":{"__uuid__":"19pxjC5SJIuJp/TwAEvXl1"}},{"__type__":"ee606rD2/lE1r2LtSv7UmhM","node":{"__id__":1}}],"_prefab":{"__type__":"cc.PrefabInfo","root":{"__id__":1},"asset":{"__uuid__":"69KXt60U1Jaa2f7KgTcVAu"},"fileId":"c9zl0sLPpIU7ASmK8BH6LN"},"_contentSize":{"__type__":"cc.Size","width":660.89,"height":353.68},"_trs":{"__type__":"TypedArray","ctor":"Float64Array","array":[0,0,0,0,0,0,1,1,1,1]}}]