[{"__type__":"cc.Prefab","_name":"naozhongjingbao","data":{"__id__":1}},{"__type__":"cc.Node","_name":"naozhongjingbao","_components":[{"__type__":"sp.Skeleton","node":{"__id__":1},"_materials":[{"__uuid__":"7a/QZLET9IDreTiBfRn2PD"}],"defaultSkin":"default","defaultAnimation":"jingbao","_preCacheMode":0,"premultipliedAlpha":false,"_animationName":"jingbao","_N$skeletonData":{"__uuid__":"d3Db+Px9RHHaEtN0MzyUD9"}},{"__type__":"ee606rD2/lE1r2LtSv7UmhM","node":{"__id__":1}}],"_prefab":{"__type__":"cc.PrefabInfo","root":{"__id__":1},"asset":{"__uuid__":"d2+CzFgmFLh7RRfUJg7zgo"},"fileId":"e4YDCJbARC8oWhR2ur1clp"},"_contentSize":{"__type__":"cc.Size","width":103,"height":105},"_trs":{"__type__":"TypedArray","ctor":"Float64Array","array":[0,0,0,0,0,0,1,1,1,1]}}]