{"__type__":"sp.SkeletonData","_name":"feijishunzi","_skeletonJson":{"skeleton":{"hash":"AOPLJ1CC8gZO1AYC+HuWXYkfsPU","spine":"2.1.27","width":0,"height":0},"bones":[{"name":"root"},{"name":"FJ","parent":"root"},{"name":"G","parent":"root"},{"name":"Gangqin","parent":"root"},{"name":"yinfu","parent":"root"},{"name":"Feiji","parent":"FJ"},{"name":"Feiji11","parent":"FJ"},{"name":"Feiji2","parent":"FJ","x":31.45,"y":-200.53},{"name":"Gqd","parent":"Gangqin"},{"name":"gangqinjian","parent":"Gangqin"},{"name":"y1","parent":"yinfu"},{"name":"y2","parent":"yinfu"},{"name":"y3","parent":"yinfu"},{"name":"y4","parent":"yinfu"},{"name":"1","parent":"gangqinjian","x":-101.18,"y":15.17},{"name":"2","parent":"gangqinjian","x":-71.41,"y":13.22},{"name":"3","parent":"gangqinjian","x":-43.34,"y":15.73},{"name":"4","parent":"gangqinjian","x":-12.46,"y":15.47},{"name":"5","parent":"gangqinjian","x":9.86,"y":16.51},{"name":"6","parent":"gangqinjian","x":40.58,"y":17.51},{"name":"7","parent":"gangqinjian","x":68.66,"y":17.28},{"name":"8","parent":"gangqinjian","x":96.07,"y":16.77},{"name":"huo","parent":"Feiji"},{"name":"huo2","parent":"Feiji11"},{"name":"q","parent":"Gqd","y":-36.57},{"name":"h","parent":"huo","length":30},{"name":"h2","parent":"huo","length":30},{"name":"h3","parent":"huo2","length":30},{"name":"h4","parent":"huo2","length":30}],"slots":[{"name":"images/fj/fj2","bone":"Feiji2"},{"name":"images/d","bone":"h","blend":"additive"},{"name":"images/d3","bone":"h3","blend":"additive"},{"name":"images/d2","bone":"h2","blend":"additive"},{"name":"images/d4","bone":"h4","blend":"additive"},{"name":"images/fj/fj3","bone":"Feiji11"},{"name":"images/fj/fj","bone":"Feiji"},{"name":"images/gangqin/gqd","bone":"Gqd"},{"name":"images/gangqin/1","bone":"1"},{"name":"images/gangqin/2","bone":"2"},{"name":"images/gangqin/3","bone":"3"},{"name":"images/gangqin/4","bone":"4"},{"name":"images/gangqin/5","bone":"5"},{"name":"images/gangqin/6","bone":"6"},{"name":"images/gangqin/7","bone":"7"},{"name":"images/gangqin/8","bone":"8"},{"name":"images/gangqin/q","bone":"q"},{"name":"images/yinfu/1","bone":"y1","blend":"additive"},{"name":"images/yinfu/f1","bone":"y2"},{"name":"images/yinfu/g1","bone":"y3"},{"name":"images/yinfu/j1","bone":"y4"},{"name":"images/G","bone":"G","blend":"additive"}],"skins":{"default":{"images/G":{"images/G":{"width":38,"height":39}},"images/d":{"images/d":{"x":10.92,"width":37,"height":38}},"images/d2":{"images/d":{"x":10.92,"width":37,"height":38}},"images/d3":{"images/d":{"x":10.92,"width":37,"height":38}},"images/d4":{"images/d":{"x":10.92,"width":37,"height":38}},"images/fj/fj":{"images/fj/fj":{"width":295,"height":171}},"images/fj/fj2":{"images/fj/fj2":{"scaleX":6,"scaleY":6,"width":134,"height":71}},"images/fj/fj3":{"images/fj/fj":{"width":295,"height":171}},"images/gangqin/1":{"images/gangqin/1":{"x":-4.3,"y":-21.54,"width":36,"height":48}},"images/gangqin/2":{"images/gangqin/2":{"x":-3.35,"y":-18.67,"width":34,"height":47}},"images/gangqin/3":{"images/gangqin/3":{"x":-1.43,"y":-21.54,"width":32,"height":46}},"images/gangqin/4":{"images/gangqin/4":{"x":-2.87,"y":-20.11,"width":32,"height":48}},"images/gangqin/5":{"images/gangqin/5":{"x":5.26,"y":-21.06,"width":32,"height":48}},"images/gangqin/6":{"images/gangqin/6":{"x":3.75,"y":-22.84,"width":33,"height":46}},"images/gangqin/7":{"images/gangqin/7":{"x":5.32,"y":-22.53,"width":33,"height":47}},"images/gangqin/8":{"images/gangqin/8":{"x":8.13,"y":-22.53,"width":36,"height":47}},"images/gangqin/gqd":{"images/gangqin/gqd":{"width":280,"height":91}},"images/gangqin/q":{"images/gangqin/q":{"width":252,"height":15}},"images/yinfu/1":{"images/yinfu/1":{"width":37,"height":73}},"images/yinfu/f1":{"images/yinfu/f1":{"width":119,"height":108}},"images/yinfu/g1":{"images/yinfu/g1":{"width":142,"height":216}},"images/yinfu/j1":{"images/yinfu/j1":{"width":115,"height":110}}}},"animations":{"feiji2":{"slots":{"images/d":{"attachment":[{"time":0,"name":"images/d"}],"color":[{"time":0,"color":"ffffff00"},{"time":0.1,"color":"ffffffec"},{"time":0.1666,"color":"ffffffaa"},{"time":0.2,"color":"ffffffd3"},{"time":0.3,"color":"ffffffff"},{"time":0.7,"color":"ffffff00"}]},"images/d2":{"attachment":[{"time":0,"name":null},{"time":0.4,"name":"images/d"}],"color":[{"time":0.4,"color":"ffffffff","curve":"stepped"},{"time":0.7,"color":"ffffffff"},{"time":0.7666,"color":"ffffff99"},{"time":0.8666,"color":"ffffffff"},{"time":1,"color":"ffffff00"}]},"images/fj/fj":{"attachment":[{"time":0,"name":"images/fj/fj"},{"time":0.5,"name":"images/fj/fj"}],"color":[{"time":0,"color":"ffffff00"},{"time":0.1666,"color":"ffffffff","curve":"stepped"},{"time":0.8666,"color":"ffffffff"},{"time":1,"color":"ffffff00"}]},"images/fj/fj2":{"attachment":[{"time":0,"name":null},{"time":0.5,"name":"images/fj/fj2"}],"color":[{"time":0,"color":"ffffff00","curve":"stepped"},{"time":0.5,"color":"ffffff00"},{"time":0.9333,"color":"ffffff8b","curve":"stepped"},{"time":1.0666,"color":"ffffff8b"},{"time":1.5,"color":"ffffff00"}]},"images/fj/fj3":{"attachment":[{"time":0,"name":null},{"time":0.0333,"name":"images/fj/fj"}],"color":[{"time":0,"color":"ffffff00","curve":"stepped"},{"time":0.0333,"color":"ffffff00","curve":"stepped"},{"time":0.2,"color":"ffffff00"},{"time":0.7333,"color":"ffffff7e"},{"time":1.0333,"color":"ffffff00"}]}},"bones":{"Feiji2":{"rotate":[{"time":0,"angle":0,"curve":"stepped"},{"time":0.5,"angle":0}],"translate":[{"time":0,"x":346.44,"y":192.4,"curve":"stepped"},{"time":0.5,"x":346.44,"y":192.4},{"time":1.5,"x":-796.98,"y":-119.8}],"scale":[{"time":0,"x":1.2,"y":1.075,"curve":"stepped"},{"time":0.5,"x":1.2,"y":1.075}]},"Feiji":{"rotate":[{"time":0,"angle":0,"curve":"stepped"},{"time":0.5,"angle":0}],"translate":[{"time":0,"x":13.55,"y":222.02},{"time":0.5,"x":148.39,"y":266.3},{"time":1,"x":-967.3,"y":-102.3}],"scale":[{"time":0,"x":1,"y":1,"curve":"stepped"},{"time":0.5,"x":1,"y":1}]},"FJ":{"translate":[{"time":0,"x":0,"y":111.4}]},"h":{"rotate":[{"time":0,"angle":15.24}],"translate":[{"time":0,"x":68.77,"y":15.06,"curve":"stepped"},{"time":0.5333,"x":68.77,"y":15.06},{"time":0.7,"x":218.75,"y":69.22}],"scale":[{"time":0,"x":0,"y":0},{"time":0.2,"x":9.189,"y":5.066},{"time":0.2333,"x":14.323,"y":8.481},{"time":0.2666,"x":11.009,"y":3.121},{"time":0.5333,"x":20.577,"y":1.383},{"time":0.7,"x":20.577,"y":0.272}]},"h2":{"rotate":[{"time":0,"angle":14.34,"curve":"stepped"},{"time":0.4,"angle":14.34},{"time":0.6333,"angle":15.69},{"time":0.8,"angle":17.49},{"time":1,"angle":15.69}],"translate":[{"time":0,"x":74.01,"y":15.41,"curve":"stepped"},{"time":0.4,"x":74.01,"y":15.41},{"time":0.5,"x":35.46,"y":9.25},{"time":0.6333,"x":12.33,"y":1.54}],"scale":[{"time":0,"x":2.973,"y":1.501,"curve":"stepped"},{"time":0.4,"x":2.973,"y":1.501},{"time":0.5,"x":6.618,"y":2.82},{"time":0.6333,"x":12.706,"y":2.306},{"time":0.8,"x":13.628,"y":2.191},{"time":1,"x":12.583,"y":1.555}]},"huo":{"translate":[{"time":0,"x":-51.03,"y":-16.51}]},"y4":{"translate":[{"time":0,"x":-312.29,"y":-309.87}]},"Feiji11":{"rotate":[{"time":0,"angle":0,"curve":"stepped"},{"time":0.0333,"angle":0,"curve":"stepped"},{"time":0.5333,"angle":0}],"translate":[{"time":0,"x":13.55,"y":222.02,"curve":"stepped"},{"time":0.0333,"x":13.55,"y":222.02},{"time":0.5333,"x":92.19,"y":249.77},{"time":1.0333,"x":-967.3,"y":-102.3}],"scale":[{"time":0,"x":1,"y":1,"curve":"stepped"},{"time":0.0333,"x":1,"y":1,"curve":"stepped"},{"time":0.5333,"x":1,"y":1}]}}},"shunzi2":{"slots":{"images/G":{"attachment":[{"time":0,"name":null}],"color":[{"time":0,"color":"ffffff8a"}]},"images/fj/fj2":{"attachment":[{"time":0,"name":null}],"color":[{"time":0,"color":"ffffff00"},{"time":0.2666,"color":"ffffff8b","curve":"stepped"},{"time":0.9666,"color":"ffffff8b"},{"time":1.1666,"color":"ffffff00"}]},"images/gangqin/1":{"attachment":[{"time":0,"name":"images/gangqin/1"},{"time":0.1666,"name":"images/gangqin/1"},{"time":0.8666,"name":"images/gangqin/1"},{"time":1.1666,"name":"images/gangqin/1"}],"color":[{"time":0,"color":"ffffff00"},{"time":0.1666,"color":"ffffffff","curve":"stepped"},{"time":0.8666,"color":"ffffffff"},{"time":1.1666,"color":"ffffff00"}]},"images/gangqin/2":{"attachment":[{"time":0,"name":"images/gangqin/2"},{"time":0.0666,"name":"images/gangqin/2"},{"time":0.2333,"name":"images/gangqin/2"},{"time":0.4,"name":"images/gangqin/2"},{"time":0.8666,"name":"images/gangqin/2"},{"time":1.1666,"name":"images/gangqin/2"}],"color":[{"time":0,"color":"ffffff00"},{"time":0.1666,"color":"ffffffff","curve":"stepped"},{"time":0.4,"color":"ffffffff","curve":"stepped"},{"time":0.8666,"color":"ffffffff"},{"time":1.1666,"color":"ffffff00"}]},"images/gangqin/3":{"attachment":[{"time":0,"name":"images/gangqin/3"},{"time":0.1,"name":"images/gangqin/3"},{"time":0.2666,"name":"images/gangqin/3"},{"time":0.8666,"name":"images/gangqin/3"},{"time":1.1666,"name":"images/gangqin/3"}],"color":[{"time":0,"color":"ffffff00"},{"time":0.1666,"color":"ffffffff","curve":"stepped"},{"time":0.8666,"color":"ffffffff"},{"time":1.1666,"color":"ffffff00"}]},"images/gangqin/4":{"attachment":[{"time":0,"name":"images/gangqin/4"},{"time":0.1666,"name":"images/gangqin/4"},{"time":0.3333,"name":"images/gangqin/4"},{"time":0.5,"name":"images/gangqin/4"},{"time":1.1666,"name":"images/gangqin/4"}],"color":[{"time":0,"color":"ffffff00"},{"time":0.1666,"color":"ffffffff","curve":"stepped"},{"time":0.8666,"color":"ffffffff"},{"time":1.1666,"color":"ffffff00"}]},"images/gangqin/5":{"attachment":[{"time":0,"name":"images/gangqin/5"},{"time":0.2666,"name":"images/gangqin/5"},{"time":0.4333,"name":"images/gangqin/5"},{"time":1.1666,"name":"images/gangqin/5"}],"color":[{"time":0,"color":"ffffff00"},{"time":0.1666,"color":"ffffffff","curve":"stepped"},{"time":0.8666,"color":"ffffffff"},{"time":1.1666,"color":"ffffff00"}]},"images/gangqin/6":{"attachment":[{"time":0,"name":"images/gangqin/6"},{"time":0.3333,"name":"images/gangqin/6"},{"time":0.5,"name":"images/gangqin/6"},{"time":0.6666,"name":"images/gangqin/6"},{"time":1.1666,"name":"images/gangqin/6"}],"color":[{"time":0,"color":"ffffff00"},{"time":0.1666,"color":"ffffffff","curve":"stepped"},{"time":0.8666,"color":"ffffffff"},{"time":1.1666,"color":"ffffff00"}]},"images/gangqin/7":{"attachment":[{"time":0,"name":"images/gangqin/7"},{"time":0.4333,"name":"images/gangqin/7"},{"time":0.6,"name":"images/gangqin/7"},{"time":1.1666,"name":"images/gangqin/7"}],"color":[{"time":0,"color":"ffffff00"},{"time":0.1666,"color":"ffffffff","curve":"stepped"},{"time":0.8666,"color":"ffffffff"},{"time":1.1666,"color":"ffffff00"}]},"images/gangqin/8":{"attachment":[{"time":0,"name":"images/gangqin/8"},{"time":0.5333,"name":"images/gangqin/8"},{"time":0.7,"name":"images/gangqin/8"},{"time":0.8666,"name":"images/gangqin/8"},{"time":1.1666,"name":"images/gangqin/8"}],"color":[{"time":0,"color":"ffffff00"},{"time":0.1666,"color":"ffffffff","curve":"stepped"},{"time":0.8666,"color":"ffffffff"},{"time":1.1666,"color":"ffffff00"}]},"images/gangqin/gqd":{"attachment":[{"time":0,"name":"images/gangqin/gqd"},{"time":0.1666,"name":"images/gangqin/gqd"},{"time":1.1666,"name":"images/gangqin/gqd"}],"color":[{"time":0,"color":"ffffff00"},{"time":0.1666,"color":"ffffffff","curve":"stepped"},{"time":0.8666,"color":"ffffffff"},{"time":1.1666,"color":"ffffff00"}]},"images/gangqin/q":{"attachment":[{"time":0,"name":"images/gangqin/q"},{"time":0.1666,"name":"images/gangqin/q"},{"time":0.8666,"name":"images/gangqin/q"},{"time":1.1666,"name":"images/gangqin/q"}],"color":[{"time":0,"color":"ffffff00"},{"time":0.1666,"color":"ffffffff","curve":"stepped"},{"time":0.8666,"color":"ffffffff"},{"time":1.1666,"color":"ffffff00"}]},"images/yinfu/1":{"attachment":[{"time":0,"name":null},{"time":0.0666,"name":"images/yinfu/1"}],"color":[{"time":0.0666,"color":"ffffffff","curve":"stepped"},{"time":0.6666,"color":"ffffffff"},{"time":0.8333,"color":"ffffff00"}]},"images/yinfu/f1":{"attachment":[{"time":0,"name":null},{"time":0.1666,"name":"images/yinfu/f1"}],"color":[{"time":0,"color":"ffffff00","curve":"stepped"},{"time":0.1666,"color":"ffffff00"},{"time":0.4333,"color":"ffffffff","curve":"stepped"},{"time":0.7333,"color":"ffffffff"},{"time":1,"color":"ffffff00"}]},"images/yinfu/g1":{"attachment":[{"time":0,"name":"images/yinfu/g1"},{"time":0.2333,"name":"images/yinfu/g1"}],"color":[{"time":0,"color":"ffffff00"},{"time":0.2333,"color":"ffffffff","curve":"stepped"},{"time":0.4,"color":"ffffffff"},{"time":0.7,"color":"ffffff00"}]},"images/yinfu/j1":{"attachment":[{"time":0,"name":"images/yinfu/j1"},{"time":0.1333,"name":"images/yinfu/j1"},{"time":1.1666,"name":"images/yinfu/j1"}],"color":[{"time":0,"color":"ffffff00","curve":"stepped"},{"time":0.1333,"color":"ffffff00"},{"time":0.4666,"color":"ffffff8a"},{"time":0.8,"color":"ffffffff"},{"time":1.1666,"color":"ffffff00"}]}},"bones":{"1":{"rotate":[{"time":0,"angle":0,"curve":"stepped"},{"time":0.1666,"angle":0,"curve":"stepped"},{"time":0.3333,"angle":0,"curve":"stepped"},{"time":0.8666,"angle":0,"curve":"stepped"},{"time":1.1666,"angle":0}],"translate":[{"time":0,"x":0,"y":0,"curve":"stepped"},{"time":0.1666,"x":0,"y":0,"curve":"stepped"},{"time":0.3333,"x":0,"y":0,"curve":"stepped"},{"time":0.8666,"x":0,"y":0,"curve":"stepped"},{"time":1.1666,"x":0,"y":0}],"scale":[{"time":0,"x":1,"y":1},{"time":0.1666,"x":1,"y":1.306},{"time":0.3333,"x":1,"y":1,"curve":"stepped"},{"time":0.8666,"x":1,"y":1,"curve":"stepped"},{"time":1.1666,"x":1,"y":1}]},"2":{"rotate":[{"time":0,"angle":0,"curve":"stepped"},{"time":0.0666,"angle":0,"curve":"stepped"},{"time":0.2333,"angle":0,"curve":"stepped"},{"time":0.4,"angle":0,"curve":"stepped"},{"time":0.8666,"angle":0,"curve":"stepped"},{"time":1.1666,"angle":0}],"translate":[{"time":0,"x":0,"y":0,"curve":"stepped"},{"time":0.0666,"x":0,"y":0,"curve":"stepped"},{"time":0.2333,"x":0,"y":0,"curve":"stepped"},{"time":0.4,"x":0,"y":0,"curve":"stepped"},{"time":0.8666,"x":0,"y":0,"curve":"stepped"},{"time":1.1666,"x":0,"y":0}],"scale":[{"time":0,"x":1,"y":1,"curve":"stepped"},{"time":0.0666,"x":1,"y":1},{"time":0.2333,"x":1,"y":1.388},{"time":0.4,"x":1,"y":1,"curve":"stepped"},{"time":0.8666,"x":1,"y":1,"curve":"stepped"},{"time":1.1666,"x":1,"y":1}]},"3":{"rotate":[{"time":0,"angle":0,"curve":"stepped"},{"time":0.1,"angle":0,"curve":"stepped"},{"time":0.2666,"angle":0,"curve":"stepped"},{"time":0.4333,"angle":0,"curve":"stepped"},{"time":0.8666,"angle":0,"curve":"stepped"},{"time":1.1666,"angle":0}],"translate":[{"time":0,"x":0,"y":0,"curve":"stepped"},{"time":0.1,"x":0,"y":0,"curve":"stepped"},{"time":0.2666,"x":0,"y":0,"curve":"stepped"},{"time":0.4333,"x":0,"y":0,"curve":"stepped"},{"time":0.8666,"x":0,"y":0,"curve":"stepped"},{"time":1.1666,"x":0,"y":0}],"scale":[{"time":0,"x":1,"y":1,"curve":"stepped"},{"time":0.1,"x":1,"y":1},{"time":0.2666,"x":1,"y":1.356},{"time":0.4333,"x":1,"y":1,"curve":"stepped"},{"time":0.8666,"x":1,"y":1,"curve":"stepped"},{"time":1.1666,"x":1,"y":1}]},"4":{"rotate":[{"time":0,"angle":0,"curve":"stepped"},{"time":0.1666,"angle":0,"curve":"stepped"},{"time":0.3333,"angle":0,"curve":"stepped"},{"time":0.5,"angle":0,"curve":"stepped"},{"time":0.8666,"angle":0,"curve":"stepped"},{"time":1.1666,"angle":0}],"translate":[{"time":0,"x":0,"y":0,"curve":"stepped"},{"time":0.1666,"x":0,"y":0,"curve":"stepped"},{"time":0.3333,"x":0,"y":0,"curve":"stepped"},{"time":0.5,"x":0,"y":0,"curve":"stepped"},{"time":0.8666,"x":0,"y":0,"curve":"stepped"},{"time":1.1666,"x":0,"y":0}],"scale":[{"time":0,"x":1,"y":1,"curve":"stepped"},{"time":0.1666,"x":1,"y":1},{"time":0.3333,"x":1,"y":1.301},{"time":0.5,"x":1,"y":1,"curve":"stepped"},{"time":0.8666,"x":1,"y":1,"curve":"stepped"},{"time":1.1666,"x":1,"y":1}]},"5":{"rotate":[{"time":0,"angle":0,"curve":"stepped"},{"time":0.2666,"angle":0,"curve":"stepped"},{"time":0.4333,"angle":0,"curve":"stepped"},{"time":0.6,"angle":0,"curve":"stepped"},{"time":0.8666,"angle":0,"curve":"stepped"},{"time":1.1666,"angle":0}],"translate":[{"time":0,"x":0,"y":0,"curve":"stepped"},{"time":0.2666,"x":0,"y":0,"curve":"stepped"},{"time":0.4333,"x":0,"y":0,"curve":"stepped"},{"time":0.6,"x":0,"y":0,"curve":"stepped"},{"time":0.8666,"x":0,"y":0,"curve":"stepped"},{"time":1.1666,"x":0,"y":0}],"scale":[{"time":0,"x":1,"y":1,"curve":"stepped"},{"time":0.2666,"x":1,"y":1},{"time":0.4333,"x":1,"y":1.301},{"time":0.6,"x":1,"y":1,"curve":"stepped"},{"time":0.8666,"x":1,"y":1,"curve":"stepped"},{"time":1.1666,"x":1,"y":1}]},"6":{"rotate":[{"time":0,"angle":0,"curve":"stepped"},{"time":0.3333,"angle":0,"curve":"stepped"},{"time":0.5,"angle":0,"curve":"stepped"},{"time":0.6666,"angle":0,"curve":"stepped"},{"time":0.8666,"angle":0,"curve":"stepped"},{"time":1.1666,"angle":0}],"translate":[{"time":0,"x":0,"y":0,"curve":"stepped"},{"time":0.3333,"x":0,"y":0,"curve":"stepped"},{"time":0.5,"x":0,"y":0,"curve":"stepped"},{"time":0.6666,"x":0,"y":0,"curve":"stepped"},{"time":0.8666,"x":0,"y":0,"curve":"stepped"},{"time":1.1666,"x":0,"y":0}],"scale":[{"time":0,"x":1,"y":1,"curve":"stepped"},{"time":0.3333,"x":1,"y":1},{"time":0.5,"x":1,"y":1.309},{"time":0.6666,"x":1,"y":1,"curve":"stepped"},{"time":0.8666,"x":1,"y":1,"curve":"stepped"},{"time":1.1666,"x":1,"y":1}]},"7":{"rotate":[{"time":0,"angle":0,"curve":"stepped"},{"time":0.4333,"angle":0,"curve":"stepped"},{"time":0.6,"angle":0,"curve":"stepped"},{"time":0.7666,"angle":0,"curve":"stepped"},{"time":0.8666,"angle":0,"curve":"stepped"},{"time":1.1666,"angle":0}],"translate":[{"time":0,"x":0,"y":0,"curve":"stepped"},{"time":0.4333,"x":0,"y":0,"curve":"stepped"},{"time":0.6,"x":0,"y":0,"curve":"stepped"},{"time":0.7666,"x":0,"y":0,"curve":"stepped"},{"time":0.8666,"x":0,"y":0,"curve":"stepped"},{"time":1.1666,"x":0,"y":0}],"scale":[{"time":0,"x":1,"y":1,"curve":"stepped"},{"time":0.4333,"x":1,"y":1},{"time":0.6,"x":1,"y":1.311},{"time":0.7666,"x":1,"y":1,"curve":"stepped"},{"time":0.8666,"x":1,"y":1,"curve":"stepped"},{"time":1.1666,"x":1,"y":1}]},"8":{"rotate":[{"time":0,"angle":0,"curve":"stepped"},{"time":0.5333,"angle":0,"curve":"stepped"},{"time":0.7,"angle":0,"curve":"stepped"},{"time":0.8666,"angle":0,"curve":"stepped"},{"time":1.1666,"angle":0}],"translate":[{"time":0,"x":0,"y":0,"curve":"stepped"},{"time":0.5333,"x":0,"y":0,"curve":"stepped"},{"time":0.7,"x":0,"y":0,"curve":"stepped"},{"time":0.8666,"x":0,"y":0,"curve":"stepped"},{"time":1.1666,"x":0,"y":0}],"scale":[{"time":0,"x":1,"y":1,"curve":"stepped"},{"time":0.5333,"x":1,"y":1},{"time":0.7,"x":1,"y":1.332},{"time":0.8666,"x":1,"y":1,"curve":"stepped"},{"time":1.1666,"x":1,"y":1}]},"G":{"rotate":[{"time":0,"angle":0}],"translate":[{"time":0,"x":0,"y":0}],"scale":[{"time":0,"x":1.228,"y":0.676}]},"Feiji2":{"rotate":[{"time":0,"angle":0}],"translate":[{"time":0,"x":100.57,"y":-181.11}],"scale":[{"time":0,"x":1,"y":1}]},"FJ":{"translate":[{"time":0,"x":0,"y":111.4}]},"Gqd":{"rotate":[{"time":0,"angle":0,"curve":"stepped"},{"time":0.1666,"angle":0,"curve":"stepped"},{"time":0.8666,"angle":0,"curve":"stepped"},{"time":1.1666,"angle":0}],"translate":[{"time":0,"x":0,"y":0,"curve":"stepped"},{"time":0.1666,"x":0,"y":0,"curve":"stepped"},{"time":0.8666,"x":0,"y":0,"curve":"stepped"},{"time":1.1666,"x":0,"y":0}],"scale":[{"time":0,"x":1,"y":1,"curve":"stepped"},{"time":0.1666,"x":1,"y":1,"curve":"stepped"},{"time":0.8666,"x":1,"y":1,"curve":"stepped"},{"time":1.1666,"x":1,"y":1}]},"q":{"rotate":[{"time":0,"angle":0,"curve":"stepped"},{"time":0.1666,"angle":0,"curve":"stepped"},{"time":0.8666,"angle":0,"curve":"stepped"},{"time":1.1666,"angle":0}],"translate":[{"time":0,"x":0,"y":0,"curve":"stepped"},{"time":0.1666,"x":0,"y":0,"curve":"stepped"},{"time":0.8666,"x":0,"y":0,"curve":"stepped"},{"time":1.1666,"x":0,"y":0}],"scale":[{"time":0,"x":1,"y":1,"curve":"stepped"},{"time":0.1666,"x":1,"y":1,"curve":"stepped"},{"time":0.8666,"x":1,"y":1,"curve":"stepped"},{"time":1.1666,"x":1,"y":1}]},"Gangqin":{"rotate":[{"time":0,"angle":0}],"translate":[{"time":0,"x":0,"y":-27.08}],"scale":[{"time":0,"x":1,"y":1}]},"y1":{"rotate":[{"time":0,"angle":0,"curve":"stepped"},{"time":0.0666,"angle":0}],"translate":[{"time":0,"x":0,"y":0},{"time":0.0666,"x":18.28,"y":-54.25},{"time":0.8333,"x":106.61,"y":32.29}],"scale":[{"time":0,"x":1,"y":1},{"time":0.0666,"x":0.768,"y":0.768}]},"y2":{"rotate":[{"time":0,"angle":0,"curve":"stepped"},{"time":0.1666,"angle":0}],"translate":[{"time":0,"x":0,"y":0},{"time":0.1666,"x":2.59,"y":-22.06},{"time":0.5333,"x":-32.45,"y":63.6},{"time":1,"x":-40.23,"y":111.62}],"scale":[{"time":0,"x":1,"y":1},{"time":0.1666,"x":0.81,"y":0.81},{"time":0.5333,"x":1,"y":1}]},"y3":{"rotate":[{"time":0,"angle":0,"curve":"stepped"},{"time":0.2333,"angle":0}],"translate":[{"time":0,"x":-63.13,"y":-35.73},{"time":0.2333,"x":-113.16,"y":23.82},{"time":0.7,"x":-171.53,"y":111.97}],"scale":[{"time":0,"x":0.59,"y":0.59,"curve":"stepped"},{"time":0.2333,"x":0.59,"y":0.59}]},"y4":{"rotate":[{"time":0,"angle":0,"curve":"stepped"},{"time":0.1333,"angle":0,"curve":"stepped"},{"time":1.1666,"angle":0}],"translate":[{"time":0,"x":0,"y":0,"curve":"stepped"},{"time":0.1333,"x":0,"y":0},{"time":1.1666,"x":90.74,"y":135.97}],"scale":[{"time":0,"x":1,"y":1,"curve":"stepped"},{"time":0.1333,"x":1,"y":1,"curve":"stepped"},{"time":1.1666,"x":1,"y":1}]},"yinfu":{"translate":[{"time":0,"x":21.96,"y":99.36}]}}}}},"_atlasText":"\nfeijishunzi.png\nsize: 682,268\nformat: RGBA8888\nfilter: Linear,Linear\nrepeat: none\nimages/G\n  rotate: true\n  xy: 333, 123\n  size: 38, 39\n  orig: 38, 39\n  offset: 0, 0\n  index: -1\nimages/d\n  rotate: true\n  xy: 374, 110\n  size: 37, 38\n  orig: 37, 38\n  offset: 0, 0\n  index: -1\nimages/fj/fj\n  rotate: false\n  xy: 2, 95\n  size: 295, 171\n  orig: 295, 171\n  offset: 0, 0\n  index: -1\nimages/fj/fj2\n  rotate: false\n  xy: 284, 22\n  size: 134, 71\n  orig: 134, 71\n  offset: 0, 0\n  index: -1\nimages/gangqin/1\n  rotate: true\n  xy: 613, 12\n  size: 36, 48\n  orig: 36, 48\n  offset: 0, 0\n  index: -1\nimages/gangqin/2\n  rotate: true\n  xy: 348, 232\n  size: 34, 47\n  orig: 34, 47\n  offset: 0, 0\n  index: -1\nimages/gangqin/3\n  rotate: false\n  xy: 299, 132\n  size: 32, 46\n  orig: 32, 46\n  offset: 0, 0\n  index: -1\nimages/gangqin/4\n  rotate: false\n  xy: 299, 180\n  size: 32, 48\n  orig: 32, 48\n  offset: 0, 0\n  index: -1\nimages/gangqin/5\n  rotate: true\n  xy: 333, 163\n  size: 32, 48\n  orig: 32, 48\n  offset: 0, 0\n  index: -1\nimages/gangqin/6\n  rotate: false\n  xy: 383, 149\n  size: 33, 46\n  orig: 33, 46\n  offset: 0, 0\n  index: -1\nimages/gangqin/7\n  rotate: true\n  xy: 348, 197\n  size: 33, 47\n  orig: 33, 47\n  offset: 0, 0\n  index: -1\nimages/gangqin/8\n  rotate: true\n  xy: 299, 230\n  size: 36, 47\n  orig: 36, 47\n  offset: 0, 0\n  index: -1\nimages/gangqin/gqd\n  rotate: false\n  xy: 2, 2\n  size: 280, 91\n  orig: 280, 91\n  offset: 0, 0\n  index: -1\nimages/gangqin/q\n  rotate: false\n  xy: 284, 5\n  size: 252, 15\n  orig: 252, 15\n  offset: 0, 0\n  index: -1\nimages/yinfu/1\n  rotate: true\n  xy: 538, 11\n  size: 37, 73\n  orig: 37, 73\n  offset: 0, 0\n  index: -1\nimages/yinfu/f1\n  rotate: true\n  xy: 420, 147\n  size: 119, 108\n  orig: 119, 108\n  offset: 0, 0\n  index: -1\nimages/yinfu/g1\n  rotate: false\n  xy: 538, 50\n  size: 142, 216\n  orig: 142, 216\n  offset: 0, 0\n  index: -1\nimages/yinfu/j1\n  rotate: false\n  xy: 420, 35\n  size: 115, 110\n  orig: 115, 110\n  offset: 0, 0\n  index: -1\n","textures":[{"__uuid__":"0bN3Bf0StGPZSRP7ZhruxI"}],"textureNames":["feijishunzi.png"]}