{"__type__":"cc.SpriteAtlas","_name":"niao_hc0.plist","_spriteFrames":{"niao":{"__uuid__":"cadkpFzcNHvL6w5xkTiQWV"},"power_xl_0010001":{"__uuid__":"8303eILeVBY4v53fBp3ijG"},"power_xl_0010002":{"__uuid__":"d6ldElabVDBL7oPg+52Ngu"},"power_xl_0010003":{"__uuid__":"59t8yMJT1Goao7iZ5bNFvN"},"power_xl_0010004":{"__uuid__":"11yNniDZlL47YBvUIc92m+"},"power_xl_0010005":{"__uuid__":"85SRZN9z1KFaoC6lBYxdww"},"power_xl_0010006":{"__uuid__":"17ignZPExGqoKus25+joj4"},"power_xl_0010007":{"__uuid__":"6cvyMtyjFHVbaHQzdNktMW"},"power_xl_0010008":{"__uuid__":"38Vhh1EFBDTZ9yFiZPTl89"},"power_xl_0010009":{"__uuid__":"7bmXgQbG1EoYGFFwyI11QW"},"power_xl_0010010":{"__uuid__":"5ewj4rR0tGirLFS/7M5/IU"},"power_xl_0010011":{"__uuid__":"3fnjUj8fJNxJcDgpE1bQx9"},"power_xl_0010012":{"__uuid__":"518yrVnPdDPZ2K4JiLyYob"},"power_xl_0010013":{"__uuid__":"08i5o2N25GJpwOspEAA9xi"},"power_xl_0010014":{"__uuid__":"f3eOCysphHk7e/UIcdJtdn"},"power_xl_0010015":{"__uuid__":"7b50n3FhRNO4MWrMcIxf9/"},"power_xl_0010016":{"__uuid__":"78Yp6cxCVEIZypvwwiVlCG"},"power_xl_0010017":{"__uuid__":"83RHwPO0xDEaJ0f8i53TVm"},"power_xl_0010018":{"__uuid__":"acv1tgtypFgbELVrMjIBFa"},"power_xl_0010019":{"__uuid__":"26XZqhv3xDAKauJ7JvANGf"},"power_xl_0010020":{"__uuid__":"49Kd3YevpC858dqGYchJrR"},"power_xl_0010021":{"__uuid__":"a2a0qcwTBODLP/e3ahMOUp"},"power_xl_0010022":{"__uuid__":"9fuF7HlxxB2J30A4f91WuA"},"power_xl_0010023":{"__uuid__":"48sLasuKhJGbxdyTpDq9Yg"},"power_xl_0010024":{"__uuid__":"0870+9BQdKra2eDvj803Pi"},"power_xl_0010025":{"__uuid__":"ccSDBZtApICJpRqH9yj35f"},"power_xl_0010026":{"__uuid__":"dajhbjyYxHD6p1M7Mddff0"},"power_xl_0010027":{"__uuid__":"fbMm8swIRI7r0EK77UoaS1"},"power_xl_0010028":{"__uuid__":"895r9R/W5FdbjAVt0ImLPQ"},"power_xl_0010029":{"__uuid__":"daTisZogROZ6rZsrjUH9lF"},"power_xl_0010030":{"__uuid__":"e6vOnqjFVI64ELBPuKcaLa"},"power_xl_0010031":{"__uuid__":"a1DMlAaWNCy5QeR8nSTW/0"},"power_xl_0010032":{"__uuid__":"184ApgGg1DwYnzgj1KnABt"}}}