[{"__type__":"cc.Prefab","_name":"Desk","data":{"__id__":1}},{"__type__":"cc.Node","_name":"Desk","_children":[{"__id__":2}],"_components":[{"__type__":"1b43fW47adLWYPIFSmWBnhf","node":{"__id__":1},"innerNode":{"__id__":2},"deskIndex":{"__id__":11},"deskBgSprite":{"__id__":5},"deskType":[{"__uuid__":"78VqT+EOZPpKOKNJnCU30Y"},{"__uuid__":"16mu8PEvdEpq1f9XFW3bqh"},{"__uuid__":"a9cmg1dGRJUKR7MdYsuF1w"},{"__uuid__":"a7UyUX3sRHm4KnIuZT/hck"},{"__uuid__":"acmfEH+OZIAIjneI7kW5lT"},{"__uuid__":"2abanERSlOGpexRBohltFg"},{"__uuid__":"abjpEj7JhAm7zHxQ3PPfxk"},{"__uuid__":"adfhlFS01JZq064DvQOE3t"}],"chairCountList":[{"__id__":133},{"__id__":175}],"wanFa":{"__id__":178},"mainType":{"__id__":180},"playerCount":{"__id__":182},"baseScore":{"__id__":184},"leagueNode":{"__id__":6},"leagueMark":{"__id__":8},"deskBtn":{"__id__":185}}],"_prefab":{"__type__":"cc.PrefabInfo","root":{"__id__":1},"asset":{"__uuid__":"57WwrcX7tH1KQTHlhzB7qs"},"fileId":"aeIeHWADVE7oqxmcNXz2dN"},"_contentSize":{"__type__":"cc.Size","width":420,"height":260},"_trs":{"__type__":"TypedArray","ctor":"Float64Array","array":[0,0,0,0,0,0,1,1,1,1]}},{"__type__":"cc.Node","_name":"innerNode","_parent":{"__id__":1},"_children":[{"__id__":3},{"__id__":4},{"__id__":6},{"__id__":9},{"__id__":12},{"__id__":134},{"__id__":176},{"__id__":185}],"_prefab":{"__type__":"cc.PrefabInfo","root":{"__id__":1},"asset":{"__uuid__":"57WwrcX7tH1KQTHlhzB7qs"},"fileId":"90jJO+uKdEbY9/2fKys598"},"_trs":{"__type__":"TypedArray","ctor":"Float64Array","array":[0,-10,0,0,0,0,1,1,1,1]}},{"__type__":"cc.Node","_name":"deskBtn","_parent":{"__id__":2},"_components":[{"__type__":"cc.Button","node":{"__id__":3},"_normalMaterial":{"__uuid__":"ecpdLyjvZBwrvm+cedCcQy"},"duration":0.05,"zoomScale":1.05,"clickEvents":[{"__type__":"cc.ClickEvent","target":{"__id__":1},"_componentId":"1b43fW47adLWYPIFSmWBnhf","handler":"onDeskClick"}],"_N$transition":3,"transition":3,"_N$normalColor":{"__type__":"cc.Color","r":214,"g":214,"b":214},"_N$target":{"__id__":4}}],"_prefab":{"__type__":"cc.PrefabInfo","root":{"__id__":1},"asset":{"__uuid__":"57WwrcX7tH1KQTHlhzB7qs"},"fileId":"d0v/+J7qJCFItp9m6VErJr"},"_contentSize":{"__type__":"cc.Size","width":310,"height":190},"_trs":{"__type__":"TypedArray","ctor":"Float64Array","array":[0,0,0,0,0,0,1,1,1,1]}},{"__type__":"cc.Node","_name":"deskBg","_parent":{"__id__":2},"_components":[{"__id__":5}],"_prefab":{"__type__":"cc.PrefabInfo","root":{"__id__":1},"asset":{"__uuid__":"57WwrcX7tH1KQTHlhzB7qs"},"fileId":"1fpdbDUMpEkbNT5wfTjYiu"},"_contentSize":{"__type__":"cc.Size","width":292,"height":227},"_trs":{"__type__":"TypedArray","ctor":"Float64Array","array":[0,12,0,0,0,0,1,1,1,1]}},{"__type__":"cc.Sprite","node":{"__id__":4},"_materials":[{"__uuid__":"ecpdLyjvZBwrvm+cedCcQy"}],"_spriteFrame":{"__uuid__":"a9cmg1dGRJUKR7MdYsuF1w"}},{"__type__":"cc.Node","_name":"leagueNode","_parent":{"__id__":2},"_children":[{"__id__":7}],"_prefab":{"__type__":"cc.PrefabInfo","root":{"__id__":1},"asset":{"__uuid__":"57WwrcX7tH1KQTHlhzB7qs"},"fileId":"1awoXYs21MwIIryByILx7Y"},"_trs":{"__type__":"TypedArray","ctor":"Float64Array","array":[0,93,0,0,0,0,1,1,1,1]}},{"__type__":"cc.Node","_name":"leagueMark","_parent":{"__id__":6},"_components":[{"__id__":8}],"_prefab":{"__type__":"cc.PrefabInfo","root":{"__id__":1},"asset":{"__uuid__":"57WwrcX7tH1KQTHlhzB7qs"},"fileId":"1cGMI4HKZFlLp26a7jNa8q"},"_color":{"__type__":"cc.Color","r":64,"g":255,"b":102},"_contentSize":{"__type__":"cc.Size","width":40,"height":25.2},"_trs":{"__type__":"TypedArray","ctor":"Float64Array","array":[0,0,0,0,0,0,1,1,1,1]}},{"__type__":"cc.Label","node":{"__id__":7},"_materials":[{"__uuid__":"ecpdLyjvZBwrvm+cedCcQy"}],"_useOriginalSize":false,"_string":"联盟","_N$string":"联盟","_fontSize":20,"_lineHeight":20,"_N$horizontalAlign":1,"_N$verticalAlign":1},{"__type__":"cc.Node","_name":"title_di","_parent":{"__id__":2},"_children":[{"__id__":10}],"_active":false,"_components":[{"__type__":"cc.Sprite","node":{"__id__":9},"_materials":[{"__uuid__":"ecpdLyjvZBwrvm+cedCcQy"}],"_spriteFrame":{"__uuid__":"3dQ8eKn9tKc7cpDoVNNb5E"}}],"_prefab":{"__type__":"cc.PrefabInfo","root":{"__id__":1},"asset":{"__uuid__":"57WwrcX7tH1KQTHlhzB7qs"},"fileId":"1fuw3LQChAeoZabPGSioiE"},"_contentSize":{"__type__":"cc.Size","width":56,"height":28},"_trs":{"__type__":"TypedArray","ctor":"Float64Array","array":[0,90.151,0,0,0,0,1,1,1,1]}},{"__type__":"cc.Node","_name":"deskIndex","_parent":{"__id__":9},"_components":[{"__id__":11}],"_prefab":{"__type__":"cc.PrefabInfo","root":{"__id__":1},"asset":{"__uuid__":"57WwrcX7tH1KQTHlhzB7qs"},"fileId":"0b+UdA9oNLfqTQ287bkghB"},"_contentSize":{"__type__":"cc.Size","width":22.25,"height":25.2},"_trs":{"__type__":"TypedArray","ctor":"Float64Array","array":[0,1.087,0,0,0,0,1,1,1,1]}},{"__type__":"cc.Label","node":{"__id__":10},"_materials":[{"__uuid__":"ecpdLyjvZBwrvm+cedCcQy"}],"_useOriginalSize":false,"_string":"40","_N$string":"40","_fontSize":20,"_lineHeight":20,"_N$horizontalAlign":1,"_N$verticalAlign":1},{"__type__":"cc.Node","_name":"chairCount12","_parent":{"__id__":2},"_children":[{"__id__":13},{"__id__":23},{"__id__":33},{"__id__":43},{"__id__":53},{"__id__":63},{"__id__":73},{"__id__":83},{"__id__":93},{"__id__":103},{"__id__":113},{"__id__":123}],"_active":false,"_components":[{"__id__":133}],"_prefab":{"__type__":"cc.PrefabInfo","root":{"__id__":1},"asset":{"__uuid__":"57WwrcX7tH1KQTHlhzB7qs"},"fileId":"1dNSm0xnJM7aewgDBNLs8U"},"_trs":{"__type__":"TypedArray","ctor":"Float64Array","array":[0,0,0,0,0,0,1,1,1,1]}},{"__type__":"cc.Node","_name":"chair1","_parent":{"__id__":12},"_children":[{"__id__":14},{"__id__":15}],"_components":[{"__id__":22}],"_prefab":{"__type__":"cc.PrefabInfo","root":{"__id__":1},"asset":{"__uuid__":"57WwrcX7tH1KQTHlhzB7qs"},"fileId":"5cTh9O9/hGzYdThlIDJpNi"},"_contentSize":{"__type__":"cc.Size","width":66,"height":68},"_trs":{"__type__":"TypedArray","ctor":"Float64Array","array":[-90,115,0,0,0,0,1,1,1,1]}},{"__type__":"cc.Node","_name":"chairIcon","_parent":{"__id__":13},"_components":[{"__type__":"cc.Sprite","node":{"__id__":14},"_materials":[{"__uuid__":"ecpdLyjvZBwrvm+cedCcQy"}],"_spriteFrame":{"__uuid__":"cbir6eqHtDyK01tZr+HtKy"},"_sizeMode":0}],"_prefab":{"__type__":"cc.PrefabInfo","root":{"__id__":1},"asset":{"__uuid__":"57WwrcX7tH1KQTHlhzB7qs"},"fileId":"60xKKONPNC1b97Vft1trdt"},"_contentSize":{"__type__":"cc.Size","width":66,"height":68},"_trs":{"__type__":"TypedArray","ctor":"Float64Array","array":[0,0,0,0,0,1,6.123233995736766e-17,1,1,1]},"_eulerAngles":{"__type__":"cc.Vec3","z":180}},{"__type__":"cc.Node","_name":"headNode","_parent":{"__id__":13},"_children":[{"__id__":16},{"__id__":19}],"_components":[{"__id__":21}],"_prefab":{"__type__":"cc.PrefabInfo","root":{"__id__":1},"asset":{"__uuid__":"57WwrcX7tH1KQTHlhzB7qs"},"fileId":"1b9cK+UFlCUJQtZR7buu8H"},"_trs":{"__type__":"TypedArray","ctor":"Float64Array","array":[0,1.821,0,0,0,0,1,0.7,0.7,1]}},{"__type__":"cc.Node","_name":"headMask","_parent":{"__id__":15},"_children":[{"__id__":17}],"_components":[{"__type__":"cc.Mask","node":{"__id__":16},"_materials":[{"__uuid__":"ecpdLyjvZBwrvm+cedCcQy"}],"_spriteFrame":{"__uuid__":"9cjWjfKoBGubKGwjuNg3Tr"},"_type":2}],"_prefab":{"__type__":"cc.PrefabInfo","root":{"__id__":1},"asset":{"__uuid__":"57WwrcX7tH1KQTHlhzB7qs"},"fileId":"18ZRMx5/1IfKFSPXiLB7+H"},"_contentSize":{"__type__":"cc.Size","width":75,"height":75},"_trs":{"__type__":"TypedArray","ctor":"Float64Array","array":[0,5,0,0,0,0,1,1,1,1]}},{"__type__":"cc.Node","_name":"headIcon","_parent":{"__id__":16},"_components":[{"__id__":18}],"_prefab":{"__type__":"cc.PrefabInfo","root":{"__id__":1},"asset":{"__uuid__":"57WwrcX7tH1KQTHlhzB7qs"},"fileId":"95tN2JOaJHUaCYdeCYKirJ"},"_contentSize":{"__type__":"cc.Size","width":70,"height":70},"_trs":{"__type__":"TypedArray","ctor":"Float64Array","array":[0,0,0,0,0,0,1,1,1,1]}},{"__type__":"cc.Sprite","node":{"__id__":17},"_materials":[{"__uuid__":"ecpdLyjvZBwrvm+cedCcQy"}],"_sizeMode":0},{"__type__":"cc.Node","_name":"nickName","_parent":{"__id__":15},"_components":[{"__id__":20}],"_prefab":{"__type__":"cc.PrefabInfo","root":{"__id__":1},"asset":{"__uuid__":"57WwrcX7tH1KQTHlhzB7qs"},"fileId":"a5tp//wNBMrKO/VGDtzLSP"},"_contentSize":{"__type__":"cc.Size","height":18},"_trs":{"__type__":"TypedArray","ctor":"Float64Array","array":[0,-44,0,0,0,0,1,1,1,1]}},{"__type__":"cc.Label","node":{"__id__":19},"_materials":[{"__uuid__":"ecpdLyjvZBwrvm+cedCcQy"}],"_useOriginalSize":false,"_fontSize":16,"_lineHeight":18,"_N$horizontalAlign":1,"_N$verticalAlign":1,"_N$cacheMode":2},{"__type__":"62d39gaattGYYLEGtr4O/qu","node":{"__id__":15},"headIcon":{"__id__":18}},{"__type__":"3a92cf59DNLQJ7t8f2WXTxD","node":{"__id__":13},"headIcon":{"__id__":21},"nickName":{"__id__":20}},{"__type__":"cc.Node","_name":"chair2","_parent":{"__id__":12},"_children":[{"__id__":24},{"__id__":25}],"_components":[{"__id__":32}],"_prefab":{"__type__":"cc.PrefabInfo","root":{"__id__":1},"asset":{"__uuid__":"57WwrcX7tH1KQTHlhzB7qs"},"fileId":"df4s0p9LBBGabYb0MEgSzo"},"_contentSize":{"__type__":"cc.Size","width":70,"height":70},"_trs":{"__type__":"TypedArray","ctor":"Float64Array","array":[-166,82,0,0,0,0,1,1,1,1]}},{"__type__":"cc.Node","_name":"chairIcon","_parent":{"__id__":23},"_components":[{"__type__":"cc.Sprite","node":{"__id__":24},"_materials":[{"__uuid__":"ecpdLyjvZBwrvm+cedCcQy"}],"_spriteFrame":{"__uuid__":"cbir6eqHtDyK01tZr+HtKy"},"_sizeMode":0}],"_prefab":{"__type__":"cc.PrefabInfo","root":{"__id__":1},"asset":{"__uuid__":"57WwrcX7tH1KQTHlhzB7qs"},"fileId":"c4/DZ6nyxG5Z6cW1qsdW2a"},"_contentSize":{"__type__":"cc.Size","width":66,"height":68},"_trs":{"__type__":"TypedArray","ctor":"Float64Array","array":[0,0,0,0,0,-0.8660254037844386,0.5000000000000001,1,1,1]},"_eulerAngles":{"__type__":"cc.Vec3","z":-120}},{"__type__":"cc.Node","_name":"headNode","_parent":{"__id__":23},"_children":[{"__id__":26},{"__id__":29}],"_components":[{"__id__":31}],"_prefab":{"__type__":"cc.PrefabInfo","root":{"__id__":1},"asset":{"__uuid__":"57WwrcX7tH1KQTHlhzB7qs"},"fileId":"f9gINwijROuJe8Cfw1MVwC"},"_trs":{"__type__":"TypedArray","ctor":"Float64Array","array":[0,1.821,0,0,0,0,1,0.7,0.7,1]}},{"__type__":"cc.Node","_name":"headMask","_parent":{"__id__":25},"_children":[{"__id__":27}],"_components":[{"__type__":"cc.Mask","node":{"__id__":26},"_materials":[{"__uuid__":"ecpdLyjvZBwrvm+cedCcQy"}],"_spriteFrame":{"__uuid__":"9cjWjfKoBGubKGwjuNg3Tr"},"_type":2}],"_prefab":{"__type__":"cc.PrefabInfo","root":{"__id__":1},"asset":{"__uuid__":"57WwrcX7tH1KQTHlhzB7qs"},"fileId":"bc5aOHai1F9qUfLkn14PDR"},"_contentSize":{"__type__":"cc.Size","width":75,"height":75},"_trs":{"__type__":"TypedArray","ctor":"Float64Array","array":[0,5,0,0,0,0,1,1,1,1]}},{"__type__":"cc.Node","_name":"headIcon","_parent":{"__id__":26},"_components":[{"__id__":28}],"_prefab":{"__type__":"cc.PrefabInfo","root":{"__id__":1},"asset":{"__uuid__":"57WwrcX7tH1KQTHlhzB7qs"},"fileId":"54RpqadHhJ8oA40uuISJif"},"_contentSize":{"__type__":"cc.Size","width":70,"height":70},"_trs":{"__type__":"TypedArray","ctor":"Float64Array","array":[0,0,0,0,0,0,1,1,1,1]}},{"__type__":"cc.Sprite","node":{"__id__":27},"_materials":[{"__uuid__":"ecpdLyjvZBwrvm+cedCcQy"}],"_sizeMode":0},{"__type__":"cc.Node","_name":"nickName","_parent":{"__id__":25},"_components":[{"__id__":30}],"_prefab":{"__type__":"cc.PrefabInfo","root":{"__id__":1},"asset":{"__uuid__":"57WwrcX7tH1KQTHlhzB7qs"},"fileId":"44g9qatvJJ3Ii+OHwMSe6x"},"_contentSize":{"__type__":"cc.Size","height":18},"_trs":{"__type__":"TypedArray","ctor":"Float64Array","array":[0,-44,0,0,0,0,1,1,1,1]}},{"__type__":"cc.Label","node":{"__id__":29},"_materials":[{"__uuid__":"ecpdLyjvZBwrvm+cedCcQy"}],"_useOriginalSize":false,"_fontSize":16,"_lineHeight":18,"_N$horizontalAlign":1,"_N$verticalAlign":1,"_N$cacheMode":2},{"__type__":"62d39gaattGYYLEGtr4O/qu","node":{"__id__":25},"headIcon":{"__id__":28}},{"__type__":"3a92cf59DNLQJ7t8f2WXTxD","node":{"__id__":23},"headIcon":{"__id__":31},"nickName":{"__id__":30}},{"__type__":"cc.Node","_name":"chair3","_parent":{"__id__":12},"_children":[{"__id__":34},{"__id__":35}],"_components":[{"__id__":42}],"_prefab":{"__type__":"cc.PrefabInfo","root":{"__id__":1},"asset":{"__uuid__":"57WwrcX7tH1KQTHlhzB7qs"},"fileId":"eaLpsbSWBJWr9QKDJhy5Up"},"_contentSize":{"__type__":"cc.Size","width":70,"height":70},"_trs":{"__type__":"TypedArray","ctor":"Float64Array","array":[-185,19,0,0,0,0,1,1,1,1]}},{"__type__":"cc.Node","_name":"chairIcon","_parent":{"__id__":33},"_components":[{"__type__":"cc.Sprite","node":{"__id__":34},"_materials":[{"__uuid__":"ecpdLyjvZBwrvm+cedCcQy"}],"_spriteFrame":{"__uuid__":"cbir6eqHtDyK01tZr+HtKy"},"_sizeMode":0}],"_prefab":{"__type__":"cc.PrefabInfo","root":{"__id__":1},"asset":{"__uuid__":"57WwrcX7tH1KQTHlhzB7qs"},"fileId":"f2zDVIfNZK6IgLUsTOirMY"},"_contentSize":{"__type__":"cc.Size","width":66,"height":68},"_trs":{"__type__":"TypedArray","ctor":"Float64Array","array":[0,0,0,0,0,-0.7071067811865475,0.7071067811865476,1,1,1]},"_eulerAngles":{"__type__":"cc.Vec3","z":-90}},{"__type__":"cc.Node","_name":"headNode","_parent":{"__id__":33},"_children":[{"__id__":36},{"__id__":39}],"_components":[{"__id__":41}],"_prefab":{"__type__":"cc.PrefabInfo","root":{"__id__":1},"asset":{"__uuid__":"57WwrcX7tH1KQTHlhzB7qs"},"fileId":"3fjyNXmLhNa42Ep/AV+tCz"},"_trs":{"__type__":"TypedArray","ctor":"Float64Array","array":[0,1.821,0,0,0,0,1,0.7,0.7,1]}},{"__type__":"cc.Node","_name":"headMask","_parent":{"__id__":35},"_children":[{"__id__":37}],"_components":[{"__type__":"cc.Mask","node":{"__id__":36},"_materials":[{"__uuid__":"ecpdLyjvZBwrvm+cedCcQy"}],"_spriteFrame":{"__uuid__":"9cjWjfKoBGubKGwjuNg3Tr"},"_type":2}],"_prefab":{"__type__":"cc.PrefabInfo","root":{"__id__":1},"asset":{"__uuid__":"57WwrcX7tH1KQTHlhzB7qs"},"fileId":"80NN6MHPdOXL9IbpSDa8j6"},"_contentSize":{"__type__":"cc.Size","width":75,"height":75},"_trs":{"__type__":"TypedArray","ctor":"Float64Array","array":[0,5,0,0,0,0,1,1,1,1]}},{"__type__":"cc.Node","_name":"headIcon","_parent":{"__id__":36},"_components":[{"__id__":38}],"_prefab":{"__type__":"cc.PrefabInfo","root":{"__id__":1},"asset":{"__uuid__":"57WwrcX7tH1KQTHlhzB7qs"},"fileId":"35scpGDOlAeLLRYD6WW10X"},"_contentSize":{"__type__":"cc.Size","width":70,"height":70},"_trs":{"__type__":"TypedArray","ctor":"Float64Array","array":[0,0,0,0,0,0,1,1,1,1]}},{"__type__":"cc.Sprite","node":{"__id__":37},"_materials":[{"__uuid__":"ecpdLyjvZBwrvm+cedCcQy"}],"_sizeMode":0},{"__type__":"cc.Node","_name":"nickName","_parent":{"__id__":35},"_components":[{"__id__":40}],"_prefab":{"__type__":"cc.PrefabInfo","root":{"__id__":1},"asset":{"__uuid__":"57WwrcX7tH1KQTHlhzB7qs"},"fileId":"d7F5As7dpExoP6pvesYeCM"},"_contentSize":{"__type__":"cc.Size","height":18},"_trs":{"__type__":"TypedArray","ctor":"Float64Array","array":[0,-44,0,0,0,0,1,1,1,1]}},{"__type__":"cc.Label","node":{"__id__":39},"_materials":[{"__uuid__":"ecpdLyjvZBwrvm+cedCcQy"}],"_useOriginalSize":false,"_fontSize":16,"_lineHeight":18,"_N$horizontalAlign":1,"_N$verticalAlign":1,"_N$cacheMode":2},{"__type__":"62d39gaattGYYLEGtr4O/qu","node":{"__id__":35},"headIcon":{"__id__":38}},{"__type__":"3a92cf59DNLQJ7t8f2WXTxD","node":{"__id__":33},"headIcon":{"__id__":41},"nickName":{"__id__":40}},{"__type__":"cc.Node","_name":"chair4","_parent":{"__id__":12},"_children":[{"__id__":44},{"__id__":45}],"_components":[{"__id__":52}],"_prefab":{"__type__":"cc.PrefabInfo","root":{"__id__":1},"asset":{"__uuid__":"57WwrcX7tH1KQTHlhzB7qs"},"fileId":"14YWUuA3NI+b+XwZcmreuv"},"_contentSize":{"__type__":"cc.Size","width":70,"height":70},"_trs":{"__type__":"TypedArray","ctor":"Float64Array","array":[-170,-47,0,0,0,0,1,1,1,1]}},{"__type__":"cc.Node","_name":"chairIcon","_parent":{"__id__":43},"_components":[{"__type__":"cc.Sprite","node":{"__id__":44},"_materials":[{"__uuid__":"ecpdLyjvZBwrvm+cedCcQy"}],"_spriteFrame":{"__uuid__":"cbir6eqHtDyK01tZr+HtKy"},"_sizeMode":0}],"_prefab":{"__type__":"cc.PrefabInfo","root":{"__id__":1},"asset":{"__uuid__":"57WwrcX7tH1KQTHlhzB7qs"},"fileId":"ceWvXyjrNHrZcyNNoE5IR8"},"_contentSize":{"__type__":"cc.Size","width":66,"height":68},"_trs":{"__type__":"TypedArray","ctor":"Float64Array","array":[0,0,0,0,0,-0.48480962024633706,0.8746197071393957,1,1,1]},"_eulerAngles":{"__type__":"cc.Vec3","z":-58}},{"__type__":"cc.Node","_name":"headNode","_parent":{"__id__":43},"_children":[{"__id__":46},{"__id__":49}],"_components":[{"__id__":51}],"_prefab":{"__type__":"cc.PrefabInfo","root":{"__id__":1},"asset":{"__uuid__":"57WwrcX7tH1KQTHlhzB7qs"},"fileId":"60246hj1RCdJlbp69ZFJdt"},"_trs":{"__type__":"TypedArray","ctor":"Float64Array","array":[0,1.821,0,0,0,0,1,0.7,0.7,1]}},{"__type__":"cc.Node","_name":"headMask","_parent":{"__id__":45},"_children":[{"__id__":47}],"_components":[{"__type__":"cc.Mask","node":{"__id__":46},"_materials":[{"__uuid__":"ecpdLyjvZBwrvm+cedCcQy"}],"_spriteFrame":{"__uuid__":"9cjWjfKoBGubKGwjuNg3Tr"},"_type":2}],"_prefab":{"__type__":"cc.PrefabInfo","root":{"__id__":1},"asset":{"__uuid__":"57WwrcX7tH1KQTHlhzB7qs"},"fileId":"f4PFRgEaRLbbQ3ERNcX6Cl"},"_contentSize":{"__type__":"cc.Size","width":75,"height":75},"_trs":{"__type__":"TypedArray","ctor":"Float64Array","array":[0,5,0,0,0,0,1,1,1,1]}},{"__type__":"cc.Node","_name":"headIcon","_parent":{"__id__":46},"_components":[{"__id__":48}],"_prefab":{"__type__":"cc.PrefabInfo","root":{"__id__":1},"asset":{"__uuid__":"57WwrcX7tH1KQTHlhzB7qs"},"fileId":"14myiC2MVIMrssdKNtm8Jo"},"_contentSize":{"__type__":"cc.Size","width":70,"height":70},"_trs":{"__type__":"TypedArray","ctor":"Float64Array","array":[0,0,0,0,0,0,1,1,1,1]}},{"__type__":"cc.Sprite","node":{"__id__":47},"_materials":[{"__uuid__":"ecpdLyjvZBwrvm+cedCcQy"}],"_sizeMode":0},{"__type__":"cc.Node","_name":"nickName","_parent":{"__id__":45},"_components":[{"__id__":50}],"_prefab":{"__type__":"cc.PrefabInfo","root":{"__id__":1},"asset":{"__uuid__":"57WwrcX7tH1KQTHlhzB7qs"},"fileId":"1bDE5AzTlHFr6nxuixQavZ"},"_contentSize":{"__type__":"cc.Size","height":18},"_trs":{"__type__":"TypedArray","ctor":"Float64Array","array":[0,-44,0,0,0,0,1,1,1,1]}},{"__type__":"cc.Label","node":{"__id__":49},"_materials":[{"__uuid__":"ecpdLyjvZBwrvm+cedCcQy"}],"_useOriginalSize":false,"_fontSize":16,"_lineHeight":18,"_N$horizontalAlign":1,"_N$verticalAlign":1,"_N$cacheMode":2},{"__type__":"62d39gaattGYYLEGtr4O/qu","node":{"__id__":45},"headIcon":{"__id__":48}},{"__type__":"3a92cf59DNLQJ7t8f2WXTxD","node":{"__id__":43},"headIcon":{"__id__":51},"nickName":{"__id__":50}},{"__type__":"cc.Node","_name":"chair5","_parent":{"__id__":12},"_children":[{"__id__":54},{"__id__":55}],"_components":[{"__id__":62}],"_prefab":{"__type__":"cc.PrefabInfo","root":{"__id__":1},"asset":{"__uuid__":"57WwrcX7tH1KQTHlhzB7qs"},"fileId":"dfEoEPZD1Ck7Bf46Nl0TSR"},"_contentSize":{"__type__":"cc.Size","width":70,"height":70},"_trs":{"__type__":"TypedArray","ctor":"Float64Array","array":[-112,-88,0,0,0,0,1,1,1,1]}},{"__type__":"cc.Node","_name":"chairIcon","_parent":{"__id__":53},"_components":[{"__type__":"cc.Sprite","node":{"__id__":54},"_materials":[{"__uuid__":"ecpdLyjvZBwrvm+cedCcQy"}],"_spriteFrame":{"__uuid__":"cbir6eqHtDyK01tZr+HtKy"},"_sizeMode":0}],"_prefab":{"__type__":"cc.PrefabInfo","root":{"__id__":1},"asset":{"__uuid__":"57WwrcX7tH1KQTHlhzB7qs"},"fileId":"e91MLKimJP36MG3xOfACyK"},"_contentSize":{"__type__":"cc.Size","width":66,"height":68},"_trs":{"__type__":"TypedArray","ctor":"Float64Array","array":[0,0,0,0,0,-0.17364817766693033,0.984807753012208,1,1,1]},"_eulerAngles":{"__type__":"cc.Vec3","z":-20}},{"__type__":"cc.Node","_name":"headNode","_parent":{"__id__":53},"_children":[{"__id__":56},{"__id__":59}],"_components":[{"__id__":61}],"_prefab":{"__type__":"cc.PrefabInfo","root":{"__id__":1},"asset":{"__uuid__":"57WwrcX7tH1KQTHlhzB7qs"},"fileId":"c0Nq9MbotEN5bRX5y1kL3d"},"_trs":{"__type__":"TypedArray","ctor":"Float64Array","array":[0,1.821,0,0,0,0,1,0.7,0.7,1]}},{"__type__":"cc.Node","_name":"headMask","_parent":{"__id__":55},"_children":[{"__id__":57}],"_components":[{"__type__":"cc.Mask","node":{"__id__":56},"_materials":[{"__uuid__":"ecpdLyjvZBwrvm+cedCcQy"}],"_spriteFrame":{"__uuid__":"9cjWjfKoBGubKGwjuNg3Tr"},"_type":2}],"_prefab":{"__type__":"cc.PrefabInfo","root":{"__id__":1},"asset":{"__uuid__":"57WwrcX7tH1KQTHlhzB7qs"},"fileId":"42IWJ+5aZCPLDXnHiYDCeb"},"_contentSize":{"__type__":"cc.Size","width":75,"height":75},"_trs":{"__type__":"TypedArray","ctor":"Float64Array","array":[0,5,0,0,0,0,1,1,1,1]}},{"__type__":"cc.Node","_name":"headIcon","_parent":{"__id__":56},"_components":[{"__id__":58}],"_prefab":{"__type__":"cc.PrefabInfo","root":{"__id__":1},"asset":{"__uuid__":"57WwrcX7tH1KQTHlhzB7qs"},"fileId":"3094JE/iZLoqAKZ9yate+2"},"_contentSize":{"__type__":"cc.Size","width":70,"height":70},"_trs":{"__type__":"TypedArray","ctor":"Float64Array","array":[0,0,0,0,0,0,1,1,1,1]}},{"__type__":"cc.Sprite","node":{"__id__":57},"_materials":[{"__uuid__":"ecpdLyjvZBwrvm+cedCcQy"}],"_sizeMode":0},{"__type__":"cc.Node","_name":"nickName","_parent":{"__id__":55},"_components":[{"__id__":60}],"_prefab":{"__type__":"cc.PrefabInfo","root":{"__id__":1},"asset":{"__uuid__":"57WwrcX7tH1KQTHlhzB7qs"},"fileId":"c3VQ6DmdxC3Jaj/VeHCqlH"},"_contentSize":{"__type__":"cc.Size","height":18},"_trs":{"__type__":"TypedArray","ctor":"Float64Array","array":[0,-44,0,0,0,0,1,1,1,1]}},{"__type__":"cc.Label","node":{"__id__":59},"_materials":[{"__uuid__":"ecpdLyjvZBwrvm+cedCcQy"}],"_useOriginalSize":false,"_fontSize":16,"_lineHeight":18,"_N$horizontalAlign":1,"_N$verticalAlign":1,"_N$cacheMode":2},{"__type__":"62d39gaattGYYLEGtr4O/qu","node":{"__id__":55},"headIcon":{"__id__":58}},{"__type__":"3a92cf59DNLQJ7t8f2WXTxD","node":{"__id__":53},"headIcon":{"__id__":61},"nickName":{"__id__":60}},{"__type__":"cc.Node","_name":"chair6","_parent":{"__id__":12},"_children":[{"__id__":64},{"__id__":65}],"_components":[{"__id__":72}],"_prefab":{"__type__":"cc.PrefabInfo","root":{"__id__":1},"asset":{"__uuid__":"57WwrcX7tH1KQTHlhzB7qs"},"fileId":"e9r4/oV+dL5KVur2blTK2j"},"_contentSize":{"__type__":"cc.Size","width":70,"height":70},"_trs":{"__type__":"TypedArray","ctor":"Float64Array","array":[-35,-94,0,0,0,0,1,1,1,1]}},{"__type__":"cc.Node","_name":"chairIcon","_parent":{"__id__":63},"_components":[{"__type__":"cc.Sprite","node":{"__id__":64},"_materials":[{"__uuid__":"ecpdLyjvZBwrvm+cedCcQy"}],"_spriteFrame":{"__uuid__":"cbir6eqHtDyK01tZr+HtKy"},"_sizeMode":0}],"_prefab":{"__type__":"cc.PrefabInfo","root":{"__id__":1},"asset":{"__uuid__":"57WwrcX7tH1KQTHlhzB7qs"},"fileId":"48resDZCBK/o82WbFUGgeM"},"_contentSize":{"__type__":"cc.Size","width":66,"height":68},"_trs":{"__type__":"TypedArray","ctor":"Float64Array","array":[0,0,0,0,0,0,1,1,1,1]}},{"__type__":"cc.Node","_name":"headNode","_parent":{"__id__":63},"_children":[{"__id__":66},{"__id__":69}],"_components":[{"__id__":71}],"_prefab":{"__type__":"cc.PrefabInfo","root":{"__id__":1},"asset":{"__uuid__":"57WwrcX7tH1KQTHlhzB7qs"},"fileId":"f1UNeWxtBNxpUXhSOQi6BM"},"_trs":{"__type__":"TypedArray","ctor":"Float64Array","array":[0,1.821,0,0,0,0,1,0.7,0.7,1]}},{"__type__":"cc.Node","_name":"headMask","_parent":{"__id__":65},"_children":[{"__id__":67}],"_components":[{"__type__":"cc.Mask","node":{"__id__":66},"_materials":[{"__uuid__":"ecpdLyjvZBwrvm+cedCcQy"}],"_spriteFrame":{"__uuid__":"9cjWjfKoBGubKGwjuNg3Tr"},"_type":2}],"_prefab":{"__type__":"cc.PrefabInfo","root":{"__id__":1},"asset":{"__uuid__":"57WwrcX7tH1KQTHlhzB7qs"},"fileId":"dcBVkGbv9Ol6003vjM6dZG"},"_contentSize":{"__type__":"cc.Size","width":75,"height":75},"_trs":{"__type__":"TypedArray","ctor":"Float64Array","array":[0,5,0,0,0,0,1,1,1,1]}},{"__type__":"cc.Node","_name":"headIcon","_parent":{"__id__":66},"_components":[{"__id__":68}],"_prefab":{"__type__":"cc.PrefabInfo","root":{"__id__":1},"asset":{"__uuid__":"57WwrcX7tH1KQTHlhzB7qs"},"fileId":"a9rzmW+atKpJM97wE6aQUk"},"_contentSize":{"__type__":"cc.Size","width":70,"height":70},"_trs":{"__type__":"TypedArray","ctor":"Float64Array","array":[0,0,0,0,0,0,1,1,1,1]}},{"__type__":"cc.Sprite","node":{"__id__":67},"_materials":[{"__uuid__":"ecpdLyjvZBwrvm+cedCcQy"}],"_sizeMode":0},{"__type__":"cc.Node","_name":"nickName","_parent":{"__id__":65},"_components":[{"__id__":70}],"_prefab":{"__type__":"cc.PrefabInfo","root":{"__id__":1},"asset":{"__uuid__":"57WwrcX7tH1KQTHlhzB7qs"},"fileId":"8cDJOsW+dEQrkYmDo6wZdM"},"_contentSize":{"__type__":"cc.Size","height":18},"_trs":{"__type__":"TypedArray","ctor":"Float64Array","array":[0,-44,0,0,0,0,1,1,1,1]}},{"__type__":"cc.Label","node":{"__id__":69},"_materials":[{"__uuid__":"ecpdLyjvZBwrvm+cedCcQy"}],"_useOriginalSize":false,"_fontSize":16,"_lineHeight":18,"_N$horizontalAlign":1,"_N$verticalAlign":1,"_N$cacheMode":2},{"__type__":"62d39gaattGYYLEGtr4O/qu","node":{"__id__":65},"headIcon":{"__id__":68}},{"__type__":"3a92cf59DNLQJ7t8f2WXTxD","node":{"__id__":63},"headIcon":{"__id__":71},"nickName":{"__id__":70}},{"__type__":"cc.Node","_name":"chair7","_parent":{"__id__":12},"_children":[{"__id__":74},{"__id__":75}],"_components":[{"__id__":82}],"_prefab":{"__type__":"cc.PrefabInfo","root":{"__id__":1},"asset":{"__uuid__":"57WwrcX7tH1KQTHlhzB7qs"},"fileId":"30H/SZdhxMtYZGA34vusQj"},"_contentSize":{"__type__":"cc.Size","width":70,"height":70},"_trs":{"__type__":"TypedArray","ctor":"Float64Array","array":[35,-94,0,0,0,0,1,1,1,1]}},{"__type__":"cc.Node","_name":"chairIcon","_parent":{"__id__":73},"_components":[{"__type__":"cc.Sprite","node":{"__id__":74},"_materials":[{"__uuid__":"ecpdLyjvZBwrvm+cedCcQy"}],"_spriteFrame":{"__uuid__":"cbir6eqHtDyK01tZr+HtKy"},"_sizeMode":0}],"_prefab":{"__type__":"cc.PrefabInfo","root":{"__id__":1},"asset":{"__uuid__":"57WwrcX7tH1KQTHlhzB7qs"},"fileId":"13nL5lKAFFvL516GOhR7qE"},"_contentSize":{"__type__":"cc.Size","width":66,"height":68},"_trs":{"__type__":"TypedArray","ctor":"Float64Array","array":[0,0,0,0,0,0,1,1,1,1]}},{"__type__":"cc.Node","_name":"headNode","_parent":{"__id__":73},"_children":[{"__id__":76},{"__id__":79}],"_components":[{"__id__":81}],"_prefab":{"__type__":"cc.PrefabInfo","root":{"__id__":1},"asset":{"__uuid__":"57WwrcX7tH1KQTHlhzB7qs"},"fileId":"a9IW/awYNOz6FVfc0PenO5"},"_trs":{"__type__":"TypedArray","ctor":"Float64Array","array":[0,1.821,0,0,0,0,1,0.7,0.7,1]}},{"__type__":"cc.Node","_name":"headMask","_parent":{"__id__":75},"_children":[{"__id__":77}],"_components":[{"__type__":"cc.Mask","node":{"__id__":76},"_materials":[{"__uuid__":"ecpdLyjvZBwrvm+cedCcQy"}],"_spriteFrame":{"__uuid__":"9cjWjfKoBGubKGwjuNg3Tr"},"_type":2}],"_prefab":{"__type__":"cc.PrefabInfo","root":{"__id__":1},"asset":{"__uuid__":"57WwrcX7tH1KQTHlhzB7qs"},"fileId":"52TJiMp1ZEq7uxTeRc9fNd"},"_contentSize":{"__type__":"cc.Size","width":75,"height":75},"_trs":{"__type__":"TypedArray","ctor":"Float64Array","array":[0,5,0,0,0,0,1,1,1,1]}},{"__type__":"cc.Node","_name":"headIcon","_parent":{"__id__":76},"_components":[{"__id__":78}],"_prefab":{"__type__":"cc.PrefabInfo","root":{"__id__":1},"asset":{"__uuid__":"57WwrcX7tH1KQTHlhzB7qs"},"fileId":"8fQihQSjxI9oZbNmv/Y9az"},"_contentSize":{"__type__":"cc.Size","width":70,"height":70},"_trs":{"__type__":"TypedArray","ctor":"Float64Array","array":[0,0,0,0,0,0,1,1,1,1]}},{"__type__":"cc.Sprite","node":{"__id__":77},"_materials":[{"__uuid__":"ecpdLyjvZBwrvm+cedCcQy"}],"_sizeMode":0},{"__type__":"cc.Node","_name":"nickName","_parent":{"__id__":75},"_components":[{"__id__":80}],"_prefab":{"__type__":"cc.PrefabInfo","root":{"__id__":1},"asset":{"__uuid__":"57WwrcX7tH1KQTHlhzB7qs"},"fileId":"f8EfM90M5HBKvqXIfPkzgZ"},"_contentSize":{"__type__":"cc.Size","height":18},"_trs":{"__type__":"TypedArray","ctor":"Float64Array","array":[0,-44,0,0,0,0,1,1,1,1]}},{"__type__":"cc.Label","node":{"__id__":79},"_materials":[{"__uuid__":"ecpdLyjvZBwrvm+cedCcQy"}],"_useOriginalSize":false,"_fontSize":16,"_lineHeight":18,"_N$horizontalAlign":1,"_N$verticalAlign":1,"_N$cacheMode":2},{"__type__":"62d39gaattGYYLEGtr4O/qu","node":{"__id__":75},"headIcon":{"__id__":78}},{"__type__":"3a92cf59DNLQJ7t8f2WXTxD","node":{"__id__":73},"headIcon":{"__id__":81},"nickName":{"__id__":80}},{"__type__":"cc.Node","_name":"chair8","_parent":{"__id__":12},"_children":[{"__id__":84},{"__id__":85}],"_components":[{"__id__":92}],"_prefab":{"__type__":"cc.PrefabInfo","root":{"__id__":1},"asset":{"__uuid__":"57WwrcX7tH1KQTHlhzB7qs"},"fileId":"09QN1gEs1KuZVadgIy92DR"},"_contentSize":{"__type__":"cc.Size","width":70,"height":70},"_trs":{"__type__":"TypedArray","ctor":"Float64Array","array":[112,-88,0,0,0,0,1,1,1,1]}},{"__type__":"cc.Node","_name":"chairIcon","_parent":{"__id__":83},"_components":[{"__type__":"cc.Sprite","node":{"__id__":84},"_materials":[{"__uuid__":"ecpdLyjvZBwrvm+cedCcQy"}],"_spriteFrame":{"__uuid__":"cbir6eqHtDyK01tZr+HtKy"},"_sizeMode":0}],"_prefab":{"__type__":"cc.PrefabInfo","root":{"__id__":1},"asset":{"__uuid__":"57WwrcX7tH1KQTHlhzB7qs"},"fileId":"77Dc9/5XpL2ppWokq4ACW2"},"_contentSize":{"__type__":"cc.Size","width":66,"height":68},"_trs":{"__type__":"TypedArray","ctor":"Float64Array","array":[0,0,0,0,0,0.17364817766693033,0.984807753012208,1,1,1]},"_eulerAngles":{"__type__":"cc.Vec3","z":20}},{"__type__":"cc.Node","_name":"headNode","_parent":{"__id__":83},"_children":[{"__id__":86},{"__id__":89}],"_components":[{"__id__":91}],"_prefab":{"__type__":"cc.PrefabInfo","root":{"__id__":1},"asset":{"__uuid__":"57WwrcX7tH1KQTHlhzB7qs"},"fileId":"2aQvi468lLMZcOSaGfyxTl"},"_trs":{"__type__":"TypedArray","ctor":"Float64Array","array":[0,1.821,0,0,0,0,1,0.7,0.7,1]}},{"__type__":"cc.Node","_name":"headMask","_parent":{"__id__":85},"_children":[{"__id__":87}],"_components":[{"__type__":"cc.Mask","node":{"__id__":86},"_materials":[{"__uuid__":"ecpdLyjvZBwrvm+cedCcQy"}],"_spriteFrame":{"__uuid__":"9cjWjfKoBGubKGwjuNg3Tr"},"_type":2}],"_prefab":{"__type__":"cc.PrefabInfo","root":{"__id__":1},"asset":{"__uuid__":"57WwrcX7tH1KQTHlhzB7qs"},"fileId":"0cRw+fHTpCFrtiTv/y6Muf"},"_contentSize":{"__type__":"cc.Size","width":75,"height":75},"_trs":{"__type__":"TypedArray","ctor":"Float64Array","array":[0,5,0,0,0,0,1,1,1,1]}},{"__type__":"cc.Node","_name":"headIcon","_parent":{"__id__":86},"_components":[{"__id__":88}],"_prefab":{"__type__":"cc.PrefabInfo","root":{"__id__":1},"asset":{"__uuid__":"57WwrcX7tH1KQTHlhzB7qs"},"fileId":"df16hyIQtFE4rReFFk+6C0"},"_contentSize":{"__type__":"cc.Size","width":70,"height":70},"_trs":{"__type__":"TypedArray","ctor":"Float64Array","array":[0,0,0,0,0,0,1,1,1,1]}},{"__type__":"cc.Sprite","node":{"__id__":87},"_materials":[{"__uuid__":"ecpdLyjvZBwrvm+cedCcQy"}],"_sizeMode":0},{"__type__":"cc.Node","_name":"nickName","_parent":{"__id__":85},"_components":[{"__id__":90}],"_prefab":{"__type__":"cc.PrefabInfo","root":{"__id__":1},"asset":{"__uuid__":"57WwrcX7tH1KQTHlhzB7qs"},"fileId":"28t9QlS5dFxrxBiUDilXdu"},"_contentSize":{"__type__":"cc.Size","height":18},"_trs":{"__type__":"TypedArray","ctor":"Float64Array","array":[0,-44,0,0,0,0,1,1,1,1]}},{"__type__":"cc.Label","node":{"__id__":89},"_materials":[{"__uuid__":"ecpdLyjvZBwrvm+cedCcQy"}],"_useOriginalSize":false,"_fontSize":16,"_lineHeight":18,"_N$horizontalAlign":1,"_N$verticalAlign":1,"_N$cacheMode":2},{"__type__":"62d39gaattGYYLEGtr4O/qu","node":{"__id__":85},"headIcon":{"__id__":88}},{"__type__":"3a92cf59DNLQJ7t8f2WXTxD","node":{"__id__":83},"headIcon":{"__id__":91},"nickName":{"__id__":90}},{"__type__":"cc.Node","_name":"chair9","_parent":{"__id__":12},"_children":[{"__id__":94},{"__id__":95}],"_components":[{"__id__":102}],"_prefab":{"__type__":"cc.PrefabInfo","root":{"__id__":1},"asset":{"__uuid__":"57WwrcX7tH1KQTHlhzB7qs"},"fileId":"ba8ZZiPxxOE4u3Pa3CBi4+"},"_contentSize":{"__type__":"cc.Size","width":70,"height":70},"_trs":{"__type__":"TypedArray","ctor":"Float64Array","array":[170,-47,0,0,0,0,1,1,1,1]}},{"__type__":"cc.Node","_name":"chairIcon","_parent":{"__id__":93},"_components":[{"__type__":"cc.Sprite","node":{"__id__":94},"_materials":[{"__uuid__":"ecpdLyjvZBwrvm+cedCcQy"}],"_spriteFrame":{"__uuid__":"cbir6eqHtDyK01tZr+HtKy"},"_sizeMode":0}],"_prefab":{"__type__":"cc.PrefabInfo","root":{"__id__":1},"asset":{"__uuid__":"57WwrcX7tH1KQTHlhzB7qs"},"fileId":"60nWY7Zd1Gr4dC4ygPrzaX"},"_contentSize":{"__type__":"cc.Size","width":66,"height":68},"_trs":{"__type__":"TypedArray","ctor":"Float64Array","array":[0,0,0,0,0,0.48480962024633706,0.8746197071393957,1,1,1]},"_eulerAngles":{"__type__":"cc.Vec3","z":58}},{"__type__":"cc.Node","_name":"headNode","_parent":{"__id__":93},"_children":[{"__id__":96},{"__id__":99}],"_components":[{"__id__":101}],"_prefab":{"__type__":"cc.PrefabInfo","root":{"__id__":1},"asset":{"__uuid__":"57WwrcX7tH1KQTHlhzB7qs"},"fileId":"99bqZPpbVO5YIKqTvdCWSo"},"_trs":{"__type__":"TypedArray","ctor":"Float64Array","array":[0,1.821,0,0,0,0,1,0.7,0.7,1]}},{"__type__":"cc.Node","_name":"headMask","_parent":{"__id__":95},"_children":[{"__id__":97}],"_components":[{"__type__":"cc.Mask","node":{"__id__":96},"_materials":[{"__uuid__":"ecpdLyjvZBwrvm+cedCcQy"}],"_spriteFrame":{"__uuid__":"9cjWjfKoBGubKGwjuNg3Tr"},"_type":2}],"_prefab":{"__type__":"cc.PrefabInfo","root":{"__id__":1},"asset":{"__uuid__":"57WwrcX7tH1KQTHlhzB7qs"},"fileId":"2b0zARUf9HEJ+v6E6v2YRM"},"_contentSize":{"__type__":"cc.Size","width":75,"height":75},"_trs":{"__type__":"TypedArray","ctor":"Float64Array","array":[0,5,0,0,0,0,1,1,1,1]}},{"__type__":"cc.Node","_name":"headIcon","_parent":{"__id__":96},"_components":[{"__id__":98}],"_prefab":{"__type__":"cc.PrefabInfo","root":{"__id__":1},"asset":{"__uuid__":"57WwrcX7tH1KQTHlhzB7qs"},"fileId":"baGmauqk1EQI2SXAKqjbH7"},"_contentSize":{"__type__":"cc.Size","width":70,"height":70},"_trs":{"__type__":"TypedArray","ctor":"Float64Array","array":[0,0,0,0,0,0,1,1,1,1]}},{"__type__":"cc.Sprite","node":{"__id__":97},"_materials":[{"__uuid__":"ecpdLyjvZBwrvm+cedCcQy"}],"_sizeMode":0},{"__type__":"cc.Node","_name":"nickName","_parent":{"__id__":95},"_components":[{"__id__":100}],"_prefab":{"__type__":"cc.PrefabInfo","root":{"__id__":1},"asset":{"__uuid__":"57WwrcX7tH1KQTHlhzB7qs"},"fileId":"9cjq2l4mpGmYmdkkCaoPOZ"},"_contentSize":{"__type__":"cc.Size","height":18},"_trs":{"__type__":"TypedArray","ctor":"Float64Array","array":[0,-44,0,0,0,0,1,1,1,1]}},{"__type__":"cc.Label","node":{"__id__":99},"_materials":[{"__uuid__":"ecpdLyjvZBwrvm+cedCcQy"}],"_useOriginalSize":false,"_fontSize":16,"_lineHeight":18,"_N$horizontalAlign":1,"_N$verticalAlign":1,"_N$cacheMode":2},{"__type__":"62d39gaattGYYLEGtr4O/qu","node":{"__id__":95},"headIcon":{"__id__":98}},{"__type__":"3a92cf59DNLQJ7t8f2WXTxD","node":{"__id__":93},"headIcon":{"__id__":101},"nickName":{"__id__":100}},{"__type__":"cc.Node","_name":"chair10","_parent":{"__id__":12},"_children":[{"__id__":104},{"__id__":105}],"_components":[{"__id__":112}],"_prefab":{"__type__":"cc.PrefabInfo","root":{"__id__":1},"asset":{"__uuid__":"57WwrcX7tH1KQTHlhzB7qs"},"fileId":"0dt8Q/TqZF1ouGGASIUBpv"},"_contentSize":{"__type__":"cc.Size","width":70,"height":70},"_trs":{"__type__":"TypedArray","ctor":"Float64Array","array":[185,19,0,0,0,0,1,1,1,1]}},{"__type__":"cc.Node","_name":"chairIcon","_parent":{"__id__":103},"_components":[{"__type__":"cc.Sprite","node":{"__id__":104},"_materials":[{"__uuid__":"ecpdLyjvZBwrvm+cedCcQy"}],"_spriteFrame":{"__uuid__":"cbir6eqHtDyK01tZr+HtKy"},"_sizeMode":0}],"_prefab":{"__type__":"cc.PrefabInfo","root":{"__id__":1},"asset":{"__uuid__":"57WwrcX7tH1KQTHlhzB7qs"},"fileId":"0bECrifrVMaaqRcYQdewEE"},"_contentSize":{"__type__":"cc.Size","width":66,"height":68},"_trs":{"__type__":"TypedArray","ctor":"Float64Array","array":[0,0,0,0,0,0.7071067811865475,0.7071067811865476,1,1,1]},"_eulerAngles":{"__type__":"cc.Vec3","z":90}},{"__type__":"cc.Node","_name":"headNode","_parent":{"__id__":103},"_children":[{"__id__":106},{"__id__":109}],"_components":[{"__id__":111}],"_prefab":{"__type__":"cc.PrefabInfo","root":{"__id__":1},"asset":{"__uuid__":"57WwrcX7tH1KQTHlhzB7qs"},"fileId":"c7QBSBmYVKIbHrsiCtfeF1"},"_trs":{"__type__":"TypedArray","ctor":"Float64Array","array":[0,1.821,0,0,0,0,1,0.7,0.7,1]}},{"__type__":"cc.Node","_name":"headMask","_parent":{"__id__":105},"_children":[{"__id__":107}],"_components":[{"__type__":"cc.Mask","node":{"__id__":106},"_materials":[{"__uuid__":"ecpdLyjvZBwrvm+cedCcQy"}],"_spriteFrame":{"__uuid__":"9cjWjfKoBGubKGwjuNg3Tr"},"_type":2}],"_prefab":{"__type__":"cc.PrefabInfo","root":{"__id__":1},"asset":{"__uuid__":"57WwrcX7tH1KQTHlhzB7qs"},"fileId":"51Gj+qT8NN/LnyLblnzRx8"},"_contentSize":{"__type__":"cc.Size","width":75,"height":75},"_trs":{"__type__":"TypedArray","ctor":"Float64Array","array":[0,5,0,0,0,0,1,1,1,1]}},{"__type__":"cc.Node","_name":"headIcon","_parent":{"__id__":106},"_components":[{"__id__":108}],"_prefab":{"__type__":"cc.PrefabInfo","root":{"__id__":1},"asset":{"__uuid__":"57WwrcX7tH1KQTHlhzB7qs"},"fileId":"bb+O7OlNNN0LJ+txclFzJJ"},"_contentSize":{"__type__":"cc.Size","width":70,"height":70},"_trs":{"__type__":"TypedArray","ctor":"Float64Array","array":[0,0,0,0,0,0,1,1,1,1]}},{"__type__":"cc.Sprite","node":{"__id__":107},"_materials":[{"__uuid__":"ecpdLyjvZBwrvm+cedCcQy"}],"_sizeMode":0},{"__type__":"cc.Node","_name":"nickName","_parent":{"__id__":105},"_components":[{"__id__":110}],"_prefab":{"__type__":"cc.PrefabInfo","root":{"__id__":1},"asset":{"__uuid__":"57WwrcX7tH1KQTHlhzB7qs"},"fileId":"20FvGkR5tEvrclyrKtDw2i"},"_contentSize":{"__type__":"cc.Size","height":18},"_trs":{"__type__":"TypedArray","ctor":"Float64Array","array":[0,-44,0,0,0,0,1,1,1,1]}},{"__type__":"cc.Label","node":{"__id__":109},"_materials":[{"__uuid__":"ecpdLyjvZBwrvm+cedCcQy"}],"_useOriginalSize":false,"_fontSize":16,"_lineHeight":18,"_N$horizontalAlign":1,"_N$verticalAlign":1,"_N$cacheMode":2},{"__type__":"62d39gaattGYYLEGtr4O/qu","node":{"__id__":105},"headIcon":{"__id__":108}},{"__type__":"3a92cf59DNLQJ7t8f2WXTxD","node":{"__id__":103},"headIcon":{"__id__":111},"nickName":{"__id__":110}},{"__type__":"cc.Node","_name":"chair11","_parent":{"__id__":12},"_children":[{"__id__":114},{"__id__":115}],"_components":[{"__id__":122}],"_prefab":{"__type__":"cc.PrefabInfo","root":{"__id__":1},"asset":{"__uuid__":"57WwrcX7tH1KQTHlhzB7qs"},"fileId":"38yD2E0hRNnIwrkYkrdpv9"},"_contentSize":{"__type__":"cc.Size","width":70,"height":70},"_trs":{"__type__":"TypedArray","ctor":"Float64Array","array":[166,82,0,0,0,0,1,1,1,1]}},{"__type__":"cc.Node","_name":"chairIcon","_parent":{"__id__":113},"_components":[{"__type__":"cc.Sprite","node":{"__id__":114},"_materials":[{"__uuid__":"ecpdLyjvZBwrvm+cedCcQy"}],"_spriteFrame":{"__uuid__":"cbir6eqHtDyK01tZr+HtKy"},"_sizeMode":0}],"_prefab":{"__type__":"cc.PrefabInfo","root":{"__id__":1},"asset":{"__uuid__":"57WwrcX7tH1KQTHlhzB7qs"},"fileId":"cdIpZoVf5PjJMV/3TIGfcL"},"_contentSize":{"__type__":"cc.Size","width":66,"height":68},"_trs":{"__type__":"TypedArray","ctor":"Float64Array","array":[0,0,0,0,0,0.8660254037844386,0.5000000000000001,1,1,1]},"_eulerAngles":{"__type__":"cc.Vec3","z":120}},{"__type__":"cc.Node","_name":"headNode","_parent":{"__id__":113},"_children":[{"__id__":116},{"__id__":119}],"_components":[{"__id__":121}],"_prefab":{"__type__":"cc.PrefabInfo","root":{"__id__":1},"asset":{"__uuid__":"57WwrcX7tH1KQTHlhzB7qs"},"fileId":"d8sOM59nRN0YXXxWHmZZJB"},"_trs":{"__type__":"TypedArray","ctor":"Float64Array","array":[0,1.821,0,0,0,0,1,0.7,0.7,1]}},{"__type__":"cc.Node","_name":"headMask","_parent":{"__id__":115},"_children":[{"__id__":117}],"_components":[{"__type__":"cc.Mask","node":{"__id__":116},"_materials":[{"__uuid__":"ecpdLyjvZBwrvm+cedCcQy"}],"_spriteFrame":{"__uuid__":"9cjWjfKoBGubKGwjuNg3Tr"},"_type":2}],"_prefab":{"__type__":"cc.PrefabInfo","root":{"__id__":1},"asset":{"__uuid__":"57WwrcX7tH1KQTHlhzB7qs"},"fileId":"f2B3mcgB5NmJVOLIYcQMA0"},"_contentSize":{"__type__":"cc.Size","width":75,"height":75},"_trs":{"__type__":"TypedArray","ctor":"Float64Array","array":[0,5,0,0,0,0,1,1,1,1]}},{"__type__":"cc.Node","_name":"headIcon","_parent":{"__id__":116},"_components":[{"__id__":118}],"_prefab":{"__type__":"cc.PrefabInfo","root":{"__id__":1},"asset":{"__uuid__":"57WwrcX7tH1KQTHlhzB7qs"},"fileId":"d7va8cL/FK/aqK16wp1ln6"},"_contentSize":{"__type__":"cc.Size","width":70,"height":70},"_trs":{"__type__":"TypedArray","ctor":"Float64Array","array":[0,0,0,0,0,0,1,1,1,1]}},{"__type__":"cc.Sprite","node":{"__id__":117},"_materials":[{"__uuid__":"ecpdLyjvZBwrvm+cedCcQy"}],"_sizeMode":0},{"__type__":"cc.Node","_name":"nickName","_parent":{"__id__":115},"_components":[{"__id__":120}],"_prefab":{"__type__":"cc.PrefabInfo","root":{"__id__":1},"asset":{"__uuid__":"57WwrcX7tH1KQTHlhzB7qs"},"fileId":"0aZAyEerRFf6eb4tcrU6N7"},"_contentSize":{"__type__":"cc.Size","height":18},"_trs":{"__type__":"TypedArray","ctor":"Float64Array","array":[0,-44,0,0,0,0,1,1,1,1]}},{"__type__":"cc.Label","node":{"__id__":119},"_materials":[{"__uuid__":"ecpdLyjvZBwrvm+cedCcQy"}],"_useOriginalSize":false,"_fontSize":16,"_lineHeight":18,"_N$horizontalAlign":1,"_N$verticalAlign":1,"_N$cacheMode":2},{"__type__":"62d39gaattGYYLEGtr4O/qu","node":{"__id__":115},"headIcon":{"__id__":118}},{"__type__":"3a92cf59DNLQJ7t8f2WXTxD","node":{"__id__":113},"headIcon":{"__id__":121},"nickName":{"__id__":120}},{"__type__":"cc.Node","_name":"chair12","_parent":{"__id__":12},"_children":[{"__id__":124},{"__id__":125}],"_components":[{"__id__":132}],"_prefab":{"__type__":"cc.PrefabInfo","root":{"__id__":1},"asset":{"__uuid__":"57WwrcX7tH1KQTHlhzB7qs"},"fileId":"6a1DKS2IdOf7t9yvCUtSgA"},"_contentSize":{"__type__":"cc.Size","width":70,"height":70},"_trs":{"__type__":"TypedArray","ctor":"Float64Array","array":[90,115,0,0,0,0,1,1,1,1]}},{"__type__":"cc.Node","_name":"chairIcon","_parent":{"__id__":123},"_components":[{"__type__":"cc.Sprite","node":{"__id__":124},"_materials":[{"__uuid__":"ecpdLyjvZBwrvm+cedCcQy"}],"_spriteFrame":{"__uuid__":"cbir6eqHtDyK01tZr+HtKy"},"_sizeMode":0}],"_prefab":{"__type__":"cc.PrefabInfo","root":{"__id__":1},"asset":{"__uuid__":"57WwrcX7tH1KQTHlhzB7qs"},"fileId":"7b4T8YIs1FNbuJFTQNE3g6"},"_contentSize":{"__type__":"cc.Size","width":70,"height":70},"_trs":{"__type__":"TypedArray","ctor":"Float64Array","array":[0,0,0,0,0,1,6.123233995736766e-17,1,1,1]},"_eulerAngles":{"__type__":"cc.Vec3","z":180}},{"__type__":"cc.Node","_name":"headNode","_parent":{"__id__":123},"_children":[{"__id__":126},{"__id__":129}],"_components":[{"__id__":131}],"_prefab":{"__type__":"cc.PrefabInfo","root":{"__id__":1},"asset":{"__uuid__":"57WwrcX7tH1KQTHlhzB7qs"},"fileId":"22LTG2pFtEUK+hFgoavu2x"},"_contentSize":{"__type__":"cc.Size","width":70,"height":70},"_trs":{"__type__":"TypedArray","ctor":"Float64Array","array":[0,1.821,0,0,0,0,1,0.7,0.7,1]}},{"__type__":"cc.Node","_name":"headMask","_parent":{"__id__":125},"_children":[{"__id__":127}],"_components":[{"__type__":"cc.Mask","node":{"__id__":126},"_materials":[{"__uuid__":"ecpdLyjvZBwrvm+cedCcQy"}],"_spriteFrame":{"__uuid__":"9cjWjfKoBGubKGwjuNg3Tr"},"_type":2}],"_prefab":{"__type__":"cc.PrefabInfo","root":{"__id__":1},"asset":{"__uuid__":"57WwrcX7tH1KQTHlhzB7qs"},"fileId":"c4M+eJhR1FCY8NkizsD9k+"},"_contentSize":{"__type__":"cc.Size","width":70,"height":70},"_trs":{"__type__":"TypedArray","ctor":"Float64Array","array":[0,5,0,0,0,0,1,1,1,1]}},{"__type__":"cc.Node","_name":"headIcon","_parent":{"__id__":126},"_components":[{"__id__":128}],"_prefab":{"__type__":"cc.PrefabInfo","root":{"__id__":1},"asset":{"__uuid__":"57WwrcX7tH1KQTHlhzB7qs"},"fileId":"d2VA0Y4UtG06WiyqTGhdjh"},"_contentSize":{"__type__":"cc.Size","width":70,"height":70},"_trs":{"__type__":"TypedArray","ctor":"Float64Array","array":[0,0,0,0,0,0,1,1,1,1]}},{"__type__":"cc.Sprite","node":{"__id__":127},"_materials":[{"__uuid__":"ecpdLyjvZBwrvm+cedCcQy"}],"_sizeMode":0},{"__type__":"cc.Node","_name":"nickName","_parent":{"__id__":125},"_components":[{"__id__":130}],"_prefab":{"__type__":"cc.PrefabInfo","root":{"__id__":1},"asset":{"__uuid__":"57WwrcX7tH1KQTHlhzB7qs"},"fileId":"e881ziMiNDBbtkiPNUX7gq"},"_contentSize":{"__type__":"cc.Size","height":18},"_trs":{"__type__":"TypedArray","ctor":"Float64Array","array":[0,-44,0,0,0,0,1,1,1,1]}},{"__type__":"cc.Label","node":{"__id__":129},"_materials":[{"__uuid__":"ecpdLyjvZBwrvm+cedCcQy"}],"_useOriginalSize":false,"_fontSize":16,"_lineHeight":18,"_N$horizontalAlign":1,"_N$verticalAlign":1,"_N$cacheMode":2},{"__type__":"62d39gaattGYYLEGtr4O/qu","node":{"__id__":125},"headIcon":{"__id__":128}},{"__type__":"3a92cf59DNLQJ7t8f2WXTxD","node":{"__id__":123},"headIcon":{"__id__":131},"nickName":{"__id__":130}},{"__type__":"fc555yeB01PVJDCBted+ryl","node":{"__id__":12},"chairList":[{"__id__":22},{"__id__":32},{"__id__":42},{"__id__":52},{"__id__":62},{"__id__":72},{"__id__":82},{"__id__":92},{"__id__":102},{"__id__":112},{"__id__":122},{"__id__":132}]},{"__type__":"cc.Node","_name":"chairCountM4","_parent":{"__id__":2},"_children":[{"__id__":135},{"__id__":145},{"__id__":155},{"__id__":165}],"_components":[{"__id__":175}],"_prefab":{"__type__":"cc.PrefabInfo","root":{"__id__":1},"asset":{"__uuid__":"57WwrcX7tH1KQTHlhzB7qs"},"fileId":"c6Uu43d85DvqO3RNMvXnXS"},"_trs":{"__type__":"TypedArray","ctor":"Float64Array","array":[0,0,0,0,0,0,1,1,1,1]}},{"__type__":"cc.Node","_name":"chair1","_parent":{"__id__":134},"_children":[{"__id__":136},{"__id__":137}],"_components":[{"__id__":144}],"_prefab":{"__type__":"cc.PrefabInfo","root":{"__id__":1},"asset":{"__uuid__":"57WwrcX7tH1KQTHlhzB7qs"},"fileId":"5961LeOsZHqqHYtYBVWJyv"},"_contentSize":{"__type__":"cc.Size","width":66,"height":68},"_trs":{"__type__":"TypedArray","ctor":"Float64Array","array":[-99,89,0,0,0,0,1,1,1,1]}},{"__type__":"cc.Node","_name":"chairIcon","_parent":{"__id__":135},"_active":false,"_components":[{"__type__":"cc.Sprite","node":{"__id__":136},"_materials":[{"__uuid__":"ecpdLyjvZBwrvm+cedCcQy"}],"_spriteFrame":{"__uuid__":"cbir6eqHtDyK01tZr+HtKy"},"_sizeMode":0}],"_prefab":{"__type__":"cc.PrefabInfo","root":{"__id__":1},"asset":{"__uuid__":"57WwrcX7tH1KQTHlhzB7qs"},"fileId":"bednYrDSdDKLIVUEnz/ZJw"},"_contentSize":{"__type__":"cc.Size","width":66,"height":68},"_trs":{"__type__":"TypedArray","ctor":"Float64Array","array":[0,0,0,0,0,-0.7071067811865475,0.7071067811865476,1,1,1]},"_eulerAngles":{"__type__":"cc.Vec3","z":-90}},{"__type__":"cc.Node","_name":"headNode","_parent":{"__id__":135},"_children":[{"__id__":138},{"__id__":141}],"_components":[{"__id__":143}],"_prefab":{"__type__":"cc.PrefabInfo","root":{"__id__":1},"asset":{"__uuid__":"57WwrcX7tH1KQTHlhzB7qs"},"fileId":"69l8OlZAJNM65MuAmLB3N7"},"_trs":{"__type__":"TypedArray","ctor":"Float64Array","array":[0,2,0,0,0,0,1,0.7,0.7,1]}},{"__type__":"cc.Node","_name":"headMask","_parent":{"__id__":137},"_children":[{"__id__":139}],"_components":[{"__type__":"cc.Mask","node":{"__id__":138},"_materials":[{"__uuid__":"ecpdLyjvZBwrvm+cedCcQy"}],"_spriteFrame":{"__uuid__":"9cjWjfKoBGubKGwjuNg3Tr"},"_type":2}],"_prefab":{"__type__":"cc.PrefabInfo","root":{"__id__":1},"asset":{"__uuid__":"57WwrcX7tH1KQTHlhzB7qs"},"fileId":"abjNS7gFxO97YvBjOCcwy3"},"_contentSize":{"__type__":"cc.Size","width":75,"height":75},"_trs":{"__type__":"TypedArray","ctor":"Float64Array","array":[0,5,0,0,0,0,1,1,1,1]}},{"__type__":"cc.Node","_name":"headIcon","_parent":{"__id__":138},"_components":[{"__id__":140}],"_prefab":{"__type__":"cc.PrefabInfo","root":{"__id__":1},"asset":{"__uuid__":"57WwrcX7tH1KQTHlhzB7qs"},"fileId":"22HRuMjMpBg7kZM2IzS0LZ"},"_contentSize":{"__type__":"cc.Size","width":70,"height":70},"_trs":{"__type__":"TypedArray","ctor":"Float64Array","array":[0,0,0,0,0,0,1,1,1,1]}},{"__type__":"cc.Sprite","node":{"__id__":139},"_materials":[{"__uuid__":"ecpdLyjvZBwrvm+cedCcQy"}],"_sizeMode":0},{"__type__":"cc.Node","_name":"nickName","_parent":{"__id__":137},"_components":[{"__id__":142}],"_prefab":{"__type__":"cc.PrefabInfo","root":{"__id__":1},"asset":{"__uuid__":"57WwrcX7tH1KQTHlhzB7qs"},"fileId":"81PdZogipO8JvQfPZGRMRw"},"_contentSize":{"__type__":"cc.Size","height":18},"_trs":{"__type__":"TypedArray","ctor":"Float64Array","array":[0,-44,0,0,0,0,1,1,1,1]}},{"__type__":"cc.Label","node":{"__id__":141},"_materials":[{"__uuid__":"ecpdLyjvZBwrvm+cedCcQy"}],"_useOriginalSize":false,"_fontSize":16,"_lineHeight":18,"_N$horizontalAlign":1,"_N$verticalAlign":1,"_N$cacheMode":2},{"__type__":"62d39gaattGYYLEGtr4O/qu","node":{"__id__":137},"headIcon":{"__id__":140}},{"__type__":"3a92cf59DNLQJ7t8f2WXTxD","node":{"__id__":135},"headIcon":{"__id__":143},"nickName":{"__id__":142}},{"__type__":"cc.Node","_name":"chair2","_parent":{"__id__":134},"_children":[{"__id__":146},{"__id__":147}],"_components":[{"__id__":154}],"_prefab":{"__type__":"cc.PrefabInfo","root":{"__id__":1},"asset":{"__uuid__":"57WwrcX7tH1KQTHlhzB7qs"},"fileId":"baKJlls49H2749J1YHkgJe"},"_contentSize":{"__type__":"cc.Size","width":66,"height":68},"_trs":{"__type__":"TypedArray","ctor":"Float64Array","array":[-99,6,0,0,0,0,1,1,1,1]}},{"__type__":"cc.Node","_name":"chairIcon","_parent":{"__id__":145},"_active":false,"_components":[{"__type__":"cc.Sprite","node":{"__id__":146},"_materials":[{"__uuid__":"ecpdLyjvZBwrvm+cedCcQy"}],"_spriteFrame":{"__uuid__":"cbir6eqHtDyK01tZr+HtKy"},"_sizeMode":0}],"_prefab":{"__type__":"cc.PrefabInfo","root":{"__id__":1},"asset":{"__uuid__":"57WwrcX7tH1KQTHlhzB7qs"},"fileId":"b9peQ05itDhrgTVJ5xMD56"},"_contentSize":{"__type__":"cc.Size","width":66,"height":68},"_trs":{"__type__":"TypedArray","ctor":"Float64Array","array":[0,0,0,0,0,0.7071067811865475,0.7071067811865476,1,1,1]},"_eulerAngles":{"__type__":"cc.Vec3","z":90}},{"__type__":"cc.Node","_name":"headNode","_parent":{"__id__":145},"_children":[{"__id__":148},{"__id__":151}],"_components":[{"__id__":153}],"_prefab":{"__type__":"cc.PrefabInfo","root":{"__id__":1},"asset":{"__uuid__":"57WwrcX7tH1KQTHlhzB7qs"},"fileId":"9ayg/C6eBC96YuEf0JfcW+"},"_trs":{"__type__":"TypedArray","ctor":"Float64Array","array":[0,2,0,0,0,0,1,0.7,0.7,1]}},{"__type__":"cc.Node","_name":"headMask","_parent":{"__id__":147},"_children":[{"__id__":149}],"_components":[{"__type__":"cc.Mask","node":{"__id__":148},"_materials":[{"__uuid__":"ecpdLyjvZBwrvm+cedCcQy"}],"_spriteFrame":{"__uuid__":"9cjWjfKoBGubKGwjuNg3Tr"},"_type":2}],"_prefab":{"__type__":"cc.PrefabInfo","root":{"__id__":1},"asset":{"__uuid__":"57WwrcX7tH1KQTHlhzB7qs"},"fileId":"ad8Go85GxAOquhdJ7X59JR"},"_contentSize":{"__type__":"cc.Size","width":75,"height":75},"_trs":{"__type__":"TypedArray","ctor":"Float64Array","array":[0,5,0,0,0,0,1,1,1,1]}},{"__type__":"cc.Node","_name":"headIcon","_parent":{"__id__":148},"_components":[{"__id__":150}],"_prefab":{"__type__":"cc.PrefabInfo","root":{"__id__":1},"asset":{"__uuid__":"57WwrcX7tH1KQTHlhzB7qs"},"fileId":"d6t83Gi4VPDpngOi1U29Oq"},"_contentSize":{"__type__":"cc.Size","width":70,"height":70},"_trs":{"__type__":"TypedArray","ctor":"Float64Array","array":[0,0,0,0,0,0,1,1,1,1]}},{"__type__":"cc.Sprite","node":{"__id__":149},"_materials":[{"__uuid__":"ecpdLyjvZBwrvm+cedCcQy"}],"_sizeMode":0},{"__type__":"cc.Node","_name":"nickName","_parent":{"__id__":147},"_components":[{"__id__":152}],"_prefab":{"__type__":"cc.PrefabInfo","root":{"__id__":1},"asset":{"__uuid__":"57WwrcX7tH1KQTHlhzB7qs"},"fileId":"f9sShDtZ9Hb6O14gGH5OVI"},"_contentSize":{"__type__":"cc.Size","height":18},"_trs":{"__type__":"TypedArray","ctor":"Float64Array","array":[0,-44,0,0,0,0,1,1,1,1]}},{"__type__":"cc.Label","node":{"__id__":151},"_materials":[{"__uuid__":"ecpdLyjvZBwrvm+cedCcQy"}],"_useOriginalSize":false,"_fontSize":16,"_lineHeight":18,"_N$horizontalAlign":1,"_N$verticalAlign":1,"_N$cacheMode":2},{"__type__":"62d39gaattGYYLEGtr4O/qu","node":{"__id__":147},"headIcon":{"__id__":150}},{"__type__":"3a92cf59DNLQJ7t8f2WXTxD","node":{"__id__":145},"headIcon":{"__id__":153},"nickName":{"__id__":152}},{"__type__":"cc.Node","_name":"chair3","_parent":{"__id__":134},"_children":[{"__id__":156},{"__id__":157}],"_components":[{"__id__":164}],"_prefab":{"__type__":"cc.PrefabInfo","root":{"__id__":1},"asset":{"__uuid__":"57WwrcX7tH1KQTHlhzB7qs"},"fileId":"d8Oay62alJbbZtBEMLIZlR"},"_contentSize":{"__type__":"cc.Size","width":66,"height":68},"_trs":{"__type__":"TypedArray","ctor":"Float64Array","array":[99,6,0,0,0,0,1,1,1,1]}},{"__type__":"cc.Node","_name":"chairIcon","_parent":{"__id__":155},"_active":false,"_components":[{"__type__":"cc.Sprite","node":{"__id__":156},"_materials":[{"__uuid__":"ecpdLyjvZBwrvm+cedCcQy"}],"_spriteFrame":{"__uuid__":"cbir6eqHtDyK01tZr+HtKy"},"_sizeMode":0}],"_prefab":{"__type__":"cc.PrefabInfo","root":{"__id__":1},"asset":{"__uuid__":"57WwrcX7tH1KQTHlhzB7qs"},"fileId":"41bK1frdtI0JW9g5NR9n/e"},"_contentSize":{"__type__":"cc.Size","width":66,"height":68},"_trs":{"__type__":"TypedArray","ctor":"Float64Array","array":[0,0,0,0,0,0.7071067811865475,0.7071067811865476,1,1,1]},"_eulerAngles":{"__type__":"cc.Vec3","z":90}},{"__type__":"cc.Node","_name":"headNode","_parent":{"__id__":155},"_children":[{"__id__":158},{"__id__":161}],"_components":[{"__id__":163}],"_prefab":{"__type__":"cc.PrefabInfo","root":{"__id__":1},"asset":{"__uuid__":"57WwrcX7tH1KQTHlhzB7qs"},"fileId":"a1ypNkhnZP9bCbEtqkUTai"},"_trs":{"__type__":"TypedArray","ctor":"Float64Array","array":[0,2,0,0,0,0,1,0.7,0.7,1]}},{"__type__":"cc.Node","_name":"headMask","_parent":{"__id__":157},"_children":[{"__id__":159}],"_components":[{"__type__":"cc.Mask","node":{"__id__":158},"_materials":[{"__uuid__":"ecpdLyjvZBwrvm+cedCcQy"}],"_spriteFrame":{"__uuid__":"9cjWjfKoBGubKGwjuNg3Tr"},"_type":2}],"_prefab":{"__type__":"cc.PrefabInfo","root":{"__id__":1},"asset":{"__uuid__":"57WwrcX7tH1KQTHlhzB7qs"},"fileId":"5fbC/dpA1O14oE6vrBDtnQ"},"_contentSize":{"__type__":"cc.Size","width":75,"height":75},"_trs":{"__type__":"TypedArray","ctor":"Float64Array","array":[0,5,0,0,0,0,1,1,1,1]}},{"__type__":"cc.Node","_name":"headIcon","_parent":{"__id__":158},"_components":[{"__id__":160}],"_prefab":{"__type__":"cc.PrefabInfo","root":{"__id__":1},"asset":{"__uuid__":"57WwrcX7tH1KQTHlhzB7qs"},"fileId":"e8lR0Nl8tHu4KAKNgVCooN"},"_contentSize":{"__type__":"cc.Size","width":70,"height":70},"_trs":{"__type__":"TypedArray","ctor":"Float64Array","array":[0,-2.854859206178974e-15,0,0,0,0,1,1,1,1]}},{"__type__":"cc.Sprite","node":{"__id__":159},"_materials":[{"__uuid__":"ecpdLyjvZBwrvm+cedCcQy"}],"_sizeMode":0},{"__type__":"cc.Node","_name":"nickName","_parent":{"__id__":157},"_components":[{"__id__":162}],"_prefab":{"__type__":"cc.PrefabInfo","root":{"__id__":1},"asset":{"__uuid__":"57WwrcX7tH1KQTHlhzB7qs"},"fileId":"35zz4dKwZJkaWrpVpTM4I6"},"_contentSize":{"__type__":"cc.Size","height":18},"_trs":{"__type__":"TypedArray","ctor":"Float64Array","array":[0,-44,0,0,0,0,1,1,1,1]}},{"__type__":"cc.Label","node":{"__id__":161},"_materials":[{"__uuid__":"ecpdLyjvZBwrvm+cedCcQy"}],"_useOriginalSize":false,"_fontSize":16,"_lineHeight":18,"_N$horizontalAlign":1,"_N$verticalAlign":1,"_N$cacheMode":2},{"__type__":"62d39gaattGYYLEGtr4O/qu","node":{"__id__":157},"headIcon":{"__id__":160}},{"__type__":"3a92cf59DNLQJ7t8f2WXTxD","node":{"__id__":155},"headIcon":{"__id__":163},"nickName":{"__id__":162}},{"__type__":"cc.Node","_name":"chair4","_parent":{"__id__":134},"_children":[{"__id__":166},{"__id__":167}],"_components":[{"__id__":174}],"_prefab":{"__type__":"cc.PrefabInfo","root":{"__id__":1},"asset":{"__uuid__":"57WwrcX7tH1KQTHlhzB7qs"},"fileId":"a73k+kCYNJobLPRLpQqrzq"},"_contentSize":{"__type__":"cc.Size","width":66,"height":68},"_trs":{"__type__":"TypedArray","ctor":"Float64Array","array":[99,89,0,0,0,0,1,1,1,1]}},{"__type__":"cc.Node","_name":"chairIcon","_parent":{"__id__":165},"_active":false,"_components":[{"__type__":"cc.Sprite","node":{"__id__":166},"_materials":[{"__uuid__":"ecpdLyjvZBwrvm+cedCcQy"}],"_spriteFrame":{"__uuid__":"cbir6eqHtDyK01tZr+HtKy"},"_sizeMode":0}],"_prefab":{"__type__":"cc.PrefabInfo","root":{"__id__":1},"asset":{"__uuid__":"57WwrcX7tH1KQTHlhzB7qs"},"fileId":"98ZkEtM1RKVYFG+UjpHKMd"},"_contentSize":{"__type__":"cc.Size","width":66,"height":68},"_trs":{"__type__":"TypedArray","ctor":"Float64Array","array":[0,0,0,0,0,-0.9135454576426009,-0.40673664307580026,1,1,1]},"_eulerAngles":{"__type__":"cc.Vec3","z":-228}},{"__type__":"cc.Node","_name":"headNode","_parent":{"__id__":165},"_children":[{"__id__":168},{"__id__":171}],"_components":[{"__id__":173}],"_prefab":{"__type__":"cc.PrefabInfo","root":{"__id__":1},"asset":{"__uuid__":"57WwrcX7tH1KQTHlhzB7qs"},"fileId":"cd1VqjrbxEFYuc/CDJsxdl"},"_trs":{"__type__":"TypedArray","ctor":"Float64Array","array":[0,2,0,0,0,0,1,0.7,0.7,1]}},{"__type__":"cc.Node","_name":"headMask","_parent":{"__id__":167},"_children":[{"__id__":169}],"_components":[{"__type__":"cc.Mask","node":{"__id__":168},"_materials":[{"__uuid__":"ecpdLyjvZBwrvm+cedCcQy"}],"_spriteFrame":{"__uuid__":"9cjWjfKoBGubKGwjuNg3Tr"},"_type":2}],"_prefab":{"__type__":"cc.PrefabInfo","root":{"__id__":1},"asset":{"__uuid__":"57WwrcX7tH1KQTHlhzB7qs"},"fileId":"ffNBrXD+pG+pYPJEHVc3zC"},"_contentSize":{"__type__":"cc.Size","width":75,"height":75},"_trs":{"__type__":"TypedArray","ctor":"Float64Array","array":[0,5,0,0,0,0,1,1,1,1]}},{"__type__":"cc.Node","_name":"headIcon","_parent":{"__id__":168},"_components":[{"__id__":170}],"_prefab":{"__type__":"cc.PrefabInfo","root":{"__id__":1},"asset":{"__uuid__":"57WwrcX7tH1KQTHlhzB7qs"},"fileId":"2b+pE9wUtJf6fOahPDK8sd"},"_contentSize":{"__type__":"cc.Size","width":70,"height":70},"_trs":{"__type__":"TypedArray","ctor":"Float64Array","array":[0,0,0,0,0,0,1,1,1,1]}},{"__type__":"cc.Sprite","node":{"__id__":169},"_materials":[{"__uuid__":"ecpdLyjvZBwrvm+cedCcQy"}],"_sizeMode":0},{"__type__":"cc.Node","_name":"nickName","_parent":{"__id__":167},"_components":[{"__id__":172}],"_prefab":{"__type__":"cc.PrefabInfo","root":{"__id__":1},"asset":{"__uuid__":"57WwrcX7tH1KQTHlhzB7qs"},"fileId":"28dx9H60VM8KFvfrEV0X/S"},"_contentSize":{"__type__":"cc.Size","height":18},"_trs":{"__type__":"TypedArray","ctor":"Float64Array","array":[0,-44,0,0,0,0,1,1,1,1]}},{"__type__":"cc.Label","node":{"__id__":171},"_materials":[{"__uuid__":"ecpdLyjvZBwrvm+cedCcQy"}],"_useOriginalSize":false,"_fontSize":16,"_lineHeight":18,"_N$horizontalAlign":1,"_N$verticalAlign":1,"_N$cacheMode":2},{"__type__":"62d39gaattGYYLEGtr4O/qu","node":{"__id__":167},"headIcon":{"__id__":170}},{"__type__":"3a92cf59DNLQJ7t8f2WXTxD","node":{"__id__":165},"headIcon":{"__id__":173},"nickName":{"__id__":172}},{"__type__":"fc555yeB01PVJDCBted+ryl","node":{"__id__":134},"chairType":1,"chairList":[{"__id__":144},{"__id__":154},{"__id__":164},{"__id__":174}]},{"__type__":"cc.Node","_name":"wanFaNode","_parent":{"__id__":2},"_children":[{"__id__":177},{"__id__":179},{"__id__":181},{"__id__":183}],"_prefab":{"__type__":"cc.PrefabInfo","root":{"__id__":1},"asset":{"__uuid__":"57WwrcX7tH1KQTHlhzB7qs"},"fileId":"a1yITCYQFB/am/DYh5O+Ja"},"_trs":{"__type__":"TypedArray","ctor":"Float64Array","array":[0,12,0,0,0,0,1,1,1,1]}},{"__type__":"cc.Node","_name":"wanFa","_parent":{"__id__":176},"_components":[{"__id__":178}],"_prefab":{"__type__":"cc.PrefabInfo","root":{"__id__":1},"asset":{"__uuid__":"57WwrcX7tH1KQTHlhzB7qs"},"fileId":"aaxdv8Ek9De4mAYKWBhC/O"},"_contentSize":{"__type__":"cc.Size","height":21.42},"_trs":{"__type__":"TypedArray","ctor":"Float64Array","array":[0,40,0,0,0,0,1,1,1,1]}},{"__type__":"cc.Label","node":{"__id__":177},"_materials":[{"__uuid__":"ecpdLyjvZBwrvm+cedCcQy"}],"_useOriginalSize":false,"_fontSize":17,"_lineHeight":17,"_N$horizontalAlign":1,"_N$verticalAlign":1},{"__type__":"cc.Node","_name":"mainType","_parent":{"__id__":176},"_components":[{"__id__":180}],"_prefab":{"__type__":"cc.PrefabInfo","root":{"__id__":1},"asset":{"__uuid__":"57WwrcX7tH1KQTHlhzB7qs"},"fileId":"89SQ7pQ9pAP49K4zUHpcxZ"},"_contentSize":{"__type__":"cc.Size","height":21.42},"_trs":{"__type__":"TypedArray","ctor":"Float64Array","array":[0,17,0,0,0,0,1,1,1,1]}},{"__type__":"cc.Label","node":{"__id__":179},"_materials":[{"__uuid__":"ecpdLyjvZBwrvm+cedCcQy"}],"_useOriginalSize":false,"_fontSize":17,"_lineHeight":17,"_N$horizontalAlign":1,"_N$verticalAlign":1},{"__type__":"cc.Node","_name":"playerCount","_parent":{"__id__":176},"_components":[{"__id__":182}],"_prefab":{"__type__":"cc.PrefabInfo","root":{"__id__":1},"asset":{"__uuid__":"57WwrcX7tH1KQTHlhzB7qs"},"fileId":"d8g06g5hdLx5MtYAwsPb+T"},"_contentSize":{"__type__":"cc.Size","width":23.63,"height":21.42},"_trs":{"__type__":"TypedArray","ctor":"Float64Array","array":[0,-6,0,0,0,0,1,1,1,1]}},{"__type__":"cc.Label","node":{"__id__":181},"_materials":[{"__uuid__":"ecpdLyjvZBwrvm+cedCcQy"}],"_useOriginalSize":false,"_string":"0/0","_N$string":"0/0","_fontSize":17,"_lineHeight":17,"_N$horizontalAlign":1,"_N$verticalAlign":1},{"__type__":"cc.Node","_name":"baseScore","_parent":{"__id__":176},"_components":[{"__id__":184}],"_prefab":{"__type__":"cc.PrefabInfo","root":{"__id__":1},"asset":{"__uuid__":"57WwrcX7tH1KQTHlhzB7qs"},"fileId":"b1hnGWH89KwIG7TekeN3oQ"},"_contentSize":{"__type__":"cc.Size","width":34,"height":21.42},"_trs":{"__type__":"TypedArray","ctor":"Float64Array","array":[0,-30,0,0,0,0,1,1,1,1]}},{"__type__":"cc.Label","node":{"__id__":183},"_materials":[{"__uuid__":"ecpdLyjvZBwrvm+cedCcQy"}],"_useOriginalSize":false,"_string":"底分","_N$string":"底分","_fontSize":17,"_lineHeight":17,"_N$horizontalAlign":1,"_N$verticalAlign":1},{"__type__":"cc.Node","_name":"deskBtn","_parent":{"__id__":2},"_children":[{"__id__":186}],"_components":[{"__type__":"cc.Button","node":{"__id__":185},"duration":0.05,"zoomScale":1.1,"clickEvents":[{"__type__":"cc.ClickEvent","target":{"__id__":1},"_componentId":"1b43fW47adLWYPIFSmWBnhf","handler":"onTipsClick"}],"_N$transition":3,"transition":3,"_N$target":{"__id__":186}}],"_prefab":{"__type__":"cc.PrefabInfo","root":{"__id__":1},"asset":{"__uuid__":"57WwrcX7tH1KQTHlhzB7qs"},"fileId":"6f/u8RlKdCRoWVVfTXz3Tn"},"_contentSize":{"__type__":"cc.Size","width":50,"height":40},"_trs":{"__type__":"TypedArray","ctor":"Float64Array","array":[43,6,0,0,0,0,1,1,1,1]}},{"__type__":"cc.Node","_name":"deskImg","_parent":{"__id__":185},"_components":[{"__type__":"cc.Sprite","node":{"__id__":186},"_materials":[{"__uuid__":"ecpdLyjvZBwrvm+cedCcQy"}],"_spriteFrame":{"__uuid__":"cfviihYupEsICr2Z7wPzHR"}}],"_prefab":{"__type__":"cc.PrefabInfo","root":{"__id__":1},"asset":{"__uuid__":"57WwrcX7tH1KQTHlhzB7qs"},"fileId":"2fMRjDlQVHIbrBju0pQf0t"},"_contentSize":{"__type__":"cc.Size","width":36,"height":31},"_trs":{"__type__":"TypedArray","ctor":"Float64Array","array":[0,0,0,0,0,0,1,1,1,1]}}]