[{"__type__":"cc.Prefab","_name":"PlayerLayer","data":{"__id__":1}},{"__type__":"cc.Node","_name":"PlayerLayer","_children":[{"__id__":2},{"__id__":31},{"__id__":60},{"__id__":89},{"__id__":115},{"__id__":118},{"__id__":119},{"__id__":120},{"__id__":121},{"__id__":122},{"__id__":125},{"__id__":134},{"__id__":135},{"__id__":136},{"__id__":137},{"__id__":138}],"_components":[{"__type__":"cc.Widget","node":{"__id__":1},"_alignFlags":45,"_originalWidth":1280,"_originalHeight":800},{"__type__":"d58618JOGRLHIbbzy1kpItU","node":{"__id__":1},"playerList":[{"__id__":112},{"__id__":29},{"__id__":58},{"__id__":87}],"rankSpriteFrame":[{"__uuid__":"1dmRbdXcxE5Kr+XePcB2xr"},{"__uuid__":"41C3KKmLFGrp0ZM2Lu5M7r"},{"__uuid__":"b549CCmEBC6IGTLYtL/L78"},{"__uuid__":"c7EEaozxxI65epazlQYm28"}]}],"_prefab":{"__type__":"cc.PrefabInfo","root":{"__id__":1},"asset":{"__uuid__":"7awj+ZT3pHFpGNkqBj7izU"},"fileId":"45oZKqgulIibhTIBKCeT7L"},"_contentSize":{"__type__":"cc.Size","width":1280,"height":800},"_trs":{"__type__":"TypedArray","ctor":"Float64Array","array":[0,0,0,0,0,0,1,1,1,1]}},{"__type__":"cc.Node","_name":"FileNode_2","_parent":{"__id__":1},"_children":[{"__id__":3},{"__id__":4},{"__id__":5},{"__id__":6},{"__id__":8},{"__id__":10},{"__id__":11},{"__id__":13},{"__id__":14},{"__id__":15},{"__id__":16},{"__id__":17},{"__id__":19},{"__id__":20},{"__id__":22},{"__id__":23},{"__id__":24},{"__id__":25}],"_components":[{"__id__":29},{"__type__":"cc.StudioWidget","node":{"__id__":2},"_alignFlags":12,"_left":0.9233,"_bottom":0.6381,"_isAbsLeft":false,"_isAbsBottom":false},{"__id__":30}],"_prefab":{"__type__":"cc.PrefabInfo","root":{"__id__":1},"asset":{"__uuid__":"7awj+ZT3pHFpGNkqBj7izU"},"fileId":"85fcoNGnJDBZfMBzlji5W+"},"_contentSize":{"__type__":"cc.Size","width":66,"height":67},"_trs":{"__type__":"TypedArray","ctor":"Float64Array","array":[574.8240000000001,143.98000000000002,0,0,0,0,1,1,1,1]}},{"__type__":"cc.Node","_name":"Image_box","_parent":{"__id__":2},"_components":[{"__type__":"cc.Sprite","node":{"__id__":3},"_materials":[{"__uuid__":"ecpdLyjvZBwrvm+cedCcQy"}],"_spriteFrame":{"__uuid__":"68qpaY5dpA6I66CdoxmDi5"},"_sizeMode":0,"_isTrimmedMode":false}],"_prefab":{"__type__":"cc.PrefabInfo","root":{"__id__":1},"asset":{"__uuid__":"7awj+ZT3pHFpGNkqBj7izU"},"fileId":"67Xpf4fbZB+YRJW6NfETxf"},"_contentSize":{"__type__":"cc.Size","width":110,"height":180},"_trs":{"__type__":"TypedArray","ctor":"Float64Array","array":[-0.9996999999999971,-33.5531,0,0,0,0,1,1,0.93,1]}},{"__type__":"cc.Node","_name":"Image_zhuafenbg","_parent":{"__id__":2},"_components":[{"__type__":"cc.Sprite","node":{"__id__":4},"_materials":[{"__uuid__":"ecpdLyjvZBwrvm+cedCcQy"}],"_spriteFrame":{"__uuid__":"bdmn8xIZFCir1QZxnIKC6s"},"_sizeMode":0,"_isTrimmedMode":false}],"_prefab":{"__type__":"cc.PrefabInfo","root":{"__id__":1},"asset":{"__uuid__":"7awj+ZT3pHFpGNkqBj7izU"},"fileId":"44AsuoKq9GeLZ9FKzrIS9c"},"_contentSize":{"__type__":"cc.Size","width":113,"height":29},"_anchorPoint":{"__type__":"cc.Vec2","y":0.5},"_trs":{"__type__":"TypedArray","ctor":"Float64Array","array":[-52.753699999999995,-100.7399,0,0,0,0,1,1,1,1]}},{"__type__":"cc.Node","_name":"Image_pointbg","_parent":{"__id__":2},"_components":[{"__type__":"cc.Sprite","node":{"__id__":5},"_materials":[{"__uuid__":"ecpdLyjvZBwrvm+cedCcQy"}],"_spriteFrame":{"__uuid__":"9dhKKO5PxGCpepBnR3ojTk"},"_sizeMode":0,"_isTrimmedMode":false}],"_prefab":{"__type__":"cc.PrefabInfo","root":{"__id__":1},"asset":{"__uuid__":"7awj+ZT3pHFpGNkqBj7izU"},"fileId":"042gusxlJJqoTg+BIHHoQQ"},"_contentSize":{"__type__":"cc.Size","width":113,"height":29},"_anchorPoint":{"__type__":"cc.Vec2","y":0.5},"_trs":{"__type__":"TypedArray","ctor":"Float64Array","array":[-52.7538,-67.4998,0,0,0,0,1,1,1,1]}},{"__type__":"cc.Node","_name":"score","_parent":{"__id__":2},"_components":[{"__id__":7}],"_prefab":{"__type__":"cc.PrefabInfo","root":{"__id__":1},"asset":{"__uuid__":"7awj+ZT3pHFpGNkqBj7izU"},"fileId":"a45PtzB3FJoJ671cFiuV7B"},"_color":{"__type__":"cc.Color","r":255,"g":218},"_contentSize":{"__type__":"cc.Size","width":75.07,"height":37.8},"_trs":{"__type__":"TypedArray","ctor":"Float64Array","array":[3,-68.243,0,0,0,0,1,1,1,1]}},{"__type__":"cc.Label","node":{"__id__":6},"_materials":[{"__uuid__":"ecpdLyjvZBwrvm+cedCcQy"}],"_string":"50.00","_N$string":"50.00","_fontSize":30,"_lineHeight":30,"_N$horizontalAlign":1,"_N$verticalAlign":1},{"__type__":"cc.Node","_name":"userName","_parent":{"__id__":2},"_components":[{"__id__":9}],"_prefab":{"__type__":"cc.PrefabInfo","root":{"__id__":1},"asset":{"__uuid__":"7awj+ZT3pHFpGNkqBj7izU"},"fileId":"7e3YJdvrNHiaSMv0y5zYr7"},"_color":{"__type__":"cc.Color","r":229,"g":229,"b":229},"_contentSize":{"__type__":"cc.Size","width":107.34,"height":35.28},"_trs":{"__type__":"TypedArray","ctor":"Float64Array","array":[0,64.7,0,0,0,0,1,1,1,1]}},{"__type__":"cc.Label","node":{"__id__":8},"_materials":[{"__uuid__":"ecpdLyjvZBwrvm+cedCcQy"}],"_string":"等待中...","_N$string":"等待中...","_fontSize":28,"_lineHeight":28,"_N$horizontalAlign":1,"_N$verticalAlign":1},{"__type__":"cc.Node","_name":"Image_7","_parent":{"__id__":2},"_components":[{"__type__":"cc.Sprite","node":{"__id__":10},"_materials":[{"__uuid__":"ecpdLyjvZBwrvm+cedCcQy"}],"_spriteFrame":{"__uuid__":"77SZmiVzBKS4nDWdvmUJq9"},"_sizeMode":0,"_isTrimmedMode":false}],"_prefab":{"__type__":"cc.PrefabInfo","root":{"__id__":1},"asset":{"__uuid__":"7awj+ZT3pHFpGNkqBj7izU"},"fileId":"66FT4G7d1HJ7rFZq+07Orw"},"_contentSize":{"__type__":"cc.Size","width":109,"height":109},"_trs":{"__type__":"TypedArray","ctor":"Float64Array","array":[-1,-1,0,0,0,0,1,1,1,1]}},{"__type__":"cc.Node","_name":"headIcon","_parent":{"__id__":2},"_components":[{"__id__":12}],"_prefab":{"__type__":"cc.PrefabInfo","root":{"__id__":1},"asset":{"__uuid__":"7awj+ZT3pHFpGNkqBj7izU"},"fileId":"e07Rg1QyxNlYE5zICwmQRU"},"_contentSize":{"__type__":"cc.Size","width":98,"height":98},"_trs":{"__type__":"TypedArray","ctor":"Float64Array","array":[-1,-1,0,0,0,0,1,1,1,1]}},{"__type__":"cc.Sprite","node":{"__id__":11},"_materials":[{"__uuid__":"ecpdLyjvZBwrvm+cedCcQy"}],"_spriteFrame":{"__uuid__":"9cVKgerotKQL6Ttvt7jeMD"},"_sizeMode":0,"_isTrimmedMode":false},{"__type__":"cc.Node","_name":"Image_dui","_parent":{"__id__":2},"_active":false,"_components":[{"__type__":"cc.Sprite","node":{"__id__":13},"_materials":[{"__uuid__":"ecpdLyjvZBwrvm+cedCcQy"}],"_spriteFrame":{"__uuid__":"26tksXA4tL2rzfusRNv1tX"}}],"_prefab":{"__type__":"cc.PrefabInfo","root":{"__id__":1},"asset":{"__uuid__":"7awj+ZT3pHFpGNkqBj7izU"},"fileId":"f4ieUqR/FLda3QfnMe/06t"},"_contentSize":{"__type__":"cc.Size","width":33,"height":56},"_trs":{"__type__":"TypedArray","ctor":"Float64Array","array":[70.4061,5.252099999999999,0,0,0,0,1,1.2,1.2,1]}},{"__type__":"cc.Node","_name":"Image_zhuanglogo","_parent":{"__id__":2},"_active":false,"_components":[{"__type__":"cc.Sprite","node":{"__id__":14},"_materials":[{"__uuid__":"ecpdLyjvZBwrvm+cedCcQy"}],"_spriteFrame":{"__uuid__":"91nvMk035ODLs5B+6J+ODw"}}],"_prefab":{"__type__":"cc.PrefabInfo","root":{"__id__":1},"asset":{"__uuid__":"7awj+ZT3pHFpGNkqBj7izU"},"fileId":"cfH8abUlZGFpkMbH9W64e/"},"_contentSize":{"__type__":"cc.Size","width":48,"height":46},"_trs":{"__type__":"TypedArray","ctor":"Float64Array","array":[31.424000000000007,30.349600000000002,0,0,0,0,1,1,1,1]}},{"__type__":"cc.Node","_name":"Image_mingpai","_parent":{"__id__":2},"_active":false,"_components":[{"__type__":"cc.Sprite","node":{"__id__":15},"_materials":[{"__uuid__":"ecpdLyjvZBwrvm+cedCcQy"}],"_spriteFrame":{"__uuid__":"37xbupiDxIi6hYeArpMB0O"}}],"_prefab":{"__type__":"cc.PrefabInfo","root":{"__id__":1},"asset":{"__uuid__":"7awj+ZT3pHFpGNkqBj7izU"},"fileId":"ddbPRPTkpGwar0EGixkK3V"},"_contentSize":{"__type__":"cc.Size","width":92,"height":49},"_trs":{"__type__":"TypedArray","ctor":"Float64Array","array":[0,-0.5,0,0,0,0,1,1,1,1]}},{"__type__":"cc.Node","_name":"online","_parent":{"__id__":2},"_components":[{"__type__":"cc.Sprite","node":{"__id__":16},"_materials":[{"__uuid__":"ecpdLyjvZBwrvm+cedCcQy"}],"_spriteFrame":{"__uuid__":"43yDILXWRIab3nL+fa+QwG"},"_sizeMode":0,"_isTrimmedMode":false}],"_prefab":{"__type__":"cc.PrefabInfo","root":{"__id__":1},"asset":{"__uuid__":"7awj+ZT3pHFpGNkqBj7izU"},"fileId":"cfAVLMSgVAo6PED2iO0rdP"},"_contentSize":{"__type__":"cc.Size","width":65,"height":36},"_trs":{"__type__":"TypedArray","ctor":"Float64Array","array":[-0.6069999999999993,-11.689800000000002,0,0,0,0,1,1,1,1]}},{"__type__":"cc.Node","_name":"zhuafen","_parent":{"__id__":2},"_components":[{"__id__":18}],"_prefab":{"__type__":"cc.PrefabInfo","root":{"__id__":1},"asset":{"__uuid__":"7awj+ZT3pHFpGNkqBj7izU"},"fileId":"5fbqTso7ZAXbWMs/pnsGT/"},"_color":{"__type__":"cc.Color","r":229,"g":229,"b":229},"_contentSize":{"__type__":"cc.Size","width":16.13,"height":36.54},"_trs":{"__type__":"TypedArray","ctor":"Float64Array","array":[11.001399999999997,-100.9816,0,0,0,0,1,1,1,1]}},{"__type__":"cc.Label","node":{"__id__":17},"_materials":[{"__uuid__":"ecpdLyjvZBwrvm+cedCcQy"}],"_string":"0","_N$string":"0","_fontSize":29,"_lineHeight":29,"_N$horizontalAlign":1,"_N$verticalAlign":1},{"__type__":"cc.Node","_name":"cardNumbg","_parent":{"__id__":2},"_active":false,"_components":[{"__type__":"cc.Sprite","node":{"__id__":19},"_materials":[{"__uuid__":"ecpdLyjvZBwrvm+cedCcQy"}],"_spriteFrame":{"__uuid__":"9bXPNiW0lJooIlaAwlDb+C"}}],"_prefab":{"__type__":"cc.PrefabInfo","root":{"__id__":1},"asset":{"__uuid__":"7awj+ZT3pHFpGNkqBj7izU"},"fileId":"9ftfDGnntAg4DN1ZbubYjW"},"_contentSize":{"__type__":"cc.Size","width":33,"height":35},"_trs":{"__type__":"TypedArray","ctor":"Float64Array","array":[-76.59,-23.5979,0,0,0,0,1,1.4,1.4,1]}},{"__type__":"cc.Node","_name":"cardNum","_parent":{"__id__":2},"_active":false,"_components":[{"__id__":21}],"_prefab":{"__type__":"cc.PrefabInfo","root":{"__id__":1},"asset":{"__uuid__":"7awj+ZT3pHFpGNkqBj7izU"},"fileId":"c6sOwDEaNJnaKGJV6sL2io"},"_opacity":204,"_contentSize":{"__type__":"cc.Size","width":15,"height":24},"_trs":{"__type__":"TypedArray","ctor":"Float64Array","array":[-76.59,-23.6966,0,0,0,0,1,1.4,1.4,1]}},{"__type__":"cc.Label","node":{"__id__":20},"_materials":[{"__uuid__":"ecpdLyjvZBwrvm+cedCcQy"}],"_string":"1","_N$string":"1","_fontSize":21,"_lineHeight":22,"_N$file":{"__uuid__":"92io+XrNpBN6sI7+U2lj3A"},"_isSystemFontUsed":false,"_N$horizontalAlign":1,"_N$verticalAlign":1},{"__type__":"cc.Node","_name":"zhunbei","_parent":{"__id__":2},"_components":[{"__type__":"cc.Sprite","node":{"__id__":22},"_materials":[{"__uuid__":"ecpdLyjvZBwrvm+cedCcQy"}],"_spriteFrame":{"__uuid__":"44zXi07HZCYJzH8c4u5Yf5"}}],"_prefab":{"__type__":"cc.PrefabInfo","root":{"__id__":1},"asset":{"__uuid__":"7awj+ZT3pHFpGNkqBj7izU"},"fileId":"e2tu/j0zlOjJ03hBJGqqiV"},"_contentSize":{"__type__":"cc.Size","width":92,"height":49},"_trs":{"__type__":"TypedArray","ctor":"Float64Array","array":[-33.472,-44.66,0,0,0,0,1,0.7,0.7,1]}},{"__type__":"cc.Node","_name":"rank","_parent":{"__id__":2},"_components":[{"__type__":"cc.Sprite","node":{"__id__":23},"_materials":[{"__uuid__":"ecpdLyjvZBwrvm+cedCcQy"}],"_spriteFrame":{"__uuid__":"1dmRbdXcxE5Kr+XePcB2xr"}}],"_prefab":{"__type__":"cc.PrefabInfo","root":{"__id__":1},"asset":{"__uuid__":"7awj+ZT3pHFpGNkqBj7izU"},"fileId":"5b+nanfZ9C87KlR35Y8eCh"},"_contentSize":{"__type__":"cc.Size","width":33,"height":86},"_trs":{"__type__":"TypedArray","ctor":"Float64Array","array":[-35.572,8.02,0,0,0,0,1,1,1,1]}},{"__type__":"cc.Node","_name":"Button_photo","_parent":{"__id__":2},"_components":[{"__type__":"cc.Button","node":{"__id__":24},"clickEvents":[{"__type__":"cc.ClickEvent","target":{"__id__":2},"_componentId":"0032aou97tPTqBrBDD3IjHn","handler":"onHeadClick"}],"_N$target":{"__id__":24}}],"_prefab":{"__type__":"cc.PrefabInfo","root":{"__id__":1},"asset":{"__uuid__":"7awj+ZT3pHFpGNkqBj7izU"},"fileId":"5fvlRGKaFPgaq/ciy6IXOA"},"_contentSize":{"__type__":"cc.Size","width":98,"height":98},"_trs":{"__type__":"TypedArray","ctor":"Float64Array","array":[-1,-1,0,0,0,0,1,1,1,1]}},{"__type__":"cc.Node","_name":"time","_parent":{"__id__":2},"_children":[{"__id__":26}],"_components":[{"__type__":"cc.Sprite","node":{"__id__":25},"_materials":[{"__uuid__":"ecpdLyjvZBwrvm+cedCcQy"}],"_spriteFrame":{"__uuid__":"705HTZIkhMraQ82YyK4wym"},"_sizeMode":0,"_isTrimmedMode":false},{"__id__":28}],"_prefab":{"__type__":"cc.PrefabInfo","root":{"__id__":1},"asset":{"__uuid__":"7awj+ZT3pHFpGNkqBj7izU"},"fileId":"fdJzr1hZBL4o2QvgIgQIYm"},"_contentSize":{"__type__":"cc.Size","width":103,"height":105},"_trs":{"__type__":"TypedArray","ctor":"Float64Array","array":[-106.394,18.79,0,0,0,0,1,0.9,0.9,0.9]}},{"__type__":"cc.Node","_name":"AtlasLabel_1","_parent":{"__id__":25},"_components":[{"__id__":27}],"_prefab":{"__type__":"cc.PrefabInfo","root":{"__id__":1},"asset":{"__uuid__":"7awj+ZT3pHFpGNkqBj7izU"},"fileId":"2c1aForR5MxK1JjHordFIx"},"_contentSize":{"__type__":"cc.Size","width":54.4,"height":34},"_trs":{"__type__":"TypedArray","ctor":"Float64Array","array":[0,0,0,0,0,0,1,1,1,1]}},{"__type__":"cc.Label","node":{"__id__":26},"_materials":[{"__uuid__":"ecpdLyjvZBwrvm+cedCcQy"}],"_string":"00","_N$string":"00","_fontSize":34,"_lineHeight":34,"_N$file":{"__uuid__":"49VhTqcbFJm5IHnRyFx++l"},"_isSystemFontUsed":false,"_N$horizontalAlign":1,"_N$verticalAlign":1},{"__type__":"c7d3arolAFKDLfSeonI80OO","node":{"__id__":25},"timeStr":{"__id__":27}},{"__type__":"0032aou97tPTqBrBDD3IjHn","node":{"__id__":2},"score":{"__id__":7},"online":{"__id__":16},"zhuang":{"__id__":14},"userName":{"__id__":9},"playerHead":{"__id__":30},"readyNode":{"__id__":22},"rankShow":{"__id__":23},"cardNumbg":{"__id__":19},"cardNum":{"__id__":21},"mingpai":{"__id__":15},"zhuafen":{"__id__":18},"clientSeatId":2,"m_timeLock":{"__id__":28}},{"__type__":"e7ea0+JxiVOmJPC/f+sCmmr","node":{"__id__":2},"headIcon":{"__id__":12}},{"__type__":"cc.Node","_name":"FileNode_3","_parent":{"__id__":1},"_children":[{"__id__":32},{"__id__":33},{"__id__":34},{"__id__":35},{"__id__":37},{"__id__":39},{"__id__":40},{"__id__":42},{"__id__":43},{"__id__":44},{"__id__":45},{"__id__":46},{"__id__":48},{"__id__":49},{"__id__":51},{"__id__":52},{"__id__":53},{"__id__":54}],"_components":[{"__id__":58},{"__id__":59},{"__type__":"cc.StudioWidget","node":{"__id__":31},"_alignFlags":12,"_left":0.37420000000000003,"_bottom":0.8881,"_isAbsLeft":false,"_isAbsBottom":false}],"_prefab":{"__type__":"cc.PrefabInfo","root":{"__id__":1},"asset":{"__uuid__":"7awj+ZT3pHFpGNkqBj7izU"},"fileId":"60EoIvRGVH+7xS50+aBfnZ"},"_contentSize":{"__type__":"cc.Size","width":66,"height":67},"_trs":{"__type__":"TypedArray","ctor":"Float64Array","array":[-128.02399999999994,343.98,0,0,0,0,1,1,1,1]}},{"__type__":"cc.Node","_name":"Image_box","_parent":{"__id__":31},"_components":[{"__type__":"cc.Sprite","node":{"__id__":32},"_materials":[{"__uuid__":"ecpdLyjvZBwrvm+cedCcQy"}],"_spriteFrame":{"__uuid__":"68qpaY5dpA6I66CdoxmDi5"},"_sizeMode":0,"_isTrimmedMode":false}],"_prefab":{"__type__":"cc.PrefabInfo","root":{"__id__":1},"asset":{"__uuid__":"7awj+ZT3pHFpGNkqBj7izU"},"fileId":"77ZgUgxmNKeLqdpSgO7XM4"},"_contentSize":{"__type__":"cc.Size","width":110,"height":180},"_trs":{"__type__":"TypedArray","ctor":"Float64Array","array":[55.744200000000006,-0.7918000000000021,0,0,0,0,1,2.01,0.6,1]}},{"__type__":"cc.Node","_name":"Image_zhuafenbg","_parent":{"__id__":31},"_components":[{"__type__":"cc.Sprite","node":{"__id__":33},"_materials":[{"__uuid__":"ecpdLyjvZBwrvm+cedCcQy"}],"_spriteFrame":{"__uuid__":"bdmn8xIZFCir1QZxnIKC6s"},"_sizeMode":0,"_isTrimmedMode":false}],"_prefab":{"__type__":"cc.PrefabInfo","root":{"__id__":1},"asset":{"__uuid__":"7awj+ZT3pHFpGNkqBj7izU"},"fileId":"46StjkKwxGao47eALwOfql"},"_contentSize":{"__type__":"cc.Size","width":113,"height":29},"_anchorPoint":{"__type__":"cc.Vec2","x":1,"y":0.5},"_trs":{"__type__":"TypedArray","ctor":"Float64Array","array":[164.0259,-37.3564,0,0,0,0,1,1,1,1]}},{"__type__":"cc.Node","_name":"Image_pointbg","_parent":{"__id__":31},"_components":[{"__type__":"cc.Sprite","node":{"__id__":34},"_materials":[{"__uuid__":"ecpdLyjvZBwrvm+cedCcQy"}],"_spriteFrame":{"__uuid__":"9dhKKO5PxGCpepBnR3ojTk"},"_sizeMode":0,"_isTrimmedMode":false}],"_prefab":{"__type__":"cc.PrefabInfo","root":{"__id__":1},"asset":{"__uuid__":"7awj+ZT3pHFpGNkqBj7izU"},"fileId":"697XoXYJ9CNJZ8f2n2Trsk"},"_contentSize":{"__type__":"cc.Size","width":113,"height":29},"_anchorPoint":{"__type__":"cc.Vec2","x":1,"y":0.5},"_trs":{"__type__":"TypedArray","ctor":"Float64Array","array":[164.0259,-4.943300000000001,0,0,0,0,1,1,1,1]}},{"__type__":"cc.Node","_name":"score","_parent":{"__id__":31},"_components":[{"__id__":36}],"_prefab":{"__type__":"cc.PrefabInfo","root":{"__id__":1},"asset":{"__uuid__":"7awj+ZT3pHFpGNkqBj7izU"},"fileId":"2beU7L0OZEFa456Ogb4wjE"},"_color":{"__type__":"cc.Color","r":255,"g":218},"_contentSize":{"__type__":"cc.Size","width":91.76,"height":37.8},"_trs":{"__type__":"TypedArray","ctor":"Float64Array","array":[108.9967,-5.2196,0,0,0,0,1,1,1,1]}},{"__type__":"cc.Label","node":{"__id__":35},"_materials":[{"__uuid__":"ecpdLyjvZBwrvm+cedCcQy"}],"_string":"100.00","_N$string":"100.00","_fontSize":30,"_lineHeight":30,"_N$horizontalAlign":1,"_N$verticalAlign":1},{"__type__":"cc.Node","_name":"userName","_parent":{"__id__":31},"_components":[{"__id__":38}],"_prefab":{"__type__":"cc.PrefabInfo","root":{"__id__":1},"asset":{"__uuid__":"7awj+ZT3pHFpGNkqBj7izU"},"fileId":"0cv2acOlBMObmGuK/jYUiw"},"_color":{"__type__":"cc.Color","r":229,"g":229,"b":229},"_contentSize":{"__type__":"cc.Size","width":107.34,"height":35.28},"_anchorPoint":{"__type__":"cc.Vec2","y":0.5},"_trs":{"__type__":"TypedArray","ctor":"Float64Array","array":[53,32.324799999999996,0,0,0,0,1,1,1,1]}},{"__type__":"cc.Label","node":{"__id__":37},"_materials":[{"__uuid__":"ecpdLyjvZBwrvm+cedCcQy"}],"_string":"等待中...","_N$string":"等待中...","_fontSize":28,"_lineHeight":28,"_N$horizontalAlign":1,"_N$verticalAlign":1},{"__type__":"cc.Node","_name":"Image_7","_parent":{"__id__":31},"_components":[{"__type__":"cc.Sprite","node":{"__id__":39},"_materials":[{"__uuid__":"ecpdLyjvZBwrvm+cedCcQy"}],"_spriteFrame":{"__uuid__":"77SZmiVzBKS4nDWdvmUJq9"},"_sizeMode":0,"_isTrimmedMode":false}],"_prefab":{"__type__":"cc.PrefabInfo","root":{"__id__":1},"asset":{"__uuid__":"7awj+ZT3pHFpGNkqBj7izU"},"fileId":"01WrP7Bp5C+qJVmgqSZGK9"},"_contentSize":{"__type__":"cc.Size","width":109,"height":109},"_trs":{"__type__":"TypedArray","ctor":"Float64Array","array":[-1,-1,0,0,0,0,1,1,1,1]}},{"__type__":"cc.Node","_name":"headIcon","_parent":{"__id__":31},"_components":[{"__id__":41}],"_prefab":{"__type__":"cc.PrefabInfo","root":{"__id__":1},"asset":{"__uuid__":"7awj+ZT3pHFpGNkqBj7izU"},"fileId":"6e8prmfiVCbreVsltAK6i8"},"_contentSize":{"__type__":"cc.Size","width":98,"height":98},"_trs":{"__type__":"TypedArray","ctor":"Float64Array","array":[-1,-1,0,0,0,0,1,1,1,1]}},{"__type__":"cc.Sprite","node":{"__id__":40},"_materials":[{"__uuid__":"ecpdLyjvZBwrvm+cedCcQy"}],"_spriteFrame":{"__uuid__":"9cVKgerotKQL6Ttvt7jeMD"},"_sizeMode":0,"_isTrimmedMode":false},{"__type__":"cc.Node","_name":"Image_dui","_parent":{"__id__":31},"_active":false,"_components":[{"__type__":"cc.Sprite","node":{"__id__":42},"_spriteFrame":{"__uuid__":"26tksXA4tL2rzfusRNv1tX"}}],"_prefab":{"__type__":"cc.PrefabInfo","root":{"__id__":1},"asset":{"__uuid__":"7awj+ZT3pHFpGNkqBj7izU"},"fileId":"88FpbMwhNAfLx3UtZ6XFrS"},"_contentSize":{"__type__":"cc.Size","width":33,"height":56},"_trs":{"__type__":"TypedArray","ctor":"Float64Array","array":[77.1927,5.252099999999999,0,0,0,0,1,1.2,1.2,1]}},{"__type__":"cc.Node","_name":"Image_zhuanglogo","_parent":{"__id__":31},"_active":false,"_components":[{"__type__":"cc.Sprite","node":{"__id__":43},"_spriteFrame":{"__uuid__":"91nvMk035ODLs5B+6J+ODw"}}],"_prefab":{"__type__":"cc.PrefabInfo","root":{"__id__":1},"asset":{"__uuid__":"7awj+ZT3pHFpGNkqBj7izU"},"fileId":"e5tF9l7DJKOIWzljyBH37s"},"_contentSize":{"__type__":"cc.Size","width":48,"height":46},"_trs":{"__type__":"TypedArray","ctor":"Float64Array","array":[31.424000000000007,30.349600000000002,0,0,0,0,1,1,1,1]}},{"__type__":"cc.Node","_name":"Image_mingpai","_parent":{"__id__":31},"_active":false,"_components":[{"__type__":"cc.Sprite","node":{"__id__":44},"_spriteFrame":{"__uuid__":"37xbupiDxIi6hYeArpMB0O"}}],"_prefab":{"__type__":"cc.PrefabInfo","root":{"__id__":1},"asset":{"__uuid__":"7awj+ZT3pHFpGNkqBj7izU"},"fileId":"d6w37NZytK0Lq5KTKuhnsr"},"_contentSize":{"__type__":"cc.Size","width":92,"height":49},"_trs":{"__type__":"TypedArray","ctor":"Float64Array","array":[0,-0.5,0,0,0,0,1,1,1,1]}},{"__type__":"cc.Node","_name":"online","_parent":{"__id__":31},"_components":[{"__type__":"cc.Sprite","node":{"__id__":45},"_materials":[{"__uuid__":"ecpdLyjvZBwrvm+cedCcQy"}],"_spriteFrame":{"__uuid__":"43yDILXWRIab3nL+fa+QwG"}}],"_prefab":{"__type__":"cc.PrefabInfo","root":{"__id__":1},"asset":{"__uuid__":"7awj+ZT3pHFpGNkqBj7izU"},"fileId":"51qDhqqNlIRoMTK1yYePnx"},"_contentSize":{"__type__":"cc.Size","width":71,"height":40},"_trs":{"__type__":"TypedArray","ctor":"Float64Array","array":[-0.6069999999999993,-11.689800000000002,0,0,0,0,1,1,1,1]}},{"__type__":"cc.Node","_name":"zhuafen","_parent":{"__id__":31},"_components":[{"__id__":47}],"_prefab":{"__type__":"cc.PrefabInfo","root":{"__id__":1},"asset":{"__uuid__":"7awj+ZT3pHFpGNkqBj7izU"},"fileId":"9csT/aiodK1pENdyb99WAk"},"_contentSize":{"__type__":"cc.Size","width":16.13,"height":36.54},"_trs":{"__type__":"TypedArray","ctor":"Float64Array","array":[122.67150000000001,-37.8998,0,0,0,0,1,1,1,1]}},{"__type__":"cc.Label","node":{"__id__":46},"_materials":[{"__uuid__":"ecpdLyjvZBwrvm+cedCcQy"}],"_string":"0","_N$string":"0","_fontSize":29,"_lineHeight":29,"_N$horizontalAlign":1,"_N$verticalAlign":1},{"__type__":"cc.Node","_name":"cardNumbg","_parent":{"__id__":31},"_active":false,"_components":[{"__type__":"cc.Sprite","node":{"__id__":48},"_spriteFrame":{"__uuid__":"9bXPNiW0lJooIlaAwlDb+C"}}],"_prefab":{"__type__":"cc.PrefabInfo","root":{"__id__":1},"asset":{"__uuid__":"7awj+ZT3pHFpGNkqBj7izU"},"fileId":"54NtUnBs5Mb5Q9osCUKy4s"},"_contentSize":{"__type__":"cc.Size","width":33,"height":35},"_trs":{"__type__":"TypedArray","ctor":"Float64Array","array":[-76,-24,0,0,0,0,1,1.4,1.4,1]}},{"__type__":"cc.Node","_name":"cardNum","_parent":{"__id__":31},"_active":false,"_components":[{"__id__":50}],"_prefab":{"__type__":"cc.PrefabInfo","root":{"__id__":1},"asset":{"__uuid__":"7awj+ZT3pHFpGNkqBj7izU"},"fileId":"d729Yd6MpCGbJ6OpAZ8vP1"},"_opacity":204,"_contentSize":{"__type__":"cc.Size","width":15,"height":24},"_trs":{"__type__":"TypedArray","ctor":"Float64Array","array":[-76,-24,0,0,0,0,1,1.4,1.4,1]}},{"__type__":"cc.Label","node":{"__id__":49},"_materials":[{"__uuid__":"ecpdLyjvZBwrvm+cedCcQy"}],"_string":"1","_N$string":"1","_fontSize":21,"_lineHeight":22,"_N$file":{"__uuid__":"92io+XrNpBN6sI7+U2lj3A"},"_isSystemFontUsed":false,"_N$horizontalAlign":1,"_N$verticalAlign":1},{"__type__":"cc.Node","_name":"zhunbei","_parent":{"__id__":31},"_components":[{"__type__":"cc.Sprite","node":{"__id__":51},"_materials":[{"__uuid__":"ecpdLyjvZBwrvm+cedCcQy"}],"_spriteFrame":{"__uuid__":"44zXi07HZCYJzH8c4u5Yf5"}}],"_prefab":{"__type__":"cc.PrefabInfo","root":{"__id__":1},"asset":{"__uuid__":"7awj+ZT3pHFpGNkqBj7izU"},"fileId":"45VyXNpOhFa61p0+/DtQF5"},"_contentSize":{"__type__":"cc.Size","width":92,"height":49},"_anchorPoint":{"__type__":"cc.Vec2","x":0.4,"y":0.5},"_trs":{"__type__":"TypedArray","ctor":"Float64Array","array":[-35.1952,-44.18,0,0,0,0,1,0.7,0.7,1]}},{"__type__":"cc.Node","_name":"rank","_parent":{"__id__":31},"_components":[{"__type__":"cc.Sprite","node":{"__id__":52},"_materials":[{"__uuid__":"ecpdLyjvZBwrvm+cedCcQy"}],"_spriteFrame":{"__uuid__":"1dmRbdXcxE5Kr+XePcB2xr"}}],"_prefab":{"__type__":"cc.PrefabInfo","root":{"__id__":1},"asset":{"__uuid__":"7awj+ZT3pHFpGNkqBj7izU"},"fileId":"43Ugq8JVBLUr8uOElEXQeq"},"_contentSize":{"__type__":"cc.Size","width":33,"height":86},"_trs":{"__type__":"TypedArray","ctor":"Float64Array","array":[-35.7,7.78,0,0,0,0,1,1,1,1]}},{"__type__":"cc.Node","_name":"Button_photo","_parent":{"__id__":31},"_components":[{"__type__":"cc.Button","node":{"__id__":53},"clickEvents":[{"__type__":"cc.ClickEvent","target":{"__id__":31},"_componentId":"0032aou97tPTqBrBDD3IjHn","handler":"onHeadClick"}],"_N$target":{"__id__":53}}],"_prefab":{"__type__":"cc.PrefabInfo","root":{"__id__":1},"asset":{"__uuid__":"7awj+ZT3pHFpGNkqBj7izU"},"fileId":"c0WOoSZ6tGhaWSOKmMhu3M"},"_contentSize":{"__type__":"cc.Size","width":98,"height":98},"_trs":{"__type__":"TypedArray","ctor":"Float64Array","array":[-1,-1,0,0,0,0,1,1,1,1]}},{"__type__":"cc.Node","_name":"time","_parent":{"__id__":31},"_children":[{"__id__":55}],"_components":[{"__type__":"cc.Sprite","node":{"__id__":54},"_materials":[{"__uuid__":"ecpdLyjvZBwrvm+cedCcQy"}],"_spriteFrame":{"__uuid__":"705HTZIkhMraQ82YyK4wym"},"_sizeMode":0,"_isTrimmedMode":false},{"__id__":57}],"_prefab":{"__type__":"cc.PrefabInfo","root":{"__id__":1},"asset":{"__uuid__":"7awj+ZT3pHFpGNkqBj7izU"},"fileId":"bdlio+b2hOb4YSSeMdoDBd"},"_contentSize":{"__type__":"cc.Size","width":103,"height":105},"_trs":{"__type__":"TypedArray","ctor":"Float64Array","array":[-5.146,-113.77,0,0,0,0,1,0.9,0.9,0.9]}},{"__type__":"cc.Node","_name":"AtlasLabel_1","_parent":{"__id__":54},"_components":[{"__id__":56}],"_prefab":{"__type__":"cc.PrefabInfo","root":{"__id__":1},"asset":{"__uuid__":"7awj+ZT3pHFpGNkqBj7izU"},"fileId":"a3lfoVtONPzKwVa+bViLF6"},"_contentSize":{"__type__":"cc.Size","width":54.4,"height":34},"_trs":{"__type__":"TypedArray","ctor":"Float64Array","array":[0,0,0,0,0,0,1,1,1,1]}},{"__type__":"cc.Label","node":{"__id__":55},"_materials":[{"__uuid__":"ecpdLyjvZBwrvm+cedCcQy"}],"_string":"00","_N$string":"00","_fontSize":34,"_lineHeight":34,"_N$file":{"__uuid__":"49VhTqcbFJm5IHnRyFx++l"},"_isSystemFontUsed":false,"_N$horizontalAlign":1,"_N$verticalAlign":1},{"__type__":"c7d3arolAFKDLfSeonI80OO","node":{"__id__":54},"timeStr":{"__id__":56}},{"__type__":"0032aou97tPTqBrBDD3IjHn","node":{"__id__":31},"score":{"__id__":36},"online":{"__id__":45},"zhuang":{"__id__":43},"userName":{"__id__":38},"playerHead":{"__id__":59},"readyNode":{"__id__":51},"rankShow":{"__id__":52},"cardNumbg":{"__id__":48},"cardNum":{"__id__":50},"mingpai":{"__id__":44},"zhuafen":{"__id__":47},"clientSeatId":3,"m_timeLock":{"__id__":57}},{"__type__":"e7ea0+JxiVOmJPC/f+sCmmr","node":{"__id__":31},"headIcon":{"__id__":41}},{"__type__":"cc.Node","_name":"FileNode_4","_parent":{"__id__":1},"_children":[{"__id__":61},{"__id__":62},{"__id__":63},{"__id__":64},{"__id__":66},{"__id__":68},{"__id__":69},{"__id__":71},{"__id__":72},{"__id__":73},{"__id__":74},{"__id__":75},{"__id__":77},{"__id__":78},{"__id__":80},{"__id__":81},{"__id__":82},{"__id__":83}],"_components":[{"__id__":87},{"__id__":88},{"__type__":"cc.StudioWidget","node":{"__id__":60},"_alignFlags":12,"_left":0.020100000000000003,"_bottom":0.6381,"_isAbsLeft":false,"_isAbsBottom":false}],"_prefab":{"__type__":"cc.PrefabInfo","root":{"__id__":1},"asset":{"__uuid__":"7awj+ZT3pHFpGNkqBj7izU"},"fileId":"29uUwS0J5KUKGOK4eWwlkE"},"_contentSize":{"__type__":"cc.Size","width":66,"height":67},"_trs":{"__type__":"TypedArray","ctor":"Float64Array","array":[-581.272,143.98000000000002,0,0,0,0,1,1,1,1]}},{"__type__":"cc.Node","_name":"Image_box","_parent":{"__id__":60},"_components":[{"__type__":"cc.Sprite","node":{"__id__":61},"_materials":[{"__uuid__":"ecpdLyjvZBwrvm+cedCcQy"}],"_spriteFrame":{"__uuid__":"68qpaY5dpA6I66CdoxmDi5"},"_sizeMode":0,"_isTrimmedMode":false}],"_prefab":{"__type__":"cc.PrefabInfo","root":{"__id__":1},"asset":{"__uuid__":"7awj+ZT3pHFpGNkqBj7izU"},"fileId":"871D9vPIBMkZnZNfEYfU8d"},"_contentSize":{"__type__":"cc.Size","width":110,"height":180},"_trs":{"__type__":"TypedArray","ctor":"Float64Array","array":[-1.145199999999999,-34.42,0,0,0,0,1,1,0.93,1]}},{"__type__":"cc.Node","_name":"Image_zhuafenbg","_parent":{"__id__":60},"_components":[{"__type__":"cc.Sprite","node":{"__id__":62},"_materials":[{"__uuid__":"ecpdLyjvZBwrvm+cedCcQy"}],"_spriteFrame":{"__uuid__":"bdmn8xIZFCir1QZxnIKC6s"},"_sizeMode":0,"_isTrimmedMode":false}],"_prefab":{"__type__":"cc.PrefabInfo","root":{"__id__":1},"asset":{"__uuid__":"7awj+ZT3pHFpGNkqBj7izU"},"fileId":"a72GGX5sdIR7UR+W9Yobt0"},"_contentSize":{"__type__":"cc.Size","width":113,"height":29},"_anchorPoint":{"__type__":"cc.Vec2","y":0.5},"_trs":{"__type__":"TypedArray","ctor":"Float64Array","array":[-53,-100.7399,0,0,0,0,1,1,1,1]}},{"__type__":"cc.Node","_name":"Image_pointbg","_parent":{"__id__":60},"_components":[{"__type__":"cc.Sprite","node":{"__id__":63},"_materials":[{"__uuid__":"ecpdLyjvZBwrvm+cedCcQy"}],"_spriteFrame":{"__uuid__":"9dhKKO5PxGCpepBnR3ojTk"},"_sizeMode":0,"_isTrimmedMode":false}],"_prefab":{"__type__":"cc.PrefabInfo","root":{"__id__":1},"asset":{"__uuid__":"7awj+ZT3pHFpGNkqBj7izU"},"fileId":"47OM3wZeRGQ7rIEatD6Qsc"},"_contentSize":{"__type__":"cc.Size","width":113,"height":29},"_anchorPoint":{"__type__":"cc.Vec2","y":0.5},"_trs":{"__type__":"TypedArray","ctor":"Float64Array","array":[-53,-67.5,0,0,0,0,1,1,1,1]}},{"__type__":"cc.Node","_name":"score","_parent":{"__id__":60},"_components":[{"__id__":65}],"_prefab":{"__type__":"cc.PrefabInfo","root":{"__id__":1},"asset":{"__uuid__":"7awj+ZT3pHFpGNkqBj7izU"},"fileId":"08EegTOqRBCLqeqGThhR6u"},"_color":{"__type__":"cc.Color","r":255,"g":218},"_contentSize":{"__type__":"cc.Size","width":108.44,"height":37.8},"_trs":{"__type__":"TypedArray","ctor":"Float64Array","array":[3,-67.50030000000001,0,0,0,0,1,1,1,1]}},{"__type__":"cc.Label","node":{"__id__":64},"_materials":[{"__uuid__":"ecpdLyjvZBwrvm+cedCcQy"}],"_string":"1000.00","_N$string":"1000.00","_fontSize":30,"_lineHeight":30,"_N$horizontalAlign":1,"_N$verticalAlign":1},{"__type__":"cc.Node","_name":"userName","_parent":{"__id__":60},"_components":[{"__id__":67}],"_prefab":{"__type__":"cc.PrefabInfo","root":{"__id__":1},"asset":{"__uuid__":"7awj+ZT3pHFpGNkqBj7izU"},"fileId":"41D39ONfhOtYsCGJ7qQnH5"},"_color":{"__type__":"cc.Color","r":229,"g":229,"b":229},"_contentSize":{"__type__":"cc.Size","width":107.34,"height":35.28},"_trs":{"__type__":"TypedArray","ctor":"Float64Array","array":[0,64.6992,0,0,0,0,1,1,1,1]}},{"__type__":"cc.Label","node":{"__id__":66},"_materials":[{"__uuid__":"ecpdLyjvZBwrvm+cedCcQy"}],"_string":"等待中...","_N$string":"等待中...","_fontSize":28,"_lineHeight":0},{"__type__":"cc.Node","_name":"Image_7","_parent":{"__id__":60},"_components":[{"__type__":"cc.Sprite","node":{"__id__":68},"_materials":[{"__uuid__":"ecpdLyjvZBwrvm+cedCcQy"}],"_spriteFrame":{"__uuid__":"77SZmiVzBKS4nDWdvmUJq9"},"_sizeMode":0,"_isTrimmedMode":false}],"_prefab":{"__type__":"cc.PrefabInfo","root":{"__id__":1},"asset":{"__uuid__":"7awj+ZT3pHFpGNkqBj7izU"},"fileId":"5cI/GKaWtEfK5DSvY1Z5zm"},"_contentSize":{"__type__":"cc.Size","width":109,"height":109},"_trs":{"__type__":"TypedArray","ctor":"Float64Array","array":[-1,-1,0,0,0,0,1,1,1,1]}},{"__type__":"cc.Node","_name":"headIcon","_parent":{"__id__":60},"_components":[{"__id__":70}],"_prefab":{"__type__":"cc.PrefabInfo","root":{"__id__":1},"asset":{"__uuid__":"7awj+ZT3pHFpGNkqBj7izU"},"fileId":"deUjwXpBxMyZyzlTLVdSHV"},"_contentSize":{"__type__":"cc.Size","width":98,"height":98},"_trs":{"__type__":"TypedArray","ctor":"Float64Array","array":[-1,-1,0,0,0,0,1,1,1,1]}},{"__type__":"cc.Sprite","node":{"__id__":69},"_materials":[{"__uuid__":"ecpdLyjvZBwrvm+cedCcQy"}],"_spriteFrame":{"__uuid__":"9cVKgerotKQL6Ttvt7jeMD"},"_sizeMode":0,"_isTrimmedMode":false},{"__type__":"cc.Node","_name":"Image_dui","_parent":{"__id__":60},"_active":false,"_components":[{"__type__":"cc.Sprite","node":{"__id__":71},"_spriteFrame":{"__uuid__":"26tksXA4tL2rzfusRNv1tX"},"_sizeMode":0,"_isTrimmedMode":false}],"_prefab":{"__type__":"cc.PrefabInfo","root":{"__id__":1},"asset":{"__uuid__":"7awj+ZT3pHFpGNkqBj7izU"},"fileId":"a8fj32csFJrrgs+W4N7OBo"},"_contentSize":{"__type__":"cc.Size","width":37,"height":60},"_trs":{"__type__":"TypedArray","ctor":"Float64Array","array":[70.4061,5.252099999999999,0,0,0,0,1,1.2,1.2,1]}},{"__type__":"cc.Node","_name":"Image_zhuanglogo","_parent":{"__id__":60},"_active":false,"_components":[{"__type__":"cc.Sprite","node":{"__id__":72},"_spriteFrame":{"__uuid__":"91nvMk035ODLs5B+6J+ODw"},"_sizeMode":0,"_isTrimmedMode":false}],"_prefab":{"__type__":"cc.PrefabInfo","root":{"__id__":1},"asset":{"__uuid__":"7awj+ZT3pHFpGNkqBj7izU"},"fileId":"feSNR1YCBMjo+GBRtx8+1i"},"_contentSize":{"__type__":"cc.Size","width":48,"height":46},"_trs":{"__type__":"TypedArray","ctor":"Float64Array","array":[31.424000000000007,30.349600000000002,0,0,0,0,1,1,1,1]}},{"__type__":"cc.Node","_name":"Image_mingpai","_parent":{"__id__":60},"_active":false,"_components":[{"__type__":"cc.Sprite","node":{"__id__":73},"_spriteFrame":{"__uuid__":"37xbupiDxIi6hYeArpMB0O"},"_sizeMode":0,"_isTrimmedMode":false}],"_prefab":{"__type__":"cc.PrefabInfo","root":{"__id__":1},"asset":{"__uuid__":"7awj+ZT3pHFpGNkqBj7izU"},"fileId":"a6QhkgAmZFq60FI6qyoFm6"},"_contentSize":{"__type__":"cc.Size","width":92,"height":49},"_trs":{"__type__":"TypedArray","ctor":"Float64Array","array":[0,-0.5,0,0,0,0,1,1,1,1]}},{"__type__":"cc.Node","_name":"online","_parent":{"__id__":60},"_components":[{"__type__":"cc.Sprite","node":{"__id__":74},"_materials":[{"__uuid__":"ecpdLyjvZBwrvm+cedCcQy"}],"_spriteFrame":{"__uuid__":"43yDILXWRIab3nL+fa+QwG"},"_sizeMode":0,"_isTrimmedMode":false}],"_prefab":{"__type__":"cc.PrefabInfo","root":{"__id__":1},"asset":{"__uuid__":"7awj+ZT3pHFpGNkqBj7izU"},"fileId":"11VGiH+LhNC4sUGMbI1yRl"},"_contentSize":{"__type__":"cc.Size","width":65,"height":36},"_trs":{"__type__":"TypedArray","ctor":"Float64Array","array":[-0.6069999999999993,-11.689800000000002,0,0,0,0,1,1,1,1]}},{"__type__":"cc.Node","_name":"zhuafen","_parent":{"__id__":60},"_components":[{"__id__":76}],"_prefab":{"__type__":"cc.PrefabInfo","root":{"__id__":1},"asset":{"__uuid__":"7awj+ZT3pHFpGNkqBj7izU"},"fileId":"90CRSNHeBKnpkrZVBv6oD0"},"_contentSize":{"__type__":"cc.Size","width":16.13,"height":36.54},"_trs":{"__type__":"TypedArray","ctor":"Float64Array","array":[14.001100000000001,-100.7494,0,0,0,0,1,1,1,1]}},{"__type__":"cc.Label","node":{"__id__":75},"_materials":[{"__uuid__":"ecpdLyjvZBwrvm+cedCcQy"}],"_string":"0","_N$string":"0","_fontSize":29,"_lineHeight":29,"_N$horizontalAlign":1,"_N$verticalAlign":1},{"__type__":"cc.Node","_name":"cardNumbg","_parent":{"__id__":60},"_active":false,"_components":[{"__type__":"cc.Sprite","node":{"__id__":77},"_materials":[{"__uuid__":"ecpdLyjvZBwrvm+cedCcQy"}],"_spriteFrame":{"__uuid__":"9bXPNiW0lJooIlaAwlDb+C"}}],"_prefab":{"__type__":"cc.PrefabInfo","root":{"__id__":1},"asset":{"__uuid__":"7awj+ZT3pHFpGNkqBj7izU"},"fileId":"b1zOSTA0tDlLUdJZdM2ARZ"},"_contentSize":{"__type__":"cc.Size","width":33,"height":35},"_trs":{"__type__":"TypedArray","ctor":"Float64Array","array":[75.3616,-24.831899999999997,0,0,0,0,1,1.4,1.4,1]}},{"__type__":"cc.Node","_name":"cardNum","_parent":{"__id__":60},"_active":false,"_components":[{"__id__":79}],"_prefab":{"__type__":"cc.PrefabInfo","root":{"__id__":1},"asset":{"__uuid__":"7awj+ZT3pHFpGNkqBj7izU"},"fileId":"9c3VijQDNDu5P9rocSbwz+"},"_contentSize":{"__type__":"cc.Size","width":15,"height":22},"_trs":{"__type__":"TypedArray","ctor":"Float64Array","array":[72.4517,-24.9306,0,0,0,0,1,1.4,1.4,1]}},{"__type__":"cc.Label","node":{"__id__":78},"_materials":[{"__uuid__":"ecpdLyjvZBwrvm+cedCcQy"}],"_string":"1","_N$string":"1","_fontSize":21,"_lineHeight":22,"_N$file":{"__uuid__":"92io+XrNpBN6sI7+U2lj3A"},"_isSystemFontUsed":false,"_N$horizontalAlign":1,"_N$verticalAlign":1},{"__type__":"cc.Node","_name":"zhunbei","_parent":{"__id__":60},"_components":[{"__type__":"cc.Sprite","node":{"__id__":80},"_materials":[{"__uuid__":"ecpdLyjvZBwrvm+cedCcQy"}],"_spriteFrame":{"__uuid__":"44zXi07HZCYJzH8c4u5Yf5"}}],"_prefab":{"__type__":"cc.PrefabInfo","root":{"__id__":1},"asset":{"__uuid__":"7awj+ZT3pHFpGNkqBj7izU"},"fileId":"3eHxcO15tHI4+eUvSHijUF"},"_contentSize":{"__type__":"cc.Size","width":92,"height":49},"_trs":{"__type__":"TypedArray","ctor":"Float64Array","array":[34.112,-41.78,0,0,0,0,1,0.7,0.7,1]}},{"__type__":"cc.Node","_name":"rank","_parent":{"__id__":60},"_components":[{"__type__":"cc.Sprite","node":{"__id__":81},"_materials":[{"__uuid__":"ecpdLyjvZBwrvm+cedCcQy"}],"_spriteFrame":{"__uuid__":"1dmRbdXcxE5Kr+XePcB2xr"},"_sizeMode":0,"_isTrimmedMode":false}],"_prefab":{"__type__":"cc.PrefabInfo","root":{"__id__":1},"asset":{"__uuid__":"7awj+ZT3pHFpGNkqBj7izU"},"fileId":"e1W/p3voVEQ77okvYol01N"},"_contentSize":{"__type__":"cc.Size","width":33,"height":86},"_trs":{"__type__":"TypedArray","ctor":"Float64Array","array":[-35.956,9.22,0,0,0,0,1,1,1,1]}},{"__type__":"cc.Node","_name":"Button_photo","_parent":{"__id__":60},"_components":[{"__type__":"cc.Button","node":{"__id__":82},"clickEvents":[{"__type__":"cc.ClickEvent","target":{"__id__":60},"_componentId":"0032aou97tPTqBrBDD3IjHn","handler":"onHeadClick"}],"_N$target":{"__id__":82}}],"_prefab":{"__type__":"cc.PrefabInfo","root":{"__id__":1},"asset":{"__uuid__":"7awj+ZT3pHFpGNkqBj7izU"},"fileId":"bcZxbMylNNuKnr1pOFdcpP"},"_contentSize":{"__type__":"cc.Size","width":98,"height":98},"_trs":{"__type__":"TypedArray","ctor":"Float64Array","array":[-1,-1,0,0,0,0,1,1,1,1]}},{"__type__":"cc.Node","_name":"time","_parent":{"__id__":60},"_children":[{"__id__":84}],"_components":[{"__type__":"cc.Sprite","node":{"__id__":83},"_materials":[{"__uuid__":"ecpdLyjvZBwrvm+cedCcQy"}],"_spriteFrame":{"__uuid__":"705HTZIkhMraQ82YyK4wym"},"_sizeMode":0,"_isTrimmedMode":false},{"__id__":86}],"_prefab":{"__type__":"cc.PrefabInfo","root":{"__id__":1},"asset":{"__uuid__":"7awj+ZT3pHFpGNkqBj7izU"},"fileId":"a84s2l4kFHPLtYW+MIQt7Q"},"_contentSize":{"__type__":"cc.Size","width":103,"height":105},"_trs":{"__type__":"TypedArray","ctor":"Float64Array","array":[102.502,18.79,0,0,0,0,1,0.9,0.9,0.9]}},{"__type__":"cc.Node","_name":"AtlasLabel_1","_parent":{"__id__":83},"_components":[{"__id__":85}],"_prefab":{"__type__":"cc.PrefabInfo","root":{"__id__":1},"asset":{"__uuid__":"7awj+ZT3pHFpGNkqBj7izU"},"fileId":"f0PEqZu9VDb54PEnUmIqdJ"},"_contentSize":{"__type__":"cc.Size","width":54.4,"height":34},"_trs":{"__type__":"TypedArray","ctor":"Float64Array","array":[0,0,0,0,0,0,1,1,1,1]}},{"__type__":"cc.Label","node":{"__id__":84},"_materials":[{"__uuid__":"ecpdLyjvZBwrvm+cedCcQy"}],"_string":"00","_N$string":"00","_fontSize":34,"_lineHeight":34,"_N$file":{"__uuid__":"49VhTqcbFJm5IHnRyFx++l"},"_isSystemFontUsed":false,"_N$horizontalAlign":1,"_N$verticalAlign":1},{"__type__":"c7d3arolAFKDLfSeonI80OO","node":{"__id__":83},"timeStr":{"__id__":85}},{"__type__":"0032aou97tPTqBrBDD3IjHn","node":{"__id__":60},"score":{"__id__":65},"online":{"__id__":74},"zhuang":{"__id__":72},"userName":{"__id__":67},"playerHead":{"__id__":88},"readyNode":{"__id__":80},"rankShow":{"__id__":81},"cardNumbg":{"__id__":77},"cardNum":{"__id__":79},"mingpai":{"__id__":73},"zhuafen":{"__id__":76},"clientSeatId":4,"m_timeLock":{"__id__":86}},{"__type__":"e7ea0+JxiVOmJPC/f+sCmmr","node":{"__id__":60},"headIcon":{"__id__":70}},{"__type__":"cc.Node","_name":"FileNode_1","_parent":{"__id__":1},"_children":[{"__id__":90},{"__id__":91},{"__id__":92},{"__id__":93},{"__id__":95},{"__id__":97},{"__id__":98},{"__id__":100},{"__id__":101},{"__id__":102},{"__id__":103},{"__id__":104},{"__id__":106},{"__id__":107},{"__id__":109},{"__id__":110},{"__id__":111}],"_components":[{"__id__":112},{"__id__":113},{"__type__":"cc.StudioWidget","node":{"__id__":89},"_alignFlags":12,"_left":0.0195,"_bottom":0.023100000000000002,"_isAbsLeft":false,"_isAbsBottom":false}],"_prefab":{"__type__":"cc.PrefabInfo","root":{"__id__":1},"asset":{"__uuid__":"7awj+ZT3pHFpGNkqBj7izU"},"fileId":"d2D50iOjBNmaeBEYRd5eAK"},"_contentSize":{"__type__":"cc.Size","width":66,"height":67},"_trs":{"__type__":"TypedArray","ctor":"Float64Array","array":[-582.04,-348.02,0,0,0,0,1,1,1,1]}},{"__type__":"cc.Node","_name":"Image_box","_parent":{"__id__":89},"_components":[{"__type__":"cc.Sprite","node":{"__id__":90},"_materials":[{"__uuid__":"ecpdLyjvZBwrvm+cedCcQy"}],"_spriteFrame":{"__uuid__":"68qpaY5dpA6I66CdoxmDi5"},"_sizeMode":0,"_isTrimmedMode":false}],"_prefab":{"__type__":"cc.PrefabInfo","root":{"__id__":1},"asset":{"__uuid__":"7awj+ZT3pHFpGNkqBj7izU"},"fileId":"96CP+zXnRKaaBVXUa/OMi8"},"_contentSize":{"__type__":"cc.Size","width":110,"height":180},"_trs":{"__type__":"TypedArray","ctor":"Float64Array","array":[167.683,-19.5,0,0,0,0,1,2.15,0.35,1]}},{"__type__":"cc.Node","_name":"Image_zhuafenbg","_parent":{"__id__":89},"_components":[{"__type__":"cc.Sprite","node":{"__id__":91},"_materials":[{"__uuid__":"ecpdLyjvZBwrvm+cedCcQy"}],"_spriteFrame":{"__uuid__":"bdmn8xIZFCir1QZxnIKC6s"},"_sizeMode":0,"_isTrimmedMode":false}],"_prefab":{"__type__":"cc.PrefabInfo","root":{"__id__":1},"asset":{"__uuid__":"7awj+ZT3pHFpGNkqBj7izU"},"fileId":"8ey2WMAztHVIdZZdBDML9w"},"_contentSize":{"__type__":"cc.Size","width":113,"height":29},"_trs":{"__type__":"TypedArray","ctor":"Float64Array","array":[230.77530000000002,-32.55,0,0,0,0,1,1,1,1]}},{"__type__":"cc.Node","_name":"Image_pointbg","_parent":{"__id__":89},"_components":[{"__type__":"cc.Sprite","node":{"__id__":92},"_materials":[{"__uuid__":"ecpdLyjvZBwrvm+cedCcQy"}],"_spriteFrame":{"__uuid__":"9dhKKO5PxGCpepBnR3ojTk"},"_sizeMode":0,"_isTrimmedMode":false}],"_prefab":{"__type__":"cc.PrefabInfo","root":{"__id__":1},"asset":{"__uuid__":"7awj+ZT3pHFpGNkqBj7izU"},"fileId":"84aCT8RxFJsKka++42iu/M"},"_contentSize":{"__type__":"cc.Size","width":113,"height":29},"_trs":{"__type__":"TypedArray","ctor":"Float64Array","array":[110.0018,-32.55,0,0,0,0,1,1,1,1]}},{"__type__":"cc.Node","_name":"score","_parent":{"__id__":89},"_components":[{"__id__":94}],"_prefab":{"__type__":"cc.PrefabInfo","root":{"__id__":1},"asset":{"__uuid__":"7awj+ZT3pHFpGNkqBj7izU"},"fileId":"32hwRNsltMN6qlTG0nQTJs"},"_color":{"__type__":"cc.Color","r":255,"g":218},"_contentSize":{"__type__":"cc.Size","width":91.76,"height":37.8},"_trs":{"__type__":"TypedArray","ctor":"Float64Array","array":[107.9443,-32.7166,0,0,0,0,1,1,1,1]}},{"__type__":"cc.Label","node":{"__id__":93},"_materials":[{"__uuid__":"ecpdLyjvZBwrvm+cedCcQy"}],"_string":"100.00","_N$string":"100.00","_fontSize":30,"_lineHeight":30,"_N$horizontalAlign":1,"_N$verticalAlign":1},{"__type__":"cc.Node","_name":"userName","_parent":{"__id__":89},"_components":[{"__id__":96}],"_prefab":{"__type__":"cc.PrefabInfo","root":{"__id__":1},"asset":{"__uuid__":"7awj+ZT3pHFpGNkqBj7izU"},"fileId":"e4+LUEq31FkrVfrhhvidU6"},"_contentSize":{"__type__":"cc.Size","width":103.5,"height":34.02},"_anchorPoint":{"__type__":"cc.Vec2","y":0.5},"_trs":{"__type__":"TypedArray","ctor":"Float64Array","array":[59.624399999999994,-1.6677999999999997,0,0,0,0,1,1,1,1]}},{"__type__":"cc.Label","node":{"__id__":95},"_materials":[{"__uuid__":"ecpdLyjvZBwrvm+cedCcQy"}],"_string":"等待中...","_N$string":"等待中...","_fontSize":27,"_lineHeight":27,"_N$horizontalAlign":1,"_N$verticalAlign":1},{"__type__":"cc.Node","_name":"Image_7","_parent":{"__id__":89},"_components":[{"__type__":"cc.Sprite","node":{"__id__":97},"_materials":[{"__uuid__":"ecpdLyjvZBwrvm+cedCcQy"}],"_spriteFrame":{"__uuid__":"77SZmiVzBKS4nDWdvmUJq9"},"_sizeMode":0,"_isTrimmedMode":false}],"_prefab":{"__type__":"cc.PrefabInfo","root":{"__id__":1},"asset":{"__uuid__":"7awj+ZT3pHFpGNkqBj7izU"},"fileId":"d4j7yPoPxAUrJVIkXJ77oe"},"_contentSize":{"__type__":"cc.Size","width":109,"height":109},"_trs":{"__type__":"TypedArray","ctor":"Float64Array","array":[-1,-1,0,0,0,0,1,1,1,1]}},{"__type__":"cc.Node","_name":"headIcon","_parent":{"__id__":89},"_components":[{"__id__":99}],"_prefab":{"__type__":"cc.PrefabInfo","root":{"__id__":1},"asset":{"__uuid__":"7awj+ZT3pHFpGNkqBj7izU"},"fileId":"0c04bA8XhCw6ds0Tyc1flU"},"_contentSize":{"__type__":"cc.Size","width":98,"height":98},"_trs":{"__type__":"TypedArray","ctor":"Float64Array","array":[-1,-1,0,0,0,0,1,1,1,1]}},{"__type__":"cc.Sprite","node":{"__id__":98},"_materials":[{"__uuid__":"ecpdLyjvZBwrvm+cedCcQy"}],"_spriteFrame":{"__uuid__":"9cVKgerotKQL6Ttvt7jeMD"},"_sizeMode":0,"_isTrimmedMode":false},{"__type__":"cc.Node","_name":"Image_dui","_parent":{"__id__":89},"_active":false,"_components":[{"__type__":"cc.Sprite","node":{"__id__":100},"_materials":[{"__uuid__":"ecpdLyjvZBwrvm+cedCcQy"}],"_spriteFrame":{"__uuid__":"26tksXA4tL2rzfusRNv1tX"}}],"_prefab":{"__type__":"cc.PrefabInfo","root":{"__id__":1},"asset":{"__uuid__":"7awj+ZT3pHFpGNkqBj7izU"},"fileId":"233wViUgBAapmZo6uHHRtp"},"_contentSize":{"__type__":"cc.Size","width":33,"height":56},"_trs":{"__type__":"TypedArray","ctor":"Float64Array","array":[69.6571,55.467600000000004,0,0,0,0,1,1.2,1.2,1]}},{"__type__":"cc.Node","_name":"Image_zhuanglogo","_parent":{"__id__":89},"_active":false,"_components":[{"__type__":"cc.Sprite","node":{"__id__":101},"_materials":[{"__uuid__":"ecpdLyjvZBwrvm+cedCcQy"}],"_spriteFrame":{"__uuid__":"91nvMk035ODLs5B+6J+ODw"}}],"_prefab":{"__type__":"cc.PrefabInfo","root":{"__id__":1},"asset":{"__uuid__":"7awj+ZT3pHFpGNkqBj7izU"},"fileId":"fcC7jhsJlKcInIMoYUPW6c"},"_contentSize":{"__type__":"cc.Size","width":48,"height":46},"_trs":{"__type__":"TypedArray","ctor":"Float64Array","array":[31.424000000000007,30.349600000000002,0,0,0,0,1,1,1,1]}},{"__type__":"cc.Node","_name":"Image_mingpai","_parent":{"__id__":89},"_active":false,"_components":[{"__type__":"cc.Sprite","node":{"__id__":102},"_materials":[{"__uuid__":"ecpdLyjvZBwrvm+cedCcQy"}],"_spriteFrame":{"__uuid__":"37xbupiDxIi6hYeArpMB0O"}}],"_prefab":{"__type__":"cc.PrefabInfo","root":{"__id__":1},"asset":{"__uuid__":"7awj+ZT3pHFpGNkqBj7izU"},"fileId":"cevla6ck1Hl4GzJPryadiq"},"_contentSize":{"__type__":"cc.Size","width":92,"height":49},"_trs":{"__type__":"TypedArray","ctor":"Float64Array","array":[0,-0.5,0,0,0,0,1,1,1,1]}},{"__type__":"cc.Node","_name":"online","_parent":{"__id__":89},"_components":[{"__type__":"cc.Sprite","node":{"__id__":103},"_materials":[{"__uuid__":"ecpdLyjvZBwrvm+cedCcQy"}],"_spriteFrame":{"__uuid__":"43yDILXWRIab3nL+fa+QwG"}}],"_prefab":{"__type__":"cc.PrefabInfo","root":{"__id__":1},"asset":{"__uuid__":"7awj+ZT3pHFpGNkqBj7izU"},"fileId":"bbA47wF5lKhr1ILA9ULrqa"},"_contentSize":{"__type__":"cc.Size","width":71,"height":40},"_trs":{"__type__":"TypedArray","ctor":"Float64Array","array":[-0.6069999999999993,-1.7802000000000007,0,0,0,0,1,1,1,1]}},{"__type__":"cc.Node","_name":"zhuafen","_parent":{"__id__":89},"_components":[{"__id__":105}],"_prefab":{"__type__":"cc.PrefabInfo","root":{"__id__":1},"asset":{"__uuid__":"7awj+ZT3pHFpGNkqBj7izU"},"fileId":"538UWNI2BM3KU49/GMkxiR"},"_contentSize":{"__type__":"cc.Size","width":16.13,"height":36.54},"_trs":{"__type__":"TypedArray","ctor":"Float64Array","array":[240.96679999999998,-33.2105,0,0,0,0,1,1,1,1]}},{"__type__":"cc.Label","node":{"__id__":104},"_materials":[{"__uuid__":"ecpdLyjvZBwrvm+cedCcQy"}],"_string":"0","_N$string":"0","_fontSize":29,"_lineHeight":29,"_N$horizontalAlign":1,"_N$verticalAlign":1},{"__type__":"cc.Node","_name":"cardNumbg","_parent":{"__id__":89},"_active":false,"_components":[{"__type__":"cc.Sprite","node":{"__id__":106},"_materials":[{"__uuid__":"ecpdLyjvZBwrvm+cedCcQy"}],"_spriteFrame":{"__uuid__":"9bXPNiW0lJooIlaAwlDb+C"}}],"_prefab":{"__type__":"cc.PrefabInfo","root":{"__id__":1},"asset":{"__uuid__":"7awj+ZT3pHFpGNkqBj7izU"},"fileId":"0e5HGUHQlPHKDc1ibCH7et"},"_contentSize":{"__type__":"cc.Size","width":33,"height":35},"_trs":{"__type__":"TypedArray","ctor":"Float64Array","array":[71.8142,42.83540000000001,0,0,0,0,1,1.4,1.4,1]}},{"__type__":"cc.Node","_name":"cardNum","_parent":{"__id__":89},"_active":false,"_components":[{"__id__":108}],"_prefab":{"__type__":"cc.PrefabInfo","root":{"__id__":1},"asset":{"__uuid__":"7awj+ZT3pHFpGNkqBj7izU"},"fileId":"7dGZbGifRM34OH1a3AwZ3c"},"_contentSize":{"__type__":"cc.Size","width":15,"height":22},"_trs":{"__type__":"TypedArray","ctor":"Float64Array","array":[73.524,44.8828,0,0,0,0,1,1.4,1.4,1]}},{"__type__":"cc.Label","node":{"__id__":107},"_materials":[{"__uuid__":"ecpdLyjvZBwrvm+cedCcQy"}],"_string":"1","_N$string":"1","_fontSize":21,"_lineHeight":22,"_N$file":{"__uuid__":"92io+XrNpBN6sI7+U2lj3A"},"_isSystemFontUsed":false,"_N$horizontalAlign":1,"_N$verticalAlign":1},{"__type__":"cc.Node","_name":"zhunbei","_parent":{"__id__":89},"_components":[{"__type__":"cc.Sprite","node":{"__id__":109},"_materials":[{"__uuid__":"ecpdLyjvZBwrvm+cedCcQy"}],"_spriteFrame":{"__uuid__":"44zXi07HZCYJzH8c4u5Yf5"}}],"_prefab":{"__type__":"cc.PrefabInfo","root":{"__id__":1},"asset":{"__uuid__":"7awj+ZT3pHFpGNkqBj7izU"},"fileId":"cchL8Oeo1DJbPHzz5y4LnM"},"_contentSize":{"__type__":"cc.Size","width":92,"height":49},"_trs":{"__type__":"TypedArray","ctor":"Float64Array","array":[570.776,192.9,0,0,0,0,1,1,1,1]}},{"__type__":"cc.Node","_name":"rank","_parent":{"__id__":89},"_components":[{"__type__":"cc.Sprite","node":{"__id__":110},"_materials":[{"__uuid__":"ecpdLyjvZBwrvm+cedCcQy"}],"_spriteFrame":{"__uuid__":"1dmRbdXcxE5Kr+XePcB2xr"}}],"_prefab":{"__type__":"cc.PrefabInfo","root":{"__id__":1},"asset":{"__uuid__":"7awj+ZT3pHFpGNkqBj7izU"},"fileId":"b1FpRdOA1KC4E4rtNGTwQy"},"_contentSize":{"__type__":"cc.Size","width":33,"height":86},"_trs":{"__type__":"TypedArray","ctor":"Float64Array","array":[-35.572,9.86,0,0,0,0,1,1,1,1]}},{"__type__":"cc.Node","_name":"Button_photo","_parent":{"__id__":89},"_components":[{"__type__":"cc.Button","node":{"__id__":111},"clickEvents":[{"__type__":"cc.ClickEvent","target":{"__id__":89},"_componentId":"0032aou97tPTqBrBDD3IjHn","handler":"onHeadClick"}],"_N$target":{"__id__":111}}],"_prefab":{"__type__":"cc.PrefabInfo","root":{"__id__":1},"asset":{"__uuid__":"7awj+ZT3pHFpGNkqBj7izU"},"fileId":"bclIJ/D/FE77kKb5JG6bqG"},"_contentSize":{"__type__":"cc.Size","width":98,"height":98},"_trs":{"__type__":"TypedArray","ctor":"Float64Array","array":[-1,-1,0,0,0,0,1,1,1,1]}},{"__type__":"0032aou97tPTqBrBDD3IjHn","node":{"__id__":89},"score":{"__id__":94},"online":{"__id__":103},"zhuang":{"__id__":101},"userName":{"__id__":96},"playerHead":{"__id__":113},"readyNode":{"__id__":109},"rankShow":{"__id__":110},"cardNumbg":{"__id__":106},"cardNum":{"__id__":108},"mingpai":{"__id__":102},"zhuafen":{"__id__":105},"clientSeatId":1,"m_timeLock":{"__id__":114}},{"__type__":"e7ea0+JxiVOmJPC/f+sCmmr","node":{"__id__":89},"headIcon":{"__id__":99}},{"__type__":"c7d3arolAFKDLfSeonI80OO","node":{"__id__":115},"timeStr":{"__id__":117}},{"__type__":"cc.Node","_name":"time","_parent":{"__id__":1},"_children":[{"__id__":116}],"_components":[{"__type__":"cc.Sprite","node":{"__id__":115},"_materials":[{"__uuid__":"ecpdLyjvZBwrvm+cedCcQy"}],"_spriteFrame":{"__uuid__":"705HTZIkhMraQ82YyK4wym"},"_sizeMode":0,"_isTrimmedMode":false},{"__id__":114},{"__type__":"cc.Widget","node":{"__id__":115},"_alignFlags":4,"_bottom":0.48468749999999994,"_isAbsBottom":false}],"_prefab":{"__type__":"cc.PrefabInfo","root":{"__id__":1},"asset":{"__uuid__":"7awj+ZT3pHFpGNkqBj7izU"},"fileId":"0e+pprkopD2a+Lbuzfza+V"},"_contentSize":{"__type__":"cc.Size","width":103,"height":105},"_trs":{"__type__":"TypedArray","ctor":"Float64Array","array":[0,34.99999999999994,0,0,0,0,1,0.9,0.9,0.9]}},{"__type__":"cc.Node","_name":"AtlasLabel_1","_parent":{"__id__":115},"_components":[{"__id__":117}],"_prefab":{"__type__":"cc.PrefabInfo","root":{"__id__":1},"asset":{"__uuid__":"7awj+ZT3pHFpGNkqBj7izU"},"fileId":"54j2wIEXRMY7zKl969ZOR3"},"_contentSize":{"__type__":"cc.Size","width":54.4,"height":34},"_trs":{"__type__":"TypedArray","ctor":"Float64Array","array":[0,0,0,0,0,0,1,1,1,1]}},{"__type__":"cc.Label","node":{"__id__":116},"_materials":[{"__uuid__":"ecpdLyjvZBwrvm+cedCcQy"}],"_string":"00","_N$string":"00","_fontSize":34,"_lineHeight":34,"_N$file":{"__uuid__":"49VhTqcbFJm5IHnRyFx++l"},"_isSystemFontUsed":false,"_N$horizontalAlign":1,"_N$verticalAlign":1},{"__type__":"cc.Node","_name":"Node_replaceUser4","_parent":{"__id__":1},"_components":[{"__type__":"cc.StudioWidget","node":{"__id__":118},"_alignFlags":12,"_left":0.0459,"_bottom":0.68,"_isAbsLeft":false,"_isAbsBottom":false}],"_prefab":{"__type__":"cc.PrefabInfo","root":{"__id__":1},"asset":{"__uuid__":"7awj+ZT3pHFpGNkqBj7izU"},"fileId":"9d8NobLb1No4HfGtUyP1z0"},"_anchorPoint":{"__type__":"cc.Vec2"},"_trs":{"__type__":"TypedArray","ctor":"Float64Array","array":[-581.248,144,0,0,0,0,1,1,1,1]}},{"__type__":"cc.Node","_name":"Node_replaceUser3","_parent":{"__id__":1},"_components":[{"__type__":"cc.StudioWidget","node":{"__id__":119},"_alignFlags":12,"_left":0.4,"_bottom":0.9269,"_isAbsLeft":false,"_isAbsBottom":false}],"_prefab":{"__type__":"cc.PrefabInfo","root":{"__id__":1},"asset":{"__uuid__":"7awj+ZT3pHFpGNkqBj7izU"},"fileId":"42OZWGrnlK57/W+HW7fLEk"},"_anchorPoint":{"__type__":"cc.Vec2"},"_trs":{"__type__":"TypedArray","ctor":"Float64Array","array":[-128,341.52,0,0,0,0,1,1,1,1]}},{"__type__":"cc.Node","_name":"Node_replaceUser2","_parent":{"__id__":1},"_components":[{"__type__":"cc.StudioWidget","node":{"__id__":120},"_alignFlags":12,"_left":0.9491,"_bottom":0.68,"_isAbsLeft":false,"_isAbsBottom":false}],"_prefab":{"__type__":"cc.PrefabInfo","root":{"__id__":1},"asset":{"__uuid__":"7awj+ZT3pHFpGNkqBj7izU"},"fileId":"d0ju5V3oRPZKsyv1h0a+5h"},"_anchorPoint":{"__type__":"cc.Vec2"},"_trs":{"__type__":"TypedArray","ctor":"Float64Array","array":[574.848,144,0,0,0,0,1,1,1,1]}},{"__type__":"cc.Node","_name":"Node_replaceUser1","_parent":{"__id__":1},"_components":[{"__type__":"cc.StudioWidget","node":{"__id__":121},"_alignFlags":12,"_left":0.0453,"_bottom":0.0653,"_isAbsLeft":false,"_isAbsBottom":false}],"_prefab":{"__type__":"cc.PrefabInfo","root":{"__id__":1},"asset":{"__uuid__":"7awj+ZT3pHFpGNkqBj7izU"},"fileId":"971d4aRvBIAqo03DQuSn9t"},"_anchorPoint":{"__type__":"cc.Vec2"},"_trs":{"__type__":"TypedArray","ctor":"Float64Array","array":[-582.016,-347.76,0,0,0,0,1,1,1,1]}},{"__type__":"cc.Node","_name":"time_out","_parent":{"__id__":1},"_children":[{"__id__":123}],"_active":false,"_components":[{"__type__":"cc.Sprite","node":{"__id__":122},"_materials":[{"__uuid__":"ecpdLyjvZBwrvm+cedCcQy"}],"_spriteFrame":{"__uuid__":"705HTZIkhMraQ82YyK4wym"}},{"__type__":"c7d3arolAFKDLfSeonI80OO","node":{"__id__":122},"timeStr":{"__id__":124}}],"_prefab":{"__type__":"cc.PrefabInfo","root":{"__id__":1},"asset":{"__uuid__":"7awj+ZT3pHFpGNkqBj7izU"},"fileId":"d4Ul5e+hlDnIcgo6pleRju"},"_contentSize":{"__type__":"cc.Size","width":99,"height":103},"_trs":{"__type__":"TypedArray","ctor":"Float64Array","array":[0,35,0,0,0,0,1,0.9,0.9,1]}},{"__type__":"cc.Node","_name":"AtlasLabel_1","_parent":{"__id__":122},"_components":[{"__id__":124}],"_prefab":{"__type__":"cc.PrefabInfo","root":{"__id__":1},"asset":{"__uuid__":"7awj+ZT3pHFpGNkqBj7izU"},"fileId":"04kZ+l3oBERKwP21NSoP8c"},"_contentSize":{"__type__":"cc.Size","width":54.4,"height":34},"_trs":{"__type__":"TypedArray","ctor":"Float64Array","array":[0,0,0,0,0,0,1,1,1,1]}},{"__type__":"cc.Label","node":{"__id__":123},"_materials":[{"__uuid__":"ecpdLyjvZBwrvm+cedCcQy"}],"_string":"00","_N$string":"00","_fontSize":34,"_lineHeight":34,"_N$file":{"__uuid__":"49VhTqcbFJm5IHnRyFx++l"},"_isSystemFontUsed":false,"_N$horizontalAlign":1,"_N$verticalAlign":1},{"__type__":"cc.Node","_name":"BtnNode","_parent":{"__id__":1},"_children":[{"__id__":126},{"__id__":127},{"__id__":128},{"__id__":129},{"__id__":130},{"__id__":131},{"__id__":132}],"_components":[{"__type__":"cc.StudioWidget","node":{"__id__":125},"_alignFlags":4,"_left":640,"_bottom":0.3806,"_isAbsBottom":false}],"_prefab":{"__type__":"cc.PrefabInfo","root":{"__id__":1},"asset":{"__uuid__":"7awj+ZT3pHFpGNkqBj7izU"},"fileId":"d9xJctKEdGmJD6Lurwv0Uw"},"_trs":{"__type__":"TypedArray","ctor":"Float64Array","array":[0,-95.51999999999998,0,0,0,0,1,1,1,1]}},{"__type__":"cc.Node","_name":"tips","_parent":{"__id__":125},"_components":[{"__type__":"cc.Button","node":{"__id__":126},"_normalMaterial":{"__uuid__":"ecpdLyjvZBwrvm+cedCcQy"},"duration":0.05,"zoomScale":1.1,"clickEvents":[{"__type__":"cc.ClickEvent","target":{"__id__":1},"_componentId":"d58618JOGRLHIbbzy1kpItU","handler":"onBtnClick","customEventData":"tips"}],"_N$transition":3,"transition":3,"_N$target":{"__id__":126}},{"__type__":"cc.Sprite","node":{"__id__":126},"_materials":[{"__uuid__":"ecpdLyjvZBwrvm+cedCcQy"}],"_spriteFrame":{"__uuid__":"8agvSHCyVBJpanNFPybIrd"}}],"_prefab":{"__type__":"cc.PrefabInfo","root":{"__id__":1},"asset":{"__uuid__":"7awj+ZT3pHFpGNkqBj7izU"},"fileId":"b92JX5IDdGBoPjU2JK9xOU"},"_contentSize":{"__type__":"cc.Size","width":237,"height":79},"_trs":{"__type__":"TypedArray","ctor":"Float64Array","array":[-0.028,39.5,0,0,0,0,1,1,1,1]}},{"__type__":"cc.Node","_name":"buchu","_parent":{"__id__":125},"_components":[{"__type__":"cc.Button","node":{"__id__":127},"_normalMaterial":{"__uuid__":"ecpdLyjvZBwrvm+cedCcQy"},"_grayMaterial":{"__uuid__":"3ae7efMv1CLq2ilvUY/tQi"},"duration":0.05,"zoomScale":1.1,"clickEvents":[{"__type__":"cc.ClickEvent","target":{"__id__":1},"_componentId":"d58618JOGRLHIbbzy1kpItU","handler":"onBtnClick","customEventData":"buchu"}],"_N$enableAutoGrayEffect":true,"_N$transition":3,"transition":3,"_N$target":{"__id__":127}},{"__type__":"cc.Sprite","node":{"__id__":127},"_materials":[{"__uuid__":"ecpdLyjvZBwrvm+cedCcQy"}],"_spriteFrame":{"__uuid__":"e18/esLN1AMp1TdXdBjYLN"}}],"_prefab":{"__type__":"cc.PrefabInfo","root":{"__id__":1},"asset":{"__uuid__":"7awj+ZT3pHFpGNkqBj7izU"},"fileId":"c2TnNviJJA0Ir2vrJNbwI7"},"_contentSize":{"__type__":"cc.Size","width":237,"height":79},"_trs":{"__type__":"TypedArray","ctor":"Float64Array","array":[-294.428,39.5,0,0,0,0,1,1,1,1]}},{"__type__":"cc.Node","_name":"chupai","_parent":{"__id__":125},"_components":[{"__type__":"cc.Button","node":{"__id__":128},"_normalMaterial":{"__uuid__":"ecpdLyjvZBwrvm+cedCcQy"},"duration":0.05,"zoomScale":1.1,"clickEvents":[{"__type__":"cc.ClickEvent","target":{"__id__":1},"_componentId":"d58618JOGRLHIbbzy1kpItU","handler":"onBtnClick","customEventData":"chupai"}],"_N$transition":3,"transition":3,"_N$target":{"__id__":128}},{"__type__":"cc.Sprite","node":{"__id__":128},"_materials":[{"__uuid__":"ecpdLyjvZBwrvm+cedCcQy"}],"_spriteFrame":{"__uuid__":"00uNfH0u1KWogF2zSoDv3u"}}],"_prefab":{"__type__":"cc.PrefabInfo","root":{"__id__":1},"asset":{"__uuid__":"7awj+ZT3pHFpGNkqBj7izU"},"fileId":"0bb/mzWihPmJaGocNXgu8O"},"_contentSize":{"__type__":"cc.Size","width":237,"height":79},"_trs":{"__type__":"TypedArray","ctor":"Float64Array","array":[294.372,39.5,0,0,0,0,1,1,1,1]}},{"__type__":"cc.Node","_name":"baoxi","_parent":{"__id__":125},"_components":[{"__type__":"cc.Button","node":{"__id__":129},"_normalMaterial":{"__uuid__":"ecpdLyjvZBwrvm+cedCcQy"},"duration":0.05,"zoomScale":1.1,"clickEvents":[{"__type__":"cc.ClickEvent","target":{"__id__":1},"_componentId":"d58618JOGRLHIbbzy1kpItU","handler":"onBtnClick","customEventData":"baoxi"}],"_N$transition":3,"transition":3,"_N$target":{"__id__":129}},{"__type__":"cc.Sprite","node":{"__id__":129},"_materials":[{"__uuid__":"ecpdLyjvZBwrvm+cedCcQy"}],"_spriteFrame":{"__uuid__":"74lMPYHfRHmJdoqeKway8Y"}}],"_prefab":{"__type__":"cc.PrefabInfo","root":{"__id__":1},"asset":{"__uuid__":"7awj+ZT3pHFpGNkqBj7izU"},"fileId":"30bYP+D+BKy7D+lQo6LiVb"},"_contentSize":{"__type__":"cc.Size","width":237,"height":79},"_trs":{"__type__":"TypedArray","ctor":"Float64Array","array":[-128.028,47.5,0,0,0,0,1,1,1,1]}},{"__type__":"cc.Node","_name":"bubaoxi","_parent":{"__id__":125},"_components":[{"__type__":"cc.Button","node":{"__id__":130},"_normalMaterial":{"__uuid__":"ecpdLyjvZBwrvm+cedCcQy"},"duration":0.05,"zoomScale":1.1,"clickEvents":[{"__type__":"cc.ClickEvent","target":{"__id__":1},"_componentId":"d58618JOGRLHIbbzy1kpItU","handler":"onBtnClick","customEventData":"bubaoxi"}],"_N$transition":3,"transition":3,"_N$target":{"__id__":130}},{"__type__":"cc.Sprite","node":{"__id__":130},"_materials":[{"__uuid__":"ecpdLyjvZBwrvm+cedCcQy"}],"_spriteFrame":{"__uuid__":"14gyTZc6pLqLFYip/rOHQj"}}],"_prefab":{"__type__":"cc.PrefabInfo","root":{"__id__":1},"asset":{"__uuid__":"7awj+ZT3pHFpGNkqBj7izU"},"fileId":"026EGTKxVBC4dMS9FP5kiX"},"_contentSize":{"__type__":"cc.Size","width":237,"height":79},"_trs":{"__type__":"TypedArray","ctor":"Float64Array","array":[147.556,47.5,0,0,0,0,1,1,1,1]}},{"__type__":"cc.Node","_name":"readyBtn","_parent":{"__id__":125},"_active":false,"_components":[{"__type__":"cc.Button","node":{"__id__":131},"duration":0.05,"zoomScale":1.1,"clickEvents":[{"__type__":"cc.ClickEvent","target":{"__id__":1},"_componentId":"d58618JOGRLHIbbzy1kpItU","handler":"onBtnClick","customEventData":"readyBtn"}],"_N$transition":3,"transition":3,"_N$pressedColor":{"__type__":"cc.Color","r":255,"g":255,"b":255},"pressedColor":{"__type__":"cc.Color","r":255,"g":255,"b":255},"_N$disabledColor":{"__type__":"cc.Color","r":255,"g":255,"b":255},"_N$target":{"__id__":131}},{"__type__":"cc.Sprite","_name":"readyBtn<Sprite>","node":{"__id__":131},"_materials":[{"__uuid__":"ecpdLyjvZBwrvm+cedCcQy"}],"_spriteFrame":{"__uuid__":"e4irjrB21FA6YW65G9XetV"},"_isTrimmedMode":false}],"_prefab":{"__type__":"cc.PrefabInfo","root":{"__id__":1},"asset":{"__uuid__":"7awj+ZT3pHFpGNkqBj7izU"},"fileId":"30qrvckBRHEJ4fZMvVSQhE"},"_contentSize":{"__type__":"cc.Size","width":237,"height":79},"_trs":{"__type__":"TypedArray","ctor":"Float64Array","array":[0,-63,0,0,0,0,1,1,1,1]}},{"__type__":"cc.Node","_name":"seatDownBtn","_parent":{"__id__":125},"_children":[{"__id__":133}],"_active":false,"_components":[{"__type__":"cc.Button","node":{"__id__":132},"duration":0.05,"zoomScale":1.1,"clickEvents":[{"__type__":"cc.ClickEvent","target":{"__id__":1},"_componentId":"d58618JOGRLHIbbzy1kpItU","handler":"onBtnClick","customEventData":"seatDownBtn"}],"_N$transition":3,"transition":3,"_N$pressedColor":{"__type__":"cc.Color","r":255,"g":255,"b":255},"pressedColor":{"__type__":"cc.Color","r":255,"g":255,"b":255},"_N$disabledColor":{"__type__":"cc.Color","r":255,"g":255,"b":255},"_N$target":{"__id__":132}},{"__type__":"cc.Sprite","_name":"seatDownBtn<Sprite>","node":{"__id__":132},"_materials":[{"__uuid__":"ecpdLyjvZBwrvm+cedCcQy"}],"_spriteFrame":{"__uuid__":"f6WUO4Vj5CjpIRFAmIdl70"},"_sizeMode":0}],"_prefab":{"__type__":"cc.PrefabInfo","root":{"__id__":1},"asset":{"__uuid__":"7awj+ZT3pHFpGNkqBj7izU"},"fileId":"79/6eiy1ZCQKPjfJ7U2xeW"},"_contentSize":{"__type__":"cc.Size","width":250,"height":76},"_trs":{"__type__":"TypedArray","ctor":"Float64Array","array":[0,-63,0,0,0,0,1,1,1,1]}},{"__type__":"cc.Node","_name":"label","_parent":{"__id__":132},"_components":[{"__type__":"cc.Label","_name":"label<Label>","node":{"__id__":133},"_materials":[{"__uuid__":"ecpdLyjvZBwrvm+cedCcQy"}],"_string":"快速坐下","_N$string":"快速坐下","_fontSize":36,"_lineHeight":46,"_N$file":{"__uuid__":"41VA2r2p1B0qYgaGz1nBDl"},"_isSystemFontUsed":false,"_N$horizontalAlign":1,"_N$verticalAlign":1}],"_prefab":{"__type__":"cc.PrefabInfo","root":{"__id__":1},"asset":{"__uuid__":"7awj+ZT3pHFpGNkqBj7izU"},"fileId":"19rJcTb1tHf6Vohp11ZFLx"},"_contentSize":{"__type__":"cc.Size","width":148.5,"height":46},"_trs":{"__type__":"TypedArray","ctor":"Float64Array","array":[-0.004,4,0,0,0,0,1,1,1,1]}},{"__type__":"cc.Node","_name":"Panel_effect","_parent":{"__id__":1},"_components":[{"__type__":"cc.StudioWidget","node":{"__id__":134},"_alignFlags":45,"_originalWidth":1280,"_originalHeight":800}],"_prefab":{"__type__":"cc.PrefabInfo","root":{"__id__":1},"asset":{"__uuid__":"7awj+ZT3pHFpGNkqBj7izU"},"fileId":"fbxKj7AAxDoZWzuroDq9J9"},"_contentSize":{"__type__":"cc.Size","width":1280,"height":800},"_trs":{"__type__":"TypedArray","ctor":"Float64Array","array":[0,0,0,0,0,0,1,1,1,1]}},{"__type__":"cc.Node","_name":"baoxi4","_parent":{"__id__":1},"_active":false,"_components":[{"__type__":"cc.StudioWidget","node":{"__id__":135},"_alignFlags":12,"_left":0.02704999999999999,"_bottom":0.54815,"_isAbsLeft":false,"_isAbsBottom":false},{"__type__":"cc.Sprite","node":{"__id__":135},"_materials":[{"__uuid__":"ecpdLyjvZBwrvm+cedCcQy"}],"_spriteFrame":{"__uuid__":"daQRRSsJpHxbLoH7Enen8K"},"_sizeMode":0,"_isTrimmedMode":false}],"_prefab":{"__type__":"cc.PrefabInfo","root":{"__id__":1},"asset":{"__uuid__":"7awj+ZT3pHFpGNkqBj7izU"},"fileId":"33mRwX8XdIp7Gz8ANZZGo5"},"_contentSize":{"__type__":"cc.Size","width":494,"height":179},"_trs":{"__type__":"TypedArray","ctor":"Float64Array","array":[-358.376,128.02000000000004,0,0,0,0,1,1,1,1]}},{"__type__":"cc.Node","_name":"baoxi2","_parent":{"__id__":1},"_active":false,"_components":[{"__type__":"cc.StudioWidget","node":{"__id__":136},"_alignFlags":12,"_left":0.5870500000000001,"_bottom":0.54815,"_isAbsLeft":false,"_isAbsBottom":false},{"__type__":"cc.Sprite","node":{"__id__":136},"_materials":[{"__uuid__":"ecpdLyjvZBwrvm+cedCcQy"}],"_spriteFrame":{"__uuid__":"daQRRSsJpHxbLoH7Enen8K"},"_sizeMode":0,"_isTrimmedMode":false}],"_prefab":{"__type__":"cc.PrefabInfo","root":{"__id__":1},"asset":{"__uuid__":"7awj+ZT3pHFpGNkqBj7izU"},"fileId":"3dM3K6HSlJfr0n2LDgrKhu"},"_contentSize":{"__type__":"cc.Size","width":494,"height":179},"_trs":{"__type__":"TypedArray","ctor":"Float64Array","array":[358.4240000000001,128.02000000000004,0,0,0,0,1,1,1,1]}},{"__type__":"cc.Node","_name":"baoxi3","_parent":{"__id__":1},"_active":false,"_components":[{"__type__":"cc.StudioWidget","node":{"__id__":137},"_alignFlags":12,"_left":0.30705,"_bottom":0.70815,"_isAbsLeft":false,"_isAbsBottom":false},{"__type__":"cc.Sprite","node":{"__id__":137},"_materials":[{"__uuid__":"ecpdLyjvZBwrvm+cedCcQy"}],"_spriteFrame":{"__uuid__":"daQRRSsJpHxbLoH7Enen8K"},"_sizeMode":0,"_isTrimmedMode":false}],"_prefab":{"__type__":"cc.PrefabInfo","root":{"__id__":1},"asset":{"__uuid__":"7awj+ZT3pHFpGNkqBj7izU"},"fileId":"b2h7foiQxDlpQAUSpvl1Zk"},"_contentSize":{"__type__":"cc.Size","width":494,"height":179},"_trs":{"__type__":"TypedArray","ctor":"Float64Array","array":[0.02400000000000091,256.02,0,0,0,0,1,1,1,1]}},{"__type__":"cc.Node","_name":"baoxi1","_parent":{"__id__":1},"_active":false,"_components":[{"__type__":"cc.StudioWidget","node":{"__id__":138},"_alignFlags":12,"_left":0.30705,"_bottom":0.49815,"_isAbsLeft":false,"_isAbsBottom":false},{"__type__":"cc.Sprite","node":{"__id__":138},"_materials":[{"__uuid__":"ecpdLyjvZBwrvm+cedCcQy"}],"_spriteFrame":{"__uuid__":"daQRRSsJpHxbLoH7Enen8K"},"_sizeMode":0,"_isTrimmedMode":false}],"_prefab":{"__type__":"cc.PrefabInfo","root":{"__id__":1},"asset":{"__uuid__":"7awj+ZT3pHFpGNkqBj7izU"},"fileId":"e4UVwrRa1G276hnqcx0OrU"},"_contentSize":{"__type__":"cc.Size","width":494,"height":179},"_trs":{"__type__":"TypedArray","ctor":"Float64Array","array":[0.02400000000000091,88.01999999999998,0,0,0,0,1,1,1,1]}}]