[{"__type__":"cc.Prefab","_name":"DMZCardSprite","data":{"__id__":1}},{"__type__":"cc.Node","_name":"DMZCardSprite","_children":[{"__id__":2}],"_components":[{"__type__":"679c2f+GdZGO6mFKjQexOin","node":{"__id__":1},"huised":{"__id__":2}},{"__type__":"cc.Sprite","node":{"__id__":1},"_materials":[{"__uuid__":"ecpdLyjvZBwrvm+cedCcQy"}],"_spriteFrame":{"__uuid__":"73I3R1zIZBqIJFNG4StpiQ"}}],"_prefab":{"__type__":"cc.PrefabInfo","root":{"__id__":1},"asset":{"__uuid__":"9d2kuIlJRA8Lly+0hZMIw/"},"fileId":"12xyEVQ35GXJDn79TbnFCL"},"_contentSize":{"__type__":"cc.Size","width":155,"height":216},"_trs":{"__type__":"TypedArray","ctor":"Float64Array","array":[0,0,0,0,0,0,1,1,1,1]}},{"__type__":"cc.Node","_name":"huised","_parent":{"__id__":1},"_active":false,"_components":[{"__type__":"cc.Sprite","node":{"__id__":2},"_materials":[{"__uuid__":"ecpdLyjvZBwrvm+cedCcQy"}],"_spriteFrame":{"__uuid__":"453LOMkIRG/ps4KqhBHbCi"}}],"_prefab":{"__type__":"cc.PrefabInfo","root":{"__id__":1},"asset":{"__uuid__":"9d2kuIlJRA8Lly+0hZMIw/"},"fileId":"43QlTC9RJN6LJ8l/VR4wRR"},"_opacity":200,"_contentSize":{"__type__":"cc.Size","width":153,"height":214},"_trs":{"__type__":"TypedArray","ctor":"Float64Array","array":[0,1,0,0,0,0,1,1,1,1]}}]