{"__type__":"cc.BitmapFont","_name":"BlackGameSelect","spriteFrame":{"__uuid__":"93kHTqZGxH/5rXibFXCO6m"},"fontSize":32,"_fntConfig":{"commonHeight":37,"fontSize":32,"atlasName":"BlackGameSelect.png","fontDefDictionary":{"19977":{"rect":{"x":193,"y":117,"width":36,"height":33},"xOffset":1,"yOffset":2,"xAdvance":32},"20013":{"rect":{"x":191,"y":79,"width":34,"height":36},"xOffset":3,"yOffset":0,"xAdvance":32},"20840":{"rect":{"x":2,"y":117,"width":37,"height":35},"xOffset":1,"yOffset":0,"xAdvance":32},"20844":{"rect":{"x":193,"y":2,"width":36,"height":36},"xOffset":2,"yOffset":1,"xAdvance":32},"20856":{"rect":{"x":2,"y":41,"width":36,"height":36},"xOffset":1,"yOffset":1,"xAdvance":32},"23383":{"rect":{"x":154,"y":79,"width":35,"height":36},"xOffset":2,"yOffset":1,"xAdvance":32},"23558":{"rect":{"x":40,"y":41,"width":36,"height":36},"xOffset":1,"yOffset":1,"xAdvance":32},"24352":{"rect":{"x":78,"y":41,"width":36,"height":36},"xOffset":2,"yOffset":1,"xAdvance":32},"24471":{"rect":{"x":2,"y":2,"width":37,"height":37},"xOffset":1,"yOffset":0,"xAdvance":32},"24555":{"rect":{"x":116,"y":41,"width":36,"height":36},"xOffset":1,"yOffset":0,"xAdvance":32},"25166":{"rect":{"x":154,"y":41,"width":36,"height":36},"xOffset":1,"yOffset":0,"xAdvance":32},"25340":{"rect":{"x":192,"y":41,"width":36,"height":36},"xOffset":1,"yOffset":1,"xAdvance":32},"29260":{"rect":{"x":2,"y":79,"width":36,"height":36},"xOffset":2,"yOffset":1,"xAdvance":32},"29275":{"rect":{"x":40,"y":79,"width":36,"height":36},"xOffset":1,"yOffset":1,"xAdvance":32},"30896":{"rect":{"x":41,"y":117,"width":36,"height":35},"xOffset":1,"yOffset":1,"xAdvance":32},"32418":{"rect":{"x":79,"y":117,"width":36,"height":35},"xOffset":1,"yOffset":1,"xAdvance":32},"32463":{"rect":{"x":154,"y":2,"width":37,"height":36},"xOffset":1,"yOffset":0,"xAdvance":32},"32993":{"rect":{"x":117,"y":2,"width":35,"height":37},"xOffset":1,"yOffset":0,"xAdvance":32},"33457":{"rect":{"x":78,"y":79,"width":36,"height":36},"xOffset":1,"yOffset":0,"xAdvance":32},"36305":{"rect":{"x":117,"y":117,"width":36,"height":35},"xOffset":1,"yOffset":1,"xAdvance":32},"36716":{"rect":{"x":41,"y":2,"width":36,"height":37},"xOffset":1,"yOffset":0,"xAdvance":32},"37096":{"rect":{"x":116,"y":79,"width":36,"height":36},"xOffset":2,"yOffset":1,"xAdvance":32},"37329":{"rect":{"x":155,"y":117,"width":36,"height":35},"xOffset":1,"yOffset":1,"xAdvance":32},"40635":{"rect":{"x":79,"y":2,"width":36,"height":37},"xOffset":1,"yOffset":0,"xAdvance":32}},"kerningDict":{}}}