[{"__type__":"cc.Prefab","_name":"ready","data":{"__id__":1}},{"__type__":"cc.Node","_name":"ready","_components":[{"__type__":"sp.Skeleton","node":{"__id__":1},"_materials":[{"__uuid__":"7a/QZLET9IDreTiBfRn2PD"}],"defaultSkin":"default","defaultAnimation":"ready1","_preCacheMode":0,"premultipliedAlpha":false,"_animationName":"ready1","_N$skeletonData":{"__uuid__":"b5ARS1mNxBJZWfV+xRUHZo"}}],"_prefab":{"__type__":"cc.PrefabInfo","root":{"__id__":1},"asset":{"__uuid__":"f7mgFeivlIB5nIdaKvaV3H"},"fileId":"628qVHpOJJILYnNdDBMgF2"},"_trs":{"__type__":"TypedArray","ctor":"Float64Array","array":[0,0,0,0,0,0,1,1,1,1]}}]