[{"__type__":"cc.SceneAsset","_name":"LoginScene","scene":{"__id__":1},"asyncLoadAssets":null},{"__type__":"cc.Scene","_name":"New Node","_children":[{"__id__":2}],"_active":false,"_anchorPoint":{"__type__":"cc.Vec2"},"_trs":{"__type__":"TypedArray","ctor":"Float64Array","array":[0,0,0,0,0,0,1,1,1,1]},"autoReleaseAssets":false},{"__type__":"cc.Node","_name":"Canvas","_parent":{"__id__":1},"_children":[{"__id__":3},{"__id__":4},{"__id__":5},{"__id__":7},{"__id__":28}],"_components":[{"__type__":"cc.Canvas","node":{"__id__":2},"_designResolution":{"__type__":"cc.Size","width":1280,"height":720},"_fitWidth":true,"_fitHeight":false},{"__type__":"05e7eNfwnhJx7hd0d0zZEKH","node":{"__id__":2}},{"__type__":"c309cysSmZJJb1MwlMUZtPx","node":{"__id__":2}},{"__type__":"cc.Widget","node":{"__id__":2},"_alignFlags":45}],"_contentSize":{"__type__":"cc.Size","width":1280,"height":720},"_trs":{"__type__":"TypedArray","ctor":"Float64Array","array":[640,360,0,0,0,0,1,1,1,1]},"_id":"aem0xde8hG1YF/h/zVblT6"},{"__type__":"cc.Node","_name":"Main Camera","_parent":{"__id__":2},"_components":[{"__type__":"cc.Camera","node":{"__id__":3},"_clearFlags":7,"_depth":-1}],"_trs":{"__type__":"TypedArray","ctor":"Float64Array","array":[0,0,287.56102899723606,0,0,0,1,1,1,1]}},{"__type__":"cc.Node","_parent":{"__id__":2},"_id":"24If8eV2pMe56NQuJhCYBq","_prefab":{"__type__":"cc.PrefabInfo","root":{"__id__":4},"asset":{"__uuid__":"d4TjlW7UxHvIcM8vV6Ata8"},"fileId":"24If8eV2pMe56NQuJhCYBq","sync":true},"_name":"layout_loading","_trs":{"__type__":"TypedArray","ctor":"Float64Array","array":[0,0,0,0,0,0,1,1,1,1]}},{"__type__":"cc.Node","_name":"spineNode","_parent":{"__id__":2},"_children":[{"__id__":6}],"_active":false,"_trs":{"__type__":"TypedArray","ctor":"Float64Array","array":[0,50,0,0,0,0,1,1,1,1]}},{"__type__":"cc.Node","_name":"girl_spine","_parent":{"__id__":5},"_components":[{"__type__":"sp.Skeleton","_name":"kldp_spine_loding<Skeleton>","node":{"__id__":6},"_materials":[{"__uuid__":"7a/QZLET9IDreTiBfRn2PD"}],"defaultAnimation":"animation","_preCacheMode":1,"_cacheMode":1,"_animationName":"animation","_N$skeletonData":{"__uuid__":"861l88haZH67LB4aS94cn5"},"_N$enableBatch":true}],"_prefab":{"__type__":"cc.PrefabInfo","root":{"__id__":6},"asset":{"__uuid__":"a8zL2bccdFMo5TlFHl4SOh"},"fileId":"ba8fX2EAVE06fr8LY3yHAk"},"_contentSize":{"__type__":"cc.Size","width":1175.4,"height":777.25},"_trs":{"__type__":"TypedArray","ctor":"Float64Array","array":[0,0,0,0,0,0,1,0.8,0.8,0.8]}},{"__type__":"cc.Node","_name":"LoginNode","_parent":{"__id__":2},"_children":[{"__id__":8},{"__id__":18},{"__id__":25},{"__id__":26}],"_components":[{"__type__":"3b135zoCqJIrr65EScNPSdK","node":{"__id__":7},"loginBtnNode":{"__id__":8},"wxLoginBtn":{"__id__":13},"youKeLoginBtn":{"__id__":11},"phoneLoginBtn":{"__id__":9},"alPhoneLoginBtn":{"__id__":15},"agreeUser":{"__id__":23},"spineNode":{"__id__":5},"version":{"__id__":27}}],"_trs":{"__type__":"TypedArray","ctor":"Float64Array","array":[0,0,0,0,0,0,1,1,1,1]}},{"__type__":"cc.Node","_name":"loginBtnNode","_parent":{"__id__":7},"_children":[{"__id__":9},{"__id__":11},{"__id__":13},{"__id__":15}],"_components":[{"__type__":"cc.Layout","node":{"__id__":8},"_layoutSize":{"__type__":"cc.Size","width":1338,"height":100},"_resize":1,"_N$layoutType":1,"_N$spacingX":60}],"_contentSize":{"__type__":"cc.Size","width":1338,"height":100},"_trs":{"__type__":"TypedArray","ctor":"Float64Array","array":[0,-200.043,0,0,0,0,1,1,1,1]}},{"__type__":"cc.Node","_name":"phoneLoginBtn","_parent":{"__id__":8},"_children":[{"__id__":10}],"_components":[{"__type__":"cc.Sprite","node":{"__id__":9},"_materials":[{"__uuid__":"ecpdLyjvZBwrvm+cedCcQy"}],"_spriteFrame":{"__uuid__":"83ZuHlf2FAxKoZ2UngIcyZ"}},{"__type__":"cc.Button","node":{"__id__":9},"duration":0.05,"zoomScale":1.1,"clickEvents":[{"__type__":"cc.ClickEvent","target":{"__id__":7},"_componentId":"3b135zoCqJIrr65EScNPSdK","handler":"onPhoneLoginClick"}],"_N$transition":3,"transition":3,"_N$normalColor":{"__type__":"cc.Color","r":230,"g":230,"b":230},"_N$pressedColor":{"__type__":"cc.Color","r":200,"g":200,"b":200},"pressedColor":{"__type__":"cc.Color","r":200,"g":200,"b":200},"_N$disabledColor":{"__type__":"cc.Color","r":120,"g":120,"b":120,"a":200},"_N$target":{"__id__":9}}],"_contentSize":{"__type__":"cc.Size","width":289,"height":95},"_trs":{"__type__":"TypedArray","ctor":"Float64Array","array":[-524.5,0,0,0,0,0,1,1,1,1]}},{"__type__":"cc.Node","_name":"Sprite","_parent":{"__id__":9},"_components":[{"__type__":"cc.Sprite","node":{"__id__":10},"_materials":[{"__uuid__":"ecpdLyjvZBwrvm+cedCcQy"}],"_spriteFrame":{"__uuid__":"783AweY4NJvaeJ2b41IOTa"}}],"_contentSize":{"__type__":"cc.Size","width":203,"height":51},"_trs":{"__type__":"TypedArray","ctor":"Float64Array","array":[0,4,0,0,0,0,1,1,1,1]}},{"__type__":"cc.Node","_name":"youKeLoginBtn","_parent":{"__id__":8},"_children":[{"__id__":12}],"_components":[{"__type__":"cc.Sprite","node":{"__id__":11},"_materials":[{"__uuid__":"ecpdLyjvZBwrvm+cedCcQy"}],"_spriteFrame":{"__uuid__":"83ZuHlf2FAxKoZ2UngIcyZ"}},{"__type__":"cc.Button","node":{"__id__":11},"duration":0.05,"zoomScale":1.1,"clickEvents":[{"__type__":"cc.ClickEvent","target":{"__id__":7},"_componentId":"3b135zoCqJIrr65EScNPSdK","handler":"onYouKeLoginClick"}],"_N$transition":3,"transition":3,"_N$normalColor":{"__type__":"cc.Color","r":230,"g":230,"b":230},"_N$pressedColor":{"__type__":"cc.Color","r":200,"g":200,"b":200},"pressedColor":{"__type__":"cc.Color","r":200,"g":200,"b":200},"_N$disabledColor":{"__type__":"cc.Color","r":120,"g":120,"b":120,"a":200},"_N$target":{"__id__":11}}],"_contentSize":{"__type__":"cc.Size","width":289,"height":95},"_trs":{"__type__":"TypedArray","ctor":"Float64Array","array":[-175.5,0,0,0,0,0,1,1,1,1]}},{"__type__":"cc.Node","_name":"Sprite","_parent":{"__id__":11},"_components":[{"__type__":"cc.Label","node":{"__id__":12},"_materials":[{"__uuid__":"ecpdLyjvZBwrvm+cedCcQy"}],"_string":"游客登录","_N$string":"游客登录","_lineHeight":46,"_N$file":{"__uuid__":"fdmAMSTwdOm7YbZ/hyHZp1"},"_isSystemFontUsed":false}],"_contentSize":{"__type__":"cc.Size","width":165,"height":46},"_trs":{"__type__":"TypedArray","ctor":"Float64Array","array":[0,2,0,0,0,0,1,1,1,1]}},{"__type__":"cc.Node","_name":"wxLoginBtn","_parent":{"__id__":8},"_children":[{"__id__":14}],"_components":[{"__type__":"cc.Sprite","node":{"__id__":13},"_materials":[{"__uuid__":"ecpdLyjvZBwrvm+cedCcQy"}],"_spriteFrame":{"__uuid__":"baWnGsinZH9qOfXdFoIXVj"}},{"__type__":"cc.Button","node":{"__id__":13},"duration":0.05,"zoomScale":1.1,"clickEvents":[{"__type__":"cc.ClickEvent","target":{"__id__":7},"_componentId":"3b135zoCqJIrr65EScNPSdK","handler":"onWXLoginClick"}],"_N$transition":3,"transition":3,"_N$normalColor":{"__type__":"cc.Color","r":230,"g":230,"b":230},"_N$pressedColor":{"__type__":"cc.Color","r":200,"g":200,"b":200},"pressedColor":{"__type__":"cc.Color","r":200,"g":200,"b":200},"_N$disabledColor":{"__type__":"cc.Color","r":120,"g":120,"b":120,"a":200},"_N$target":{"__id__":13}}],"_contentSize":{"__type__":"cc.Size","width":290,"height":95},"_trs":{"__type__":"TypedArray","ctor":"Float64Array","array":[174,0,0,0,0,0,1,1,1,1]}},{"__type__":"cc.Node","_name":"Sprite","_parent":{"__id__":13},"_components":[{"__type__":"cc.Sprite","node":{"__id__":14},"_materials":[{"__uuid__":"ecpdLyjvZBwrvm+cedCcQy"}],"_spriteFrame":{"__uuid__":"00o8yyuFVNnrprExzuI4dh"}}],"_contentSize":{"__type__":"cc.Size","width":222,"height":49},"_trs":{"__type__":"TypedArray","ctor":"Float64Array","array":[0,4,0,0,0,0,1,1,1,1]}},{"__type__":"cc.Node","_name":"alPhoneLoginBtn","_parent":{"__id__":8},"_children":[{"__id__":16},{"__id__":17}],"_components":[{"__type__":"cc.Sprite","node":{"__id__":15},"_materials":[{"__uuid__":"ecpdLyjvZBwrvm+cedCcQy"}],"_spriteFrame":{"__uuid__":"f6WUO4Vj5CjpIRFAmIdl70"},"_type":1,"_sizeMode":0},{"__type__":"cc.Button","node":{"__id__":15},"duration":0.05,"zoomScale":1.1,"clickEvents":[{"__type__":"cc.ClickEvent","target":{"__id__":7},"_componentId":"3b135zoCqJIrr65EScNPSdK","handler":"onALPhoneLogin"}],"_N$transition":3,"transition":3,"_N$normalColor":{"__type__":"cc.Color","r":230,"g":230,"b":230},"_N$pressedColor":{"__type__":"cc.Color","r":200,"g":200,"b":200},"pressedColor":{"__type__":"cc.Color","r":200,"g":200,"b":200},"_N$disabledColor":{"__type__":"cc.Color","r":120,"g":120,"b":120,"a":200},"_N$target":{"__id__":15}}],"_contentSize":{"__type__":"cc.Size","width":290,"height":95},"_trs":{"__type__":"TypedArray","ctor":"Float64Array","array":[524,0,0,0,0,0,1,1,1,1]}},{"__type__":"cc.Node","_name":"Sprite","_parent":{"__id__":15},"_components":[{"__type__":"cc.Label","node":{"__id__":16},"_materials":[{"__uuid__":"ecpdLyjvZBwrvm+cedCcQy"}],"_string":"一键登录","_N$string":"一键登录","_lineHeight":46,"_N$file":{"__uuid__":"41VA2r2p1B0qYgaGz1nBDl"},"_isSystemFontUsed":false}],"_contentSize":{"__type__":"cc.Size","width":165,"height":46},"_trs":{"__type__":"TypedArray","ctor":"Float64Array","array":[21,2,0,0,0,0,1,1,1,1]}},{"__type__":"cc.Node","_name":"feiji","_parent":{"__id__":15},"_components":[{"__type__":"cc.Sprite","node":{"__id__":17},"_materials":[{"__uuid__":"ecpdLyjvZBwrvm+cedCcQy"}],"_spriteFrame":{"__uuid__":"3cH2Aj3FxFNqc+R0sE3njH"}}],"_color":{"__type__":"cc.Color","r":242,"g":225,"b":210},"_contentSize":{"__type__":"cc.Size","width":43,"height":34},"_trs":{"__type__":"TypedArray","ctor":"Float64Array","array":[-89.557,2,0,0,0,0,1,1.2,1.2,1]}},{"__type__":"cc.Node","_name":"userAgreement","_parent":{"__id__":7},"_children":[{"__id__":19},{"__id__":24}],"_trs":{"__type__":"TypedArray","ctor":"Float64Array","array":[0,-307,0,0,0,0,1,1,1,1]}},{"__type__":"cc.Node","_name":"agreeUser","_parent":{"__id__":18},"_children":[{"__id__":20},{"__id__":21}],"_components":[{"__id__":23}],"_contentSize":{"__type__":"cc.Size","width":60,"height":60},"_trs":{"__type__":"TypedArray","ctor":"Float64Array","array":[-189.408,0,0,0,0,0,1,1,1,1]}},{"__type__":"cc.Node","_name":"Background","_parent":{"__id__":19},"_components":[{"__type__":"cc.Sprite","node":{"__id__":20},"_materials":[{"__uuid__":"ecpdLyjvZBwrvm+cedCcQy"}],"_spriteFrame":{"__uuid__":"c5udpzh0FEeJsxuo49eu5R"}}],"_contentSize":{"__type__":"cc.Size","width":53,"height":51},"_trs":{"__type__":"TypedArray","ctor":"Float64Array","array":[0,0,0,0,0,0,1,1,1,1]}},{"__type__":"cc.Node","_name":"checkmark","_parent":{"__id__":19},"_components":[{"__id__":22}],"_contentSize":{"__type__":"cc.Size","width":60,"height":60},"_trs":{"__type__":"TypedArray","ctor":"Float64Array","array":[0,0,0,0,0,0,1,1,1,1]}},{"__type__":"cc.Sprite","node":{"__id__":21},"_materials":[{"__uuid__":"ecpdLyjvZBwrvm+cedCcQy"}],"_spriteFrame":{"__uuid__":"26rB6aWENGwI5GkeRd7Ky7"},"_sizeMode":2,"_isTrimmedMode":false},{"__type__":"cc.Toggle","node":{"__id__":19},"_N$transition":3,"transition":3,"_N$normalColor":{"__type__":"cc.Color","r":214,"g":214,"b":214},"_N$target":{"__id__":20},"checkMark":{"__id__":22}},{"__type__":"cc.Node","_name":"label","_parent":{"__id__":18},"_components":[{"__type__":"cc.Label","node":{"__id__":24},"_materials":[{"__uuid__":"ecpdLyjvZBwrvm+cedCcQy"}],"_useOriginalSize":false,"_string":"同意《用户使用协议》","_N$string":"同意《用户使用协议》","_N$horizontalAlign":1,"_N$verticalAlign":1},{"__type__":"cc.Button","node":{"__id__":24},"clickEvents":[{"__type__":"cc.ClickEvent","target":{"__id__":7},"_componentId":"3b135zoCqJIrr65EScNPSdK","handler":"onUserAgreeClick"}],"_N$normalColor":{"__type__":"cc.Color","r":214,"g":214,"b":214},"_N$target":{"__id__":24}}],"_contentSize":{"__type__":"cc.Size","width":400,"height":50.4},"_anchorPoint":{"__type__":"cc.Vec2","y":0.5},"_trs":{"__type__":"TypedArray","ctor":"Float64Array","array":[-149.454,0,0,0,0,0,1,1,1,1]}},{"__type__":"cc.Node","_name":"gameNotice","_parent":{"__id__":7},"_components":[{"__type__":"cc.Label","node":{"__id__":25},"_materials":[{"__uuid__":"ecpdLyjvZBwrvm+cedCcQy"}],"_useOriginalSize":false,"_string":"抵制不良游戏，拒绝盗版游戏，注意自我保护\n谨防受骗上当，适度游戏益脑，沉迷游戏伤身","_N$string":"抵制不良游戏，拒绝盗版游戏，注意自我保护\n谨防受骗上当，适度游戏益脑，沉迷游戏伤身","_fontSize":24,"_lineHeight":28,"_N$horizontalAlign":1}],"_color":{"__type__":"cc.Color","r":184,"g":184,"b":184},"_contentSize":{"__type__":"cc.Size","width":480,"height":63.28},"_anchorPoint":{"__type__":"cc.Vec2","x":0.5,"y":1},"_trs":{"__type__":"TypedArray","ctor":"Float64Array","array":[0,350,0,0,0,0,1,1,1,1]}},{"__type__":"cc.Node","_name":"version","_parent":{"__id__":7},"_components":[{"__id__":27},{"__type__":"47e22FFmshFTILznzb70FeD","node":{"__id__":26}}],"_contentSize":{"__type__":"cc.Size","height":37.8},"_anchorPoint":{"__type__":"cc.Vec2","x":1},"_trs":{"__type__":"TypedArray","ctor":"Float64Array","array":[615,-346,0,0,0,0,1,1,1,1]}},{"__type__":"cc.Label","node":{"__id__":26},"_materials":[{"__uuid__":"ecpdLyjvZBwrvm+cedCcQy"}],"_useOriginalSize":false,"_fontSize":28,"_lineHeight":30,"_N$horizontalAlign":2,"_N$verticalAlign":1},{"__type__":"cc.Node","_name":"UI","_parent":{"__id__":2},"_children":[{"__id__":29},{"__id__":30},{"__type__":"cc.Node","_name":"testNode","_parent":{"__id__":28},"_trs":{"__type__":"TypedArray","ctor":"Float64Array","array":[0,0,0,0,0,0,1,1,1,1]}}],"_components":[{"__type__":"cc.Layout","node":{"__id__":28},"_layoutSize":{"__type__":"cc.Size","width":1280,"height":720}},{"__type__":"cc.Widget","node":{"__id__":28},"_alignFlags":45,"_originalWidth":1280,"_originalHeight":720}],"_contentSize":{"__type__":"cc.Size","width":1280,"height":720},"_trs":{"__type__":"TypedArray","ctor":"Float64Array","array":[0,0,0,0,0,0,1,1,1,1]}},{"__type__":"cc.Node","_name":"Normal","_parent":{"__id__":28},"_components":[{"__type__":"cc.Widget","node":{"__id__":29},"_alignFlags":45}],"_contentSize":{"__type__":"cc.Size","width":1280,"height":720},"_trs":{"__type__":"TypedArray","ctor":"Float64Array","array":[0,0,0,0,0,0,1,1,1,1]}},{"__type__":"cc.Node","_name":"ForWord","_parent":{"__id__":28},"_children":[{"__id__":31}],"_components":[{"__type__":"cc.Widget","node":{"__id__":30},"_alignFlags":45}],"_contentSize":{"__type__":"cc.Size","width":1280,"height":720},"_trs":{"__type__":"TypedArray","ctor":"Float64Array","array":[0,0,0,0,0,0,1,1,1,1]}},{"__type__":"cc.Node","_name":"Mask","_parent":{"__id__":30},"_active":false,"_components":[{"__type__":"cc.Button","node":{"__id__":31},"_N$normalColor":{"__type__":"cc.Color","r":214,"g":214,"b":214},"_N$target":{"__id__":31}},{"__type__":"cc.Widget","node":{"__id__":31},"_wasAlignOnce":{},"isAlignOnce":{},"_alignFlags":45,"_originalWidth":1280,"_originalHeight":960}],"_opacity":128,"_color":{"__type__":"cc.Color"},"_contentSize":{"__type__":"cc.Size","width":1280,"height":960},"_trs":{"__type__":"TypedArray","ctor":"Float64Array","array":[0,0,0,0,0,0,1,1,1,1]}}]