{"__type__":"sp.SkeletonData","_name":"win","_skeletonJson":{"skeleton":{"hash":"HaFsRz9wnjcZVStxi/XJwd4uX6g","spine":"2.1.27","width":0,"height":0},"bones":[{"name":"root"},{"name":"A","parent":"root"},{"name":"D","parent":"root"},{"name":"YM","parent":"root"},{"name":"xx","parent":"root"},{"name":"xx2","parent":"root"},{"name":"A7","parent":"A"},{"name":"d1","parent":"D","x":-2.11,"y":1.92},{"name":"d2","parent":"D","x":-2.11,"y":1.92},{"name":"d3","parent":"D","x":-2.11,"y":1.92},{"name":"win","parent":"A"},{"name":"y1","parent":"YM"},{"name":"y2","parent":"YM"},{"name":"y3","parent":"YM"},{"name":"y4","parent":"YM"},{"name":"y5","parent":"YM"},{"name":"0","parent":"win"},{"name":"00","parent":"win"},{"name":"2","parent":"win","y":-9.21},{"name":"Cb","parent":"win","x":-0.77,"y":145.58},{"name":"G","parent":"win","x":-2.83,"y":10.19,"scaleX":1.795,"scaleY":1.795},{"name":"ZI","parent":"win","x":-0.77,"y":145.58},{"name":"ZZ","parent":"win","scaleX":1.795,"scaleY":1.795},{"name":"hg","parent":"win","x":-0.77,"y":131.96},{"name":"1","parent":"2","y":9.21},{"name":"3","parent":"2","y":-15.61},{"name":"C1","parent":"Cb","x":-165.27,"y":-66.68},{"name":"C2","parent":"Cb","x":112.93,"y":-104.83},{"name":"z1","parent":"ZI","x":-102.23,"y":-112.9},{"name":"z2","parent":"ZI","x":7.92,"y":-104.01},{"name":"z3","parent":"ZI","x":115.45,"y":-111.12}],"slots":[{"name":"images/G1","bone":"G","blend":"additive"},{"name":"images/xx","bone":"xx","blend":"additive"},{"name":"images/xx2","bone":"xx2","blend":"additive"},{"name":"images/cb2","bone":"C2"},{"name":"images/cb","bone":"C1"},{"name":"images/222","bone":"3"},{"name":"images/jb","bone":"2"},{"name":"images/111","bone":"1"},{"name":"images/hg","bone":"hg"},{"name":"images/w","bone":"z1"},{"name":"images/y","bone":"z2"},{"name":"images/l","bone":"z3"},{"name":"images/0","bone":"0","blend":"additive"},{"name":"images/1","bone":"00","blend":"additive"},{"name":"images/YM","bone":"y1","blend":"additive"},{"name":"images/YM2","bone":"y2","blend":"additive"},{"name":"images/YM3","bone":"y3","blend":"additive"},{"name":"images/YM4","bone":"y4","blend":"additive"},{"name":"images/YM5","bone":"y5","blend":"additive"},{"name":"images/x1","bone":"d1","blend":"additive"},{"name":"images/x2","bone":"d2","blend":"additive"},{"name":"images/x3","bone":"d3","blend":"additive"},{"name":"images/shu","bone":"ZZ"}],"skins":{"default":{"images/0":{"images/0":{"width":194,"height":194}},"images/1":{"images/0":{"width":194,"height":194}},"images/111":{"images/11":{"y":37.88,"width":427,"height":146},"images/111":{"y":38.99,"width":427,"height":146}},"images/222":{"images/22":{"y":-19.43,"width":293,"height":81},"images/222":{"y":-19.36,"width":293,"height":81}},"images/G1":{"images/G1":{"x":1.74,"y":13.97,"width":227,"height":227}},"images/YM":{"images/YM":{"width":52,"height":59},"images/YM2":{"width":52,"height":59}},"images/YM2":{"images/YM":{"width":52,"height":59},"images/YM2":{"width":52,"height":59}},"images/YM3":{"images/YM":{"width":52,"height":59},"images/YM2":{"width":52,"height":59}},"images/YM4":{"images/YM":{"width":52,"height":59},"images/YM2":{"width":52,"height":59}},"images/YM5":{"images/YM":{"width":52,"height":59},"images/YM2":{"width":52,"height":59}},"images/cb":{"images/cb":{"x":-72.07,"y":19.48,"width":190,"height":169},"images/cb2":{"x":-67.7,"y":20.14,"width":190,"height":169}},"images/cb2":{"images/cb":{"x":73.88,"y":31.51,"scaleX":-1,"width":190,"height":169},"images/cb2":{"x":71.67,"y":29.14,"scaleX":-1,"width":190,"height":169}},"images/hg":{"images/hg":{"x":-3.09,"y":19.34,"width":142,"height":87},"images/hg2":{"width":143,"height":89}},"images/jb":{"images/jb":{"width":357,"height":221},"images/jb2":{"width":357,"height":221}},"images/l":{"images/l":{"width":129,"height":127}},"images/shu":{"images/shu":{"scaleX":0.556,"scaleY":0.556,"width":339,"height":125}},"images/w":{"images/w":{"width":124,"height":124}},"images/x1":{"images/x1":{"x":2.11,"y":-1.92,"width":72,"height":67}},"images/x2":{"images/x1":{"x":2.11,"y":-1.92,"width":72,"height":67}},"images/x3":{"images/x1":{"x":2.11,"y":-1.92,"width":72,"height":67}},"images/xx":{"images/xx":{"width":168,"height":57}},"images/xx2":{"images/xx":{"width":168,"height":57}},"images/y":{"images/y":{"width":128,"height":128}}}},"animations":{"lose1":{"slots":{"images/0":{"attachment":[{"time":0,"name":null},{"time":0.6,"name":"images/0"}],"color":[{"time":0,"color":"ffffff1a","curve":"stepped"},{"time":0.6,"color":"ffffff1a"},{"time":0.7,"color":"99e1ff8f"},{"time":1.2666,"color":"99e1ff00"}]},"images/1":{"attachment":[{"time":0,"name":null},{"time":0.5666,"name":null}],"color":[{"time":0,"color":"ffffff4f","curve":"stepped"},{"time":0.5666,"color":"ffffff4f"},{"time":1.0666,"color":"ffffff00"}]},"images/111":{"attachment":[{"time":0,"name":"images/11"},{"time":1,"name":"images/11"}],"color":[{"time":0,"color":"ffffff00"},{"time":0.2333,"color":"ffffffff"}]},"images/222":{"attachment":[{"time":0,"name":"images/22"},{"time":1,"name":"images/22"}],"color":[{"time":0,"color":"ffffff00"},{"time":0.3666,"color":"ffffffff"}]},"images/G1":{"attachment":[{"time":0,"name":null},{"time":0.6,"name":"images/G1"},{"time":1.6333,"name":"images/G1"}],"color":[{"time":0.6,"color":"ffffff00"},{"time":1.6333,"color":"ffffffff"}]},"images/YM":{"attachment":[{"time":0,"name":null},{"time":0.5666,"name":"images/YM"}],"color":[{"time":0.5666,"color":"ffffff00"},{"time":0.9333,"color":"ffffffff"},{"time":1.6333,"color":"ffffff00"}]},"images/YM2":{"attachment":[{"time":0,"name":null},{"time":0.6333,"name":"images/YM"}],"color":[{"time":0,"color":"ffffff00","curve":"stepped"},{"time":0.6333,"color":"ffffff00"},{"time":0.9,"color":"ffffffff","curve":"stepped"},{"time":1.2333,"color":"ffffffff"},{"time":1.6333,"color":"ffffff00"}]},"images/YM3":{"attachment":[{"time":0,"name":null},{"time":0.6666,"name":"images/YM"}],"color":[{"time":0,"color":"ffffff00","curve":"stepped"},{"time":0.6666,"color":"ffffff00"},{"time":0.9333,"color":"ffffff7a"},{"time":1.6,"color":"ffffff00"}]},"images/YM4":{"attachment":[{"time":0,"name":null},{"time":0.6666,"name":"images/YM"}],"color":[{"time":0.6666,"color":"ffffff33"},{"time":0.9333,"color":"ffffffff"},{"time":1.6333,"color":"ffffff00"}]},"images/YM5":{"attachment":[{"time":0,"name":null},{"time":0.6666,"name":"images/YM"},{"time":1.6333,"name":null}],"color":[{"time":0,"color":"ffffff00","curve":"stepped"},{"time":0.6666,"color":"ffffff00"},{"time":0.7666,"color":"ffffffff","curve":"stepped"},{"time":1.3666,"color":"ffffffff"},{"time":1.6333,"color":"ffffff00"}]},"images/cb":{"attachment":[{"time":0,"name":null},{"time":0.6,"name":"images/cb2"},{"time":1.3333,"name":"images/cb2"}]},"images/cb2":{"attachment":[{"time":0,"name":null},{"time":0.6,"name":"images/cb2"},{"time":1.3333,"name":"images/cb2"}]},"images/hg":{"attachment":[{"time":0,"name":null},{"time":0.4666,"name":"images/hg2"},{"time":0.9666,"name":"images/hg2"}],"color":[{"time":0,"color":"ffffff00","curve":"stepped"},{"time":0.4666,"color":"ffffff00"},{"time":0.7666,"color":"ffffffff"}]},"images/jb":{"attachment":[{"time":0,"name":"images/jb2"},{"time":1,"name":"images/jb2"}],"color":[{"time":0,"color":"ffffff2e"},{"time":0.3333,"color":"ffffffff"}]},"images/l":{"attachment":[{"time":0,"name":null}]},"images/shu":{"attachment":[{"time":0,"name":"images/shu"},{"time":1.6333,"name":"images/shu"}],"color":[{"time":0,"color":"ffffff00"},{"time":0.2333,"color":"ffffffff"}]},"images/w":{"attachment":[{"time":0,"name":null}],"color":[{"time":0,"color":"ffffffff"}]},"images/y":{"attachment":[{"time":0,"name":null}],"color":[{"time":0,"color":"ffffff54"}]}},"bones":{"0":{"rotate":[{"time":0,"angle":0,"curve":"stepped"},{"time":0.6,"angle":0,"curve":"stepped"},{"time":1.2666,"angle":0}],"translate":[{"time":0,"x":0,"y":0,"curve":"stepped"},{"time":0.6,"x":0,"y":0,"curve":"stepped"},{"time":1.2666,"x":0,"y":0}],"scale":[{"time":0,"x":1,"y":1,"curve":"stepped"},{"time":0.6,"x":1,"y":1},{"time":0.7,"x":3,"y":3},{"time":1.2666,"x":3.81,"y":3.81}]},"1":{"rotate":[{"time":0,"angle":0,"curve":"stepped"},{"time":1,"angle":0}],"translate":[{"time":0,"x":0,"y":0,"curve":"stepped"},{"time":1,"x":0,"y":0}],"scale":[{"time":0,"x":1.406,"y":1},{"time":0.1666,"x":1.024,"y":1.332},{"time":0.3,"x":1.173,"y":0.898},{"time":0.4,"x":1,"y":1.195},{"time":0.4666,"x":1,"y":1,"curve":"stepped"},{"time":1,"x":1,"y":1}]},"2":{"rotate":[{"time":0,"angle":0,"curve":"stepped"},{"time":0.1666,"angle":0,"curve":"stepped"},{"time":0.3666,"angle":0,"curve":"stepped"},{"time":0.5666,"angle":0,"curve":"stepped"},{"time":1,"angle":0}],"translate":[{"time":0,"x":0,"y":-86.07},{"time":0.1666,"x":0,"y":46.95},{"time":0.3666,"x":0,"y":-12.52},{"time":0.5666,"x":0,"y":0,"curve":"stepped"},{"time":1,"x":0,"y":0}],"scale":[{"time":0,"x":1,"y":1,"curve":"stepped"},{"time":0.1666,"x":1,"y":1,"curve":"stepped"},{"time":0.3666,"x":1,"y":1,"curve":"stepped"},{"time":0.5666,"x":1,"y":1,"curve":"stepped"},{"time":1,"x":1,"y":1}]},"3":{"rotate":[{"time":0,"angle":0,"curve":"stepped"},{"time":0.2,"angle":0,"curve":"stepped"},{"time":0.4333,"angle":0,"curve":"stepped"},{"time":0.5666,"angle":0,"curve":"stepped"},{"time":1,"angle":0}],"translate":[{"time":0,"x":0,"y":0,"curve":"stepped"},{"time":0.2,"x":0,"y":0,"curve":"stepped"},{"time":0.4333,"x":0,"y":0,"curve":"stepped"},{"time":0.5666,"x":0,"y":0,"curve":"stepped"},{"time":1,"x":0,"y":0}],"scale":[{"time":0,"x":0.41,"y":1},{"time":0.2,"x":0.292,"y":1},{"time":0.3333,"x":0.696,"y":0.706},{"time":0.4333,"x":1,"y":1.433},{"time":0.5666,"x":1,"y":1,"curve":"stepped"},{"time":1,"x":1,"y":1}]},"hg":{"rotate":[{"time":0,"angle":0,"curve":"stepped"},{"time":0.4666,"angle":0},{"time":0.7666,"angle":14.85},{"time":0.9666,"angle":-12.76},{"time":1.1,"angle":-5.52},{"time":1.2666,"angle":-12.76}],"translate":[{"time":0,"x":0,"y":0},{"time":0.4666,"x":0,"y":360.58},{"time":0.7666,"x":0,"y":-7.95},{"time":0.8666,"x":1.88,"y":41.47},{"time":0.9666,"x":13.22,"y":18.49},{"time":1.1,"x":7.74,"y":18.49},{"time":1.2666,"x":13.22,"y":18.49}],"scale":[{"time":0,"x":1,"y":1,"curve":"stepped"},{"time":0.4666,"x":1,"y":1,"curve":"stepped"},{"time":0.7666,"x":1,"y":1,"curve":"stepped"},{"time":0.9666,"x":1,"y":1,"curve":"stepped"},{"time":1.2666,"x":1,"y":1}]},"z3":{"rotate":[{"time":0,"angle":0}],"translate":[{"time":0,"x":0,"y":0}],"scale":[{"time":0,"x":1,"y":1}]},"z2":{"rotate":[{"time":0,"angle":0}],"translate":[{"time":0,"x":0,"y":0}],"scale":[{"time":0,"x":3.711,"y":3.711}]},"z1":{"rotate":[{"time":0,"angle":0}],"translate":[{"time":0,"x":0,"y":0}],"scale":[{"time":0,"x":1,"y":1}]},"ZI":{"rotate":[{"time":0,"angle":0,"curve":"stepped"},{"time":1,"angle":0}],"translate":[{"time":0,"x":0,"y":0,"curve":"stepped"},{"time":1,"x":0,"y":0}],"scale":[{"time":0,"x":1,"y":1,"curve":"stepped"},{"time":1,"x":1,"y":1}]},"G":{"rotate":[{"time":0,"angle":24.85},{"time":1.6333,"angle":0}],"translate":[{"time":0,"x":0,"y":0,"curve":"stepped"},{"time":0.6,"x":0,"y":0,"curve":"stepped"},{"time":1.6333,"x":0,"y":0}],"scale":[{"time":0,"x":1,"y":1},{"time":0.6,"x":0.767,"y":0.767},{"time":1.6333,"x":1,"y":1}]},"C2":{"rotate":[{"time":0,"angle":0},{"time":0.6,"angle":-64.72},{"time":0.7666,"angle":16.36},{"time":1.3333,"angle":0}],"translate":[{"time":0,"x":0,"y":0},{"time":0.1333,"x":-8.72,"y":10.82},{"time":0.6,"x":-52.12,"y":22.93},{"time":0.7666,"x":0,"y":0,"curve":"stepped"},{"time":1.3333,"x":0,"y":0}],"scale":[{"time":0,"x":1,"y":1,"curve":"stepped"},{"time":0.6,"x":1,"y":1,"curve":"stepped"},{"time":0.7666,"x":1,"y":1,"curve":"stepped"},{"time":1.3333,"x":1,"y":1}]},"C1":{"rotate":[{"time":0,"angle":0},{"time":0.6,"angle":75.28},{"time":0.7666,"angle":-11.66},{"time":1.3333,"angle":0}],"translate":[{"time":0,"x":45.15,"y":-29.35,"curve":"stepped"},{"time":1.3333,"x":45.15,"y":-29.35}],"scale":[{"time":0,"x":1,"y":1},{"time":0.6,"x":0.631,"y":1},{"time":0.7666,"x":1,"y":1,"curve":"stepped"},{"time":1.3333,"x":1,"y":1}]},"Cb":{"rotate":[{"time":0,"angle":0,"curve":"stepped"},{"time":1,"angle":0}],"translate":[{"time":0,"x":0,"y":0,"curve":"stepped"},{"time":1,"x":0,"y":0}],"scale":[{"time":0,"x":1,"y":1,"curve":"stepped"},{"time":1,"x":1,"y":1}]},"00":{"rotate":[{"time":0,"angle":0,"curve":"stepped"},{"time":0.5666,"angle":0}],"translate":[{"time":0,"x":0,"y":0,"curve":"stepped"},{"time":0.5666,"x":0,"y":0}],"scale":[{"time":0,"x":1,"y":1},{"time":0.5666,"x":6.407,"y":6.407},{"time":1.0666,"x":1,"y":1}]},"y1":{"rotate":[{"time":0,"angle":0},{"time":1.6333,"angle":158.5}],"translate":[{"time":0,"x":0,"y":0},{"time":0.5666,"x":-174.44,"y":50.96},{"time":1.6333,"x":-269.89,"y":-96.69}],"scale":[{"time":0,"x":1,"y":1}]},"y2":{"rotate":[{"time":0,"angle":0,"curve":"stepped"},{"time":0.6333,"angle":0},{"time":1.6333,"angle":-28.37}],"translate":[{"time":0,"x":0,"y":0},{"time":0.6333,"x":-132.04,"y":103.15},{"time":0.9,"x":-154.91,"y":186.46},{"time":1.6333,"x":-160.92,"y":208.38}],"scale":[{"time":0,"x":1,"y":1},{"time":0.6333,"x":0.685,"y":0.685}]},"y3":{"rotate":[{"time":0,"angle":0,"curve":"stepped"},{"time":0.6666,"angle":0},{"time":1.6,"angle":-126.5}],"translate":[{"time":0,"x":0,"y":0},{"time":0.6666,"x":-170.31,"y":10.21},{"time":0.9,"x":-254.33,"y":-85.15},{"time":1.6,"x":-296.34,"y":-132.84}],"scale":[{"time":0,"x":1,"y":1},{"time":0.6666,"x":0.811,"y":0.811,"curve":"stepped"},{"time":1.6,"x":0.811,"y":0.811}]},"y4":{"rotate":[{"time":0,"angle":0},{"time":0.6666,"angle":-177.92,"curve":"stepped"},{"time":1.6333,"angle":-177.92}],"translate":[{"time":0,"x":0,"y":0},{"time":0.6666,"x":146.85,"y":72.44},{"time":0.9,"x":313,"y":157.85},{"time":1.6333,"x":356.35,"y":180.13}],"scale":[{"time":0,"x":1,"y":1,"curve":"stepped"},{"time":0.6666,"x":1,"y":1,"curve":"stepped"},{"time":0.9,"x":1,"y":1}]},"y5":{"rotate":[{"time":0,"angle":0},{"time":0.6666,"angle":-103.22},{"time":1.6333,"angle":-88.76}],"translate":[{"time":0,"x":0,"y":0},{"time":0.6666,"x":262.42,"y":-14.34},{"time":0.8333,"x":271.21,"y":-8.1},{"time":1.6333,"x":304.98,"y":-5.73}],"scale":[{"time":0,"x":1,"y":1},{"time":0.6666,"x":0.578,"y":0.578}]},"d1":{"rotate":[{"time":0,"angle":0}],"translate":[{"time":0,"x":0,"y":0}],"scale":[{"time":0,"x":1,"y":1}]},"ZZ":{"rotate":[{"time":0,"angle":0},{"time":0.2333,"angle":6.82},{"time":0.3666,"angle":-9.87},{"time":0.5,"angle":2.73},{"time":0.6666,"angle":0,"curve":"stepped"},{"time":1.6333,"angle":0}],"translate":[{"time":0,"x":0,"y":443.55},{"time":0.2333,"x":0,"y":11.01},{"time":0.3666,"x":9.31,"y":46.95},{"time":0.5,"x":0,"y":23.63},{"time":0.6666,"x":0,"y":31.91,"curve":"stepped"},{"time":1.6333,"x":0,"y":31.91}],"scale":[{"time":0,"x":1,"y":1,"curve":"stepped"},{"time":0.2333,"x":1,"y":1,"curve":"stepped"},{"time":0.3666,"x":1,"y":1,"curve":"stepped"},{"time":0.5,"x":1,"y":1,"curve":"stepped"},{"time":0.6666,"x":1,"y":1,"curve":"stepped"},{"time":1.6333,"x":1,"y":1}]}}},"lose2":{"slots":{"images/0":{"attachment":[{"time":0,"name":null}],"color":[{"time":0,"color":"ffffff00"}]},"images/111":{"attachment":[{"time":0,"name":"images/11"}]},"images/222":{"attachment":[{"time":0,"name":"images/22"}]},"images/G1":{"attachment":[{"time":0,"name":"images/G1"}],"color":[{"time":0,"color":"ffffffff"},{"time":1.6666,"color":"ffffffc8"},{"time":3.3333,"color":"ffffffff"},{"time":5,"color":"ffffffc8"},{"time":6.6666,"color":"ffffffff"}]},"images/cb":{"attachment":[{"time":0,"name":"images/cb2"}]},"images/cb2":{"attachment":[{"time":0,"name":"images/cb2"}]},"images/hg":{"attachment":[{"time":0,"name":"images/hg2"},{"time":3.3333,"name":"images/hg2"},{"time":6.6666,"name":"images/hg2"}]},"images/jb":{"attachment":[{"time":0,"name":"images/jb2"}]},"images/l":{"attachment":[{"time":0,"name":null}]},"images/shu":{"attachment":[{"time":0,"name":"images/shu"}]},"images/w":{"attachment":[{"time":0,"name":null}]},"images/x1":{"attachment":[{"time":0,"name":null}],"color":[{"time":0,"color":"ffffff00"}]},"images/x2":{"attachment":[{"time":0,"name":null}],"color":[{"time":0,"color":"ffffff00"}]},"images/x3":{"attachment":[{"time":0,"name":null},{"time":1.5666,"name":"images/x1"},{"time":2.6,"name":null},{"time":5.2333,"name":"images/x1"},{"time":6.2666,"name":null}],"color":[{"time":1.5666,"color":"ffffff00"},{"time":1.8666,"color":"ffffffff","curve":"stepped"},{"time":2.0333,"color":"ffffffff"},{"time":2.6,"color":"ffffff00","curve":"stepped"},{"time":5.2333,"color":"ffffff00"},{"time":5.5333,"color":"ffffffff","curve":"stepped"},{"time":5.7,"color":"ffffffff"},{"time":6.2666,"color":"ffffff00"}]},"images/xx":{"attachment":[{"time":0,"name":null}],"color":[{"time":0,"color":"ffe19000"}]},"images/xx2":{"attachment":[{"time":0,"name":null}],"color":[{"time":0,"color":"ffe190ff"}]},"images/y":{"attachment":[{"time":0,"name":null}]}},"bones":{"0":{"rotate":[{"time":0,"angle":0}],"translate":[{"time":0,"x":0,"y":0}],"scale":[{"time":0,"x":1,"y":1}]},"1":{"rotate":[{"time":0,"angle":0}],"translate":[{"time":0,"x":0,"y":0}],"scale":[{"time":0,"x":1,"y":1}]},"2":{"rotate":[{"time":0,"angle":0}],"translate":[{"time":0,"x":0,"y":0}],"scale":[{"time":0,"x":1,"y":1}]},"3":{"rotate":[{"time":0,"angle":0}],"translate":[{"time":0,"x":0,"y":0}],"scale":[{"time":0,"x":1,"y":1}]},"hg":{"rotate":[{"time":0,"angle":-12.76,"curve":"stepped"},{"time":3.3333,"angle":-12.76,"curve":"stepped"},{"time":6.6666,"angle":-12.76}],"translate":[{"time":0,"x":13.22,"y":18.49},{"time":1.6666,"x":6.61,"y":4.86},{"time":3.3333,"x":13.22,"y":18.49},{"time":5,"x":6.61,"y":4.86},{"time":6.6666,"x":13.22,"y":18.49}],"scale":[{"time":0,"x":1,"y":1,"curve":"stepped"},{"time":3.3333,"x":1,"y":1,"curve":"stepped"},{"time":6.6666,"x":1,"y":1}]},"ZI":{"rotate":[{"time":0,"angle":0}],"translate":[{"time":0,"x":0,"y":0}],"scale":[{"time":0,"x":1,"y":1}]},"Cb":{"rotate":[{"time":0,"angle":0}],"translate":[{"time":0,"x":0,"y":0}],"scale":[{"time":0,"x":1,"y":1}]},"C2":{"rotate":[{"time":0,"angle":0},{"time":1.6666,"angle":-5.85},{"time":3.3333,"angle":0},{"time":5,"angle":-5.85},{"time":6.6666,"angle":0}],"translate":[{"time":0,"x":0,"y":0}],"scale":[{"time":0,"x":1,"y":1}]},"C1":{"rotate":[{"time":0,"angle":0},{"time":1.6666,"angle":5.85},{"time":3.3333,"angle":0},{"time":5,"angle":5.85},{"time":6.6666,"angle":0}],"translate":[{"time":0,"x":45.15,"y":-29.35}],"scale":[{"time":0,"x":1,"y":1}]},"z3":{"rotate":[{"time":0,"angle":0}],"translate":[{"time":0,"x":0,"y":0}],"scale":[{"time":0,"x":1,"y":1}]},"z2":{"rotate":[{"time":0,"angle":0}],"translate":[{"time":0,"x":0,"y":0}],"scale":[{"time":0,"x":1,"y":1}]},"z1":{"rotate":[{"time":0,"angle":0}],"translate":[{"time":0,"x":0,"y":0}],"scale":[{"time":0,"x":1,"y":1}]},"G":{"rotate":[{"time":0,"angle":0},{"time":6.6666,"angle":-180}],"translate":[{"time":0,"x":0,"y":0}],"scale":[{"time":0,"x":1,"y":1}]},"win":{"translate":[{"time":0,"x":0,"y":0},{"time":1.6666,"x":0,"y":12},{"time":3.3333,"x":0,"y":0},{"time":5,"x":0,"y":12},{"time":6.6666,"x":0,"y":0}]},"xx":{"rotate":[{"time":0,"angle":0}],"translate":[{"time":0,"x":0,"y":84.15}],"scale":[{"time":0,"x":1.85,"y":1.85}]},"xx2":{"rotate":[{"time":0,"angle":0}],"translate":[{"time":0,"x":0,"y":125.21}],"scale":[{"time":0,"x":1.85,"y":1.85}]},"d3":{"rotate":[{"time":0,"angle":0,"curve":"stepped"},{"time":1.5666,"angle":0},{"time":2.6,"angle":-81.28},{"time":5.2333,"angle":0},{"time":6.2666,"angle":-81.28}],"translate":[{"time":0,"x":0,"y":0},{"time":1.5666,"x":31.7,"y":78.97,"curve":"stepped"},{"time":2.6,"x":31.7,"y":78.97},{"time":5.2333,"x":76.47,"y":26.29},{"time":6.2666,"x":122.13,"y":29.8}],"scale":[{"time":0,"x":1,"y":1},{"time":1.5666,"x":0.397,"y":0.397},{"time":1.9333,"x":6.192,"y":6.192},{"time":2.6,"x":0.484,"y":0.484},{"time":5.2333,"x":0.397,"y":0.397},{"time":5.6,"x":6.192,"y":6.192},{"time":6.2666,"x":0.484,"y":0.484}]},"d2":{"rotate":[{"time":0,"angle":0}],"translate":[{"time":0,"x":234.22,"y":131.81}],"scale":[{"time":0,"x":0.397,"y":0.397}]},"d1":{"rotate":[{"time":0,"angle":0}],"translate":[{"time":0,"x":-257.42,"y":155.3}],"scale":[{"time":0,"x":0.397,"y":0.397}]},"ZZ":{"rotate":[{"time":0,"angle":0}],"translate":[{"time":0,"x":0,"y":31.91}],"scale":[{"time":0,"x":1,"y":1}]}}},"win1":{"slots":{"images/0":{"attachment":[{"time":0,"name":null},{"time":0.6,"name":"images/0"}],"color":[{"time":0,"color":"ffffff1a","curve":"stepped"},{"time":0.6,"color":"ffffff1a"},{"time":0.7,"color":"ffffff8f"},{"time":1.2666,"color":"ffffff00"}]},"images/1":{"attachment":[{"time":0,"name":null},{"time":0.5666,"name":"images/0"}],"color":[{"time":0,"color":"ffffff4f","curve":"stepped"},{"time":0.5666,"color":"ffffff4f"},{"time":1.0666,"color":"ffffff00"}]},"images/111":{"attachment":[{"time":0,"name":"images/111"},{"time":1,"name":"images/111"}],"color":[{"time":0,"color":"ffffff00"},{"time":0.2333,"color":"ffffffff"}]},"images/222":{"attachment":[{"time":0,"name":"images/222"},{"time":1,"name":"images/222"}],"color":[{"time":0,"color":"ffffff00"},{"time":0.3666,"color":"ffffffff"}]},"images/G1":{"attachment":[{"time":0,"name":null},{"time":0.6,"name":"images/G1"},{"time":1.6333,"name":"images/G1"}],"color":[{"time":0.6,"color":"ffbc0600"},{"time":1.6333,"color":"ffbc06ff"}]},"images/YM":{"attachment":[{"time":0,"name":null},{"time":0.5666,"name":"images/YM2"}],"color":[{"time":0.5666,"color":"ffffff00"},{"time":0.9333,"color":"ffffffff","curve":"stepped"},{"time":1.3,"color":"ffffffff"},{"time":1.6333,"color":"ffffff00"}]},"images/YM2":{"attachment":[{"time":0,"name":null},{"time":0.6333,"name":"images/YM2"}],"color":[{"time":0,"color":"ffffff00","curve":"stepped"},{"time":0.6333,"color":"ffffff00"},{"time":0.9,"color":"ffffffff","curve":"stepped"},{"time":1.2333,"color":"ffffffff"},{"time":1.6333,"color":"ffffff00"}]},"images/YM3":{"attachment":[{"time":0,"name":null},{"time":0.6666,"name":"images/YM2"}],"color":[{"time":0,"color":"ffffff00","curve":"stepped"},{"time":0.6666,"color":"ffffff00"},{"time":0.9333,"color":"ffffff7a"},{"time":1.6,"color":"ffffff00"}]},"images/YM4":{"attachment":[{"time":0,"name":null},{"time":0.6666,"name":"images/YM2"}],"color":[{"time":0.6666,"color":"ffffff33"},{"time":0.9333,"color":"ffffffff"},{"time":1.6333,"color":"ffffff00"}]},"images/YM5":{"attachment":[{"time":0,"name":null},{"time":0.6666,"name":"images/YM2"},{"time":1.6333,"name":null}],"color":[{"time":0,"color":"ffffff00","curve":"stepped"},{"time":0.6666,"color":"ffffff00"},{"time":0.7666,"color":"ffffffff","curve":"stepped"},{"time":1.3666,"color":"ffffffff"},{"time":1.6333,"color":"ffffff00"}]},"images/cb":{"attachment":[{"time":0,"name":null},{"time":0.6,"name":"images/cb"},{"time":0.7666,"name":"images/cb"},{"time":1.3333,"name":"images/cb"}]},"images/cb2":{"attachment":[{"time":0,"name":null},{"time":0.6,"name":"images/cb"},{"time":1.3333,"name":"images/cb"}]},"images/hg":{"attachment":[{"time":0,"name":null},{"time":0.4666,"name":"images/hg"},{"time":1,"name":"images/hg"}],"color":[{"time":0,"color":"ffffff00","curve":"stepped"},{"time":0.4666,"color":"ffffff00"},{"time":0.7666,"color":"ffffffff"}]},"images/jb":{"attachment":[{"time":0,"name":"images/jb"},{"time":1,"name":"images/jb"}],"color":[{"time":0,"color":"ffffff2e"},{"time":0.3333,"color":"ffffffff"}]},"images/l":{"attachment":[{"time":0,"name":null},{"time":0.4,"name":"images/l"},{"time":1.6333,"name":"images/l"}],"color":[{"time":0.4,"color":"ffffff32"},{"time":0.5,"color":"ffffffff"}]},"images/w":{"attachment":[{"time":0,"name":null},{"time":0.1666,"name":"images/w"},{"time":1.6333,"name":"images/w"}],"color":[{"time":0,"color":"ffffffff"},{"time":0.1666,"color":"ffffff32"},{"time":0.2666,"color":"ffffffff"}]},"images/y":{"attachment":[{"time":0,"name":null},{"time":0.3,"name":"images/y"},{"time":1.6333,"name":"images/y"}],"color":[{"time":0,"color":"ffffff54"},{"time":0.3,"color":"ffffff32"},{"time":0.4,"color":"ffffffff"}]}},"bones":{"0":{"rotate":[{"time":0,"angle":0,"curve":"stepped"},{"time":0.6,"angle":0,"curve":"stepped"},{"time":1.2666,"angle":0}],"translate":[{"time":0,"x":0,"y":0,"curve":"stepped"},{"time":0.6,"x":0,"y":0,"curve":"stepped"},{"time":1.2666,"x":0,"y":0}],"scale":[{"time":0,"x":1,"y":1,"curve":"stepped"},{"time":0.6,"x":1,"y":1},{"time":0.7,"x":3,"y":3},{"time":1.2666,"x":3.81,"y":3.81}]},"1":{"rotate":[{"time":0,"angle":0,"curve":"stepped"},{"time":1,"angle":0}],"translate":[{"time":0,"x":0,"y":0,"curve":"stepped"},{"time":1,"x":0,"y":0}],"scale":[{"time":0,"x":1.406,"y":1},{"time":0.1666,"x":1.024,"y":1.332},{"time":0.3,"x":1.173,"y":0.898},{"time":0.4,"x":1,"y":1.195},{"time":0.4666,"x":1,"y":1,"curve":"stepped"},{"time":1,"x":1,"y":1}]},"2":{"rotate":[{"time":0,"angle":0,"curve":"stepped"},{"time":0.1666,"angle":0,"curve":"stepped"},{"time":0.3666,"angle":0,"curve":"stepped"},{"time":0.5666,"angle":0,"curve":"stepped"},{"time":1,"angle":0}],"translate":[{"time":0,"x":0,"y":-86.07},{"time":0.1666,"x":0,"y":46.95},{"time":0.3666,"x":0,"y":-12.52},{"time":0.5666,"x":0,"y":0,"curve":"stepped"},{"time":1,"x":0,"y":0}],"scale":[{"time":0,"x":1,"y":1,"curve":"stepped"},{"time":0.1666,"x":1,"y":1,"curve":"stepped"},{"time":0.3666,"x":1,"y":1,"curve":"stepped"},{"time":0.5666,"x":1,"y":1,"curve":"stepped"},{"time":1,"x":1,"y":1}]},"3":{"rotate":[{"time":0,"angle":0,"curve":"stepped"},{"time":0.2,"angle":0,"curve":"stepped"},{"time":0.4333,"angle":0,"curve":"stepped"},{"time":0.5666,"angle":0,"curve":"stepped"},{"time":1,"angle":0}],"translate":[{"time":0,"x":0,"y":0,"curve":"stepped"},{"time":0.2,"x":0,"y":0,"curve":"stepped"},{"time":0.4333,"x":0,"y":0,"curve":"stepped"},{"time":0.5666,"x":0,"y":0,"curve":"stepped"},{"time":1,"x":0,"y":0}],"scale":[{"time":0,"x":0.41,"y":1},{"time":0.2,"x":0.292,"y":1},{"time":0.3333,"x":0.696,"y":0.706},{"time":0.4333,"x":1,"y":1.433},{"time":0.5666,"x":1,"y":1,"curve":"stepped"},{"time":1,"x":1,"y":1}]},"hg":{"rotate":[{"time":0,"angle":0,"curve":"stepped"},{"time":0.4666,"angle":0,"curve":"stepped"},{"time":0.7666,"angle":0,"curve":"stepped"},{"time":1,"angle":0}],"translate":[{"time":0,"x":0,"y":0},{"time":0.4666,"x":0,"y":360.58},{"time":0.7666,"x":0,"y":-18.97},{"time":0.8666,"x":0,"y":17.62},{"time":1,"x":0,"y":0}],"scale":[{"time":0,"x":1,"y":1,"curve":"stepped"},{"time":0.4666,"x":1,"y":1,"curve":"stepped"},{"time":0.7666,"x":1,"y":1,"curve":"stepped"},{"time":1,"x":1,"y":1}]},"z3":{"rotate":[{"time":0,"angle":0,"curve":"stepped"},{"time":0.4,"angle":0,"curve":"stepped"},{"time":0.5,"angle":0,"curve":"stepped"},{"time":0.5666,"angle":0,"curve":"stepped"},{"time":0.6666,"angle":0,"curve":"stepped"},{"time":1.6333,"angle":0}],"translate":[{"time":0,"x":0,"y":0,"curve":"stepped"},{"time":1.6333,"x":0,"y":0}],"scale":[{"time":0,"x":1,"y":1},{"time":0.4,"x":3.711,"y":3.711},{"time":0.5,"x":0.794,"y":0.794},{"time":0.5666,"x":1.121,"y":1.121},{"time":0.6666,"x":1,"y":1,"curve":"stepped"},{"time":1.6333,"x":1,"y":1}]},"z2":{"rotate":[{"time":0,"angle":0,"curve":"stepped"},{"time":0.3,"angle":0,"curve":"stepped"},{"time":0.4,"angle":0,"curve":"stepped"},{"time":0.4666,"angle":0,"curve":"stepped"},{"time":0.5666,"angle":0,"curve":"stepped"},{"time":1.6333,"angle":0}],"translate":[{"time":0,"x":0,"y":0,"curve":"stepped"},{"time":1.6333,"x":0,"y":0}],"scale":[{"time":0,"x":3.711,"y":3.711,"curve":"stepped"},{"time":0.3,"x":3.711,"y":3.711},{"time":0.4,"x":0.794,"y":0.794},{"time":0.4666,"x":1.121,"y":1.121},{"time":0.5666,"x":1,"y":1,"curve":"stepped"},{"time":1.6333,"x":1,"y":1}]},"z1":{"rotate":[{"time":0,"angle":0,"curve":"stepped"},{"time":0.1666,"angle":0,"curve":"stepped"},{"time":0.2666,"angle":0,"curve":"stepped"},{"time":0.3333,"angle":0,"curve":"stepped"},{"time":0.4333,"angle":0,"curve":"stepped"},{"time":1.6333,"angle":0}],"translate":[{"time":0,"x":0,"y":0,"curve":"stepped"},{"time":1.6333,"x":0,"y":0}],"scale":[{"time":0,"x":1,"y":1},{"time":0.1666,"x":3.711,"y":3.711},{"time":0.2666,"x":0.794,"y":0.794},{"time":0.3333,"x":1.121,"y":1.121},{"time":0.4333,"x":1,"y":1,"curve":"stepped"},{"time":1.6333,"x":1,"y":1}]},"ZI":{"rotate":[{"time":0,"angle":0,"curve":"stepped"},{"time":1,"angle":0}],"translate":[{"time":0,"x":0,"y":0,"curve":"stepped"},{"time":1,"x":0,"y":0}],"scale":[{"time":0,"x":1,"y":1,"curve":"stepped"},{"time":1,"x":1,"y":1}]},"G":{"rotate":[{"time":0,"angle":24.85},{"time":1.6333,"angle":0}],"translate":[{"time":0,"x":0,"y":0,"curve":"stepped"},{"time":0.6,"x":0,"y":0,"curve":"stepped"},{"time":1.6333,"x":0,"y":0}],"scale":[{"time":0,"x":1,"y":1},{"time":0.6,"x":0.767,"y":0.767},{"time":1.6333,"x":1,"y":1}]},"C2":{"rotate":[{"time":0,"angle":0},{"time":0.6,"angle":-64.72},{"time":0.7666,"angle":16.36},{"time":1.3333,"angle":0}],"translate":[{"time":0,"x":0,"y":0},{"time":0.1333,"x":-8.72,"y":10.82},{"time":0.6,"x":-52.12,"y":22.93},{"time":0.7666,"x":0,"y":0,"curve":"stepped"},{"time":1.3333,"x":0,"y":0}],"scale":[{"time":0,"x":1,"y":1,"curve":"stepped"},{"time":0.6,"x":1,"y":1,"curve":"stepped"},{"time":0.7666,"x":1,"y":1,"curve":"stepped"},{"time":1.3333,"x":1,"y":1}]},"C1":{"rotate":[{"time":0,"angle":0},{"time":0.6,"angle":75.28},{"time":0.7666,"angle":-11.66},{"time":1.3333,"angle":0}],"translate":[{"time":0,"x":45.15,"y":-29.35,"curve":"stepped"},{"time":1.3333,"x":45.15,"y":-29.35}],"scale":[{"time":0,"x":1,"y":1},{"time":0.6,"x":0.631,"y":1},{"time":0.7666,"x":1,"y":1,"curve":"stepped"},{"time":1.3333,"x":1,"y":1}]},"Cb":{"rotate":[{"time":0,"angle":0,"curve":"stepped"},{"time":1,"angle":0}],"translate":[{"time":0,"x":0,"y":0,"curve":"stepped"},{"time":1,"x":0,"y":0}],"scale":[{"time":0,"x":1,"y":1,"curve":"stepped"},{"time":1,"x":1,"y":1}]},"00":{"rotate":[{"time":0,"angle":0,"curve":"stepped"},{"time":0.5666,"angle":0}],"translate":[{"time":0,"x":0,"y":0,"curve":"stepped"},{"time":0.5666,"x":0,"y":0}],"scale":[{"time":0,"x":1,"y":1},{"time":0.5666,"x":6.407,"y":6.407},{"time":1.0666,"x":1,"y":1}]},"y1":{"rotate":[{"time":0,"angle":0},{"time":1.6333,"angle":158.5}],"translate":[{"time":0,"x":0,"y":0},{"time":0.5666,"x":-174.44,"y":50.96},{"time":1.6333,"x":-269.89,"y":-96.69}],"scale":[{"time":0,"x":1,"y":1}]},"y2":{"rotate":[{"time":0,"angle":0,"curve":"stepped"},{"time":0.6333,"angle":0},{"time":1.6333,"angle":-28.37}],"translate":[{"time":0,"x":0,"y":0},{"time":0.6333,"x":-132.04,"y":103.15},{"time":0.9,"x":-154.91,"y":186.46},{"time":1.6333,"x":-160.92,"y":208.38}],"scale":[{"time":0,"x":1,"y":1},{"time":0.6333,"x":0.685,"y":0.685}]},"y3":{"rotate":[{"time":0,"angle":0,"curve":"stepped"},{"time":0.6666,"angle":0},{"time":1.6,"angle":-126.5}],"translate":[{"time":0,"x":0,"y":0},{"time":0.6666,"x":-170.31,"y":10.21},{"time":0.9,"x":-254.33,"y":-85.15},{"time":1.6,"x":-296.34,"y":-132.84}],"scale":[{"time":0,"x":1,"y":1},{"time":0.6666,"x":0.811,"y":0.811,"curve":"stepped"},{"time":1.6,"x":0.811,"y":0.811}]},"y4":{"rotate":[{"time":0,"angle":0},{"time":0.6666,"angle":-177.92,"curve":"stepped"},{"time":1.6333,"angle":-177.92}],"translate":[{"time":0,"x":0,"y":0},{"time":0.6666,"x":146.85,"y":72.44},{"time":0.9,"x":313,"y":157.85},{"time":1.6333,"x":356.35,"y":180.13}],"scale":[{"time":0,"x":1,"y":1,"curve":"stepped"},{"time":0.6666,"x":1,"y":1,"curve":"stepped"},{"time":0.9,"x":1,"y":1}]},"y5":{"rotate":[{"time":0,"angle":0},{"time":0.6666,"angle":-103.22},{"time":1.6333,"angle":-88.76}],"translate":[{"time":0,"x":0,"y":0},{"time":0.6666,"x":262.42,"y":-14.34},{"time":0.8333,"x":271.21,"y":-8.1},{"time":1.6333,"x":304.98,"y":-5.73}],"scale":[{"time":0,"x":1,"y":1},{"time":0.6666,"x":0.578,"y":0.578}]}}},"win2":{"slots":{"images/0":{"attachment":[{"time":0,"name":null},{"time":1.3333,"name":"images/0"},{"time":3,"name":null},{"time":4.3333,"name":"images/0"},{"time":6,"name":null}],"color":[{"time":0,"color":"ffffff00","curve":"stepped"},{"time":1.3333,"color":"ffffff00"},{"time":1.9333,"color":"ffffff85"},{"time":2.1,"color":"ffffff3a"},{"time":3,"color":"ffffff00","curve":"stepped"},{"time":4.3333,"color":"ffffff00"},{"time":4.9333,"color":"ffffff85"},{"time":5.1,"color":"ffffff3a"},{"time":6,"color":"ffffff00"}]},"images/111":{"attachment":[{"time":0,"name":"images/111"}]},"images/222":{"attachment":[{"time":0,"name":"images/222"}]},"images/G1":{"attachment":[{"time":0,"name":"images/G1"}],"color":[{"time":0,"color":"ffbc06ff"},{"time":1.6666,"color":"ffbc06cc"},{"time":3.3333,"color":"ffbc06ff"},{"time":5,"color":"ffbc06cc"},{"time":6.6666,"color":"ffbc06ff"}]},"images/cb":{"attachment":[{"time":0,"name":"images/cb"}]},"images/cb2":{"attachment":[{"time":0,"name":"images/cb"}]},"images/hg":{"attachment":[{"time":0,"name":"images/hg"},{"time":3.3333,"name":"images/hg"},{"time":6.6666,"name":"images/hg"}]},"images/jb":{"attachment":[{"time":0,"name":"images/jb"}]},"images/l":{"attachment":[{"time":0,"name":"images/l"},{"time":1.7,"name":"images/l"},{"time":4.4333,"name":"images/l"}]},"images/w":{"attachment":[{"time":0,"name":"images/w"},{"time":1,"name":"images/w"},{"time":1.6,"name":"images/w"},{"time":3.7333,"name":"images/w"},{"time":4.3333,"name":"images/w"}]},"images/x1":{"attachment":[{"time":0,"name":"images/x1"},{"time":1.0333,"name":null},{"time":1.5333,"name":"images/x1"},{"time":2.5666,"name":null},{"time":3.1,"name":"images/x1"},{"time":4.4666,"name":"images/x1"}],"color":[{"time":0,"color":"ffffff00"},{"time":0.3,"color":"ffffffff","curve":"stepped"},{"time":0.4666,"color":"ffffffff"},{"time":1.0333,"color":"ffffff00","curve":"stepped"},{"time":1.5333,"color":"ffffff00"},{"time":1.8333,"color":"ffffffff","curve":"stepped"},{"time":2,"color":"ffffffff"},{"time":2.5666,"color":"ffffff00","curve":"stepped"},{"time":3.1,"color":"ffffff00"},{"time":3.4,"color":"ffffffff","curve":"stepped"},{"time":3.5666,"color":"ffffffff"},{"time":4.1333,"color":"ffffff00","curve":"stepped"},{"time":4.4666,"color":"ffffff00"},{"time":4.7666,"color":"ffffffff","curve":"stepped"},{"time":4.9333,"color":"ffffffff"},{"time":5.5,"color":"ffffff00"}]},"images/x2":{"attachment":[{"time":0,"name":null},{"time":0.2333,"name":"images/x1"},{"time":1.2666,"name":null},{"time":2.5333,"name":"images/x1"},{"time":3.5666,"name":null},{"time":5.5,"name":null},{"time":6.5333,"name":null}],"color":[{"time":0,"color":"ffffff00","curve":"stepped"},{"time":0.2333,"color":"ffffff00"},{"time":0.5333,"color":"ffffffff","curve":"stepped"},{"time":0.7,"color":"ffffffff"},{"time":1.2666,"color":"ffffff00","curve":"stepped"},{"time":2.5333,"color":"ffffff00"},{"time":2.8333,"color":"ffffffff","curve":"stepped"},{"time":3,"color":"ffffffff"},{"time":3.5666,"color":"ffffff00","curve":"stepped"},{"time":5.5,"color":"ffffff00"},{"time":5.8,"color":"ffffffff","curve":"stepped"},{"time":5.9666,"color":"ffffffff"},{"time":6.5333,"color":"ffffff00"}]},"images/x3":{"attachment":[{"time":0,"name":null},{"time":1.5666,"name":"images/x1"},{"time":2.6,"name":null},{"time":5.2333,"name":"images/x1"},{"time":6.2666,"name":null}],"color":[{"time":1.5666,"color":"ffffff00"},{"time":1.8666,"color":"ffffffff","curve":"stepped"},{"time":2.0333,"color":"ffffffff"},{"time":2.6,"color":"ffffff00","curve":"stepped"},{"time":5.2333,"color":"ffffff00"},{"time":5.5333,"color":"ffffffff","curve":"stepped"},{"time":5.7,"color":"ffffffff"},{"time":6.2666,"color":"ffffff00"}]},"images/xx":{"attachment":[{"time":0,"name":"images/xx"}],"color":[{"time":0,"color":"ffe19000"},{"time":0.7666,"color":"ffe190ff","curve":"stepped"},{"time":5.6666,"color":"ffe190ff"},{"time":6.6666,"color":"ffe19000"}]},"images/xx2":{"attachment":[{"time":0,"name":"images/xx"},{"time":3.2,"name":"images/xx"},{"time":3.2333,"name":"images/xx"},{"time":6.6666,"name":"images/xx"}],"color":[{"time":0,"color":"ffe190ff","curve":"stepped"},{"time":2.2,"color":"ffe190ff"},{"time":3.2,"color":"ffe19000","curve":"stepped"},{"time":3.2333,"color":"ffe19000"},{"time":4,"color":"ffe190ff","curve":"stepped"},{"time":6.6666,"color":"ffe190ff"}]},"images/y":{"attachment":[{"time":0,"name":"images/y"}]}},"bones":{"0":{"rotate":[{"time":0,"angle":0,"curve":"stepped"},{"time":1.3333,"angle":0,"curve":"stepped"},{"time":4.3333,"angle":0}],"translate":[{"time":0,"x":0,"y":0,"curve":"stepped"},{"time":1.3333,"x":0,"y":0,"curve":"stepped"},{"time":4.3333,"x":0,"y":0}],"scale":[{"time":0,"x":1,"y":1,"curve":"stepped"},{"time":1.3333,"x":1,"y":1},{"time":3,"x":6.22,"y":6.22},{"time":4.3333,"x":1,"y":1},{"time":6,"x":6.22,"y":6.22}]},"1":{"rotate":[{"time":0,"angle":0}],"translate":[{"time":0,"x":0,"y":0}],"scale":[{"time":0,"x":1,"y":1}]},"2":{"rotate":[{"time":0,"angle":0}],"translate":[{"time":0,"x":0,"y":0}],"scale":[{"time":0,"x":1,"y":1}]},"3":{"rotate":[{"time":0,"angle":0}],"translate":[{"time":0,"x":0,"y":0}],"scale":[{"time":0,"x":1,"y":1}]},"hg":{"rotate":[{"time":0,"angle":0,"curve":"stepped"},{"time":3.3333,"angle":0,"curve":"stepped"},{"time":6.6666,"angle":0}],"translate":[{"time":0,"x":0,"y":0},{"time":1.6666,"x":0,"y":23.04},{"time":3.3333,"x":0,"y":0},{"time":5,"x":0,"y":23.04},{"time":6.6666,"x":0,"y":0}],"scale":[{"time":0,"x":1,"y":1,"curve":"stepped"},{"time":3.3333,"x":1,"y":1,"curve":"stepped"},{"time":6.6666,"x":1,"y":1}]},"ZI":{"rotate":[{"time":0,"angle":0}],"translate":[{"time":0,"x":0,"y":0}],"scale":[{"time":0,"x":1,"y":1}]},"Cb":{"rotate":[{"time":0,"angle":0}],"translate":[{"time":0,"x":0,"y":0}],"scale":[{"time":0,"x":1,"y":1}]},"C2":{"rotate":[{"time":0,"angle":0},{"time":1.6666,"angle":-5.85},{"time":3.3333,"angle":0},{"time":5,"angle":-5.85},{"time":6.6666,"angle":0}],"translate":[{"time":0,"x":0,"y":0}],"scale":[{"time":0,"x":1,"y":1}]},"C1":{"rotate":[{"time":0,"angle":0},{"time":1.6666,"angle":5.85},{"time":3.3333,"angle":0},{"time":5,"angle":5.85},{"time":6.6666,"angle":0}],"translate":[{"time":0,"x":45.15,"y":-29.35}],"scale":[{"time":0,"x":1,"y":1}]},"z3":{"rotate":[{"time":0,"angle":0,"curve":"stepped"},{"time":1.7,"angle":0,"curve":"stepped"},{"time":4.4333,"angle":0}],"translate":[{"time":0,"x":0,"y":0,"curve":"stepped"},{"time":1.7,"x":0,"y":0,"curve":"stepped"},{"time":4.4333,"x":0,"y":0}],"scale":[{"time":0,"x":1,"y":1,"curve":"stepped"},{"time":1.7,"x":1,"y":1},{"time":1.9,"x":0.939,"y":0.939},{"time":2.0666,"x":1.213,"y":1.213},{"time":2.3,"x":1,"y":1,"curve":"stepped"},{"time":4.4333,"x":1,"y":1},{"time":4.6333,"x":0.939,"y":0.939},{"time":4.8,"x":1.213,"y":1.213},{"time":5.0333,"x":1,"y":1}]},"z2":{"rotate":[{"time":0,"angle":0,"curve":"stepped"},{"time":1.4,"angle":0,"curve":"stepped"},{"time":4.1333,"angle":0}],"translate":[{"time":0,"x":0,"y":0,"curve":"stepped"},{"time":1.4,"x":0,"y":0,"curve":"stepped"},{"time":4.1333,"x":0,"y":0}],"scale":[{"time":0,"x":1,"y":1,"curve":"stepped"},{"time":1.4,"x":1,"y":1},{"time":1.6,"x":0.939,"y":0.939},{"time":1.7666,"x":1.213,"y":1.213},{"time":2,"x":1,"y":1,"curve":"stepped"},{"time":4.1333,"x":1,"y":1},{"time":4.3333,"x":0.939,"y":0.939},{"time":4.5,"x":1.213,"y":1.213},{"time":4.7333,"x":1,"y":1}]},"z1":{"rotate":[{"time":0,"angle":0,"curve":"stepped"},{"time":1,"angle":0,"curve":"stepped"},{"time":1.6,"angle":0,"curve":"stepped"},{"time":3.7333,"angle":0,"curve":"stepped"},{"time":4.3333,"angle":0}],"translate":[{"time":0,"x":0,"y":0,"curve":"stepped"},{"time":1,"x":0,"y":0,"curve":"stepped"},{"time":1.6,"x":0,"y":0,"curve":"stepped"},{"time":3.7333,"x":0,"y":0,"curve":"stepped"},{"time":4.3333,"x":0,"y":0}],"scale":[{"time":0,"x":1,"y":1,"curve":"stepped"},{"time":1,"x":1,"y":1},{"time":1.2,"x":0.939,"y":0.939},{"time":1.3666,"x":1.213,"y":1.213},{"time":1.6,"x":1,"y":1,"curve":"stepped"},{"time":3.7333,"x":1,"y":1},{"time":3.9333,"x":0.939,"y":0.939},{"time":4.1,"x":1.213,"y":1.213},{"time":4.3333,"x":1,"y":1}]},"G":{"rotate":[{"time":0,"angle":0},{"time":6.6666,"angle":-180}],"translate":[{"time":0,"x":0,"y":0}],"scale":[{"time":0,"x":1,"y":1}]},"win":{"translate":[{"time":0,"x":0,"y":0},{"time":1.6666,"x":0,"y":12},{"time":3.3333,"x":0,"y":0},{"time":5,"x":0,"y":12},{"time":6.6666,"x":0,"y":0}]},"xx":{"rotate":[{"time":0,"angle":0}],"translate":[{"time":0,"x":0,"y":84.15},{"time":6.6666,"x":0,"y":163.11}],"scale":[{"time":0,"x":1.85,"y":1.85}]},"xx2":{"rotate":[{"time":0,"angle":0,"curve":"stepped"},{"time":3.2333,"angle":0,"curve":"stepped"},{"time":6.6666,"angle":0}],"translate":[{"time":0,"x":0,"y":125.21},{"time":3.2,"x":0,"y":163.11},{"time":3.2333,"x":0,"y":84.15},{"time":6.6666,"x":0,"y":124.82}],"scale":[{"time":0,"x":1.85,"y":1.85,"curve":"stepped"},{"time":3.2333,"x":1.85,"y":1.85,"curve":"stepped"},{"time":6.6666,"x":1.85,"y":1.85}]},"d3":{"rotate":[{"time":0,"angle":0,"curve":"stepped"},{"time":1.5666,"angle":0},{"time":2.6,"angle":-81.28},{"time":5.2333,"angle":0},{"time":6.2666,"angle":-81.28}],"translate":[{"time":0,"x":0,"y":0},{"time":1.5666,"x":31.7,"y":78.97,"curve":"stepped"},{"time":2.6,"x":31.7,"y":78.97},{"time":5.2333,"x":76.47,"y":26.29},{"time":6.2666,"x":122.13,"y":29.8}],"scale":[{"time":0,"x":1,"y":1},{"time":1.5666,"x":0.397,"y":0.397},{"time":1.9333,"x":6.192,"y":6.192},{"time":2.6,"x":0.484,"y":0.484},{"time":5.2333,"x":0.397,"y":0.397},{"time":5.6,"x":6.192,"y":6.192},{"time":6.2666,"x":0.484,"y":0.484}]},"d2":{"rotate":[{"time":0,"angle":0,"curve":"stepped"},{"time":0.2333,"angle":0},{"time":1.2666,"angle":-81.28},{"time":2.5333,"angle":0},{"time":3.5666,"angle":-81.28},{"time":5.5,"angle":0},{"time":6.5333,"angle":-81.28}],"translate":[{"time":0,"x":234.22,"y":131.81,"curve":"stepped"},{"time":0.2333,"x":234.22,"y":131.81,"curve":"stepped"},{"time":1.2666,"x":234.22,"y":131.81},{"time":2.5333,"x":-232.79,"y":69.77,"curve":"stepped"},{"time":3.5666,"x":-232.79,"y":69.77},{"time":5.5,"x":31.7,"y":78.97,"curve":"stepped"},{"time":6.5333,"x":31.7,"y":78.97}],"scale":[{"time":0,"x":0.397,"y":0.397,"curve":"stepped"},{"time":0.2333,"x":0.397,"y":0.397},{"time":0.6,"x":3.942,"y":3.942},{"time":1.2666,"x":0.484,"y":0.484},{"time":2.5333,"x":0.397,"y":0.397},{"time":2.9,"x":1.01,"y":1.01},{"time":3.5666,"x":0.484,"y":0.484},{"time":5.5,"x":0.397,"y":0.397},{"time":5.8666,"x":6.192,"y":6.192},{"time":6.5333,"x":0.484,"y":0.484}]},"d1":{"rotate":[{"time":0,"angle":0},{"time":1.0333,"angle":-81.28},{"time":1.5333,"angle":0},{"time":2.5666,"angle":-81.28},{"time":3.1,"angle":0},{"time":4.1333,"angle":-81.28},{"time":4.4666,"angle":0},{"time":5.5,"angle":-81.28}],"translate":[{"time":0,"x":-257.42,"y":155.3,"curve":"stepped"},{"time":1.0333,"x":-257.42,"y":155.3},{"time":1.5333,"x":-90.16,"y":-23.79,"curve":"stepped"},{"time":2.5666,"x":-90.16,"y":-23.79},{"time":3.1,"x":-13.46,"y":144.16},{"time":4.1333,"x":1.01,"y":152.43},{"time":4.4666,"x":-0.34,"y":-100.18,"curve":"stepped"},{"time":5.5,"x":-0.34,"y":-100.18}],"scale":[{"time":0,"x":0.397,"y":0.397},{"time":0.3666,"x":1.539,"y":1.539},{"time":1.0333,"x":0.484,"y":0.484},{"time":1.5333,"x":0.397,"y":0.397},{"time":1.9,"x":1.384,"y":1.384},{"time":2.5666,"x":0.484,"y":0.484},{"time":3.1,"x":0.397,"y":0.397},{"time":3.4666,"x":3.218,"y":3.218},{"time":4.1333,"x":0.484,"y":0.484},{"time":4.4666,"x":0.397,"y":0.397},{"time":4.8333,"x":1.282,"y":1.282},{"time":5.5,"x":0.484,"y":0.484}]}}}}},"_atlasText":"\nwin.png\nsize: 879,771\nformat: RGBA8888\nfilter: Linear,Linear\nrepeat: none\nimages/0\n  rotate: false\n  xy: 2, 2\n  size: 194, 194\n  orig: 194, 194\n  offset: 0, 0\n  index: -1\nimages/11\n  rotate: false\n  xy: 361, 623\n  size: 427, 146\n  orig: 427, 146\n  offset: 0, 0\n  index: -1\nimages/111\n  rotate: false\n  xy: 361, 475\n  size: 427, 146\n  orig: 427, 146\n  offset: 0, 0\n  index: -1\nimages/22\n  rotate: true\n  xy: 790, 476\n  size: 293, 81\n  orig: 293, 81\n  offset: 0, 0\n  index: -1\nimages/222\n  rotate: false\n  xy: 369, 163\n  size: 293, 81\n  orig: 293, 81\n  offset: 0, 0\n  index: -1\nimages/G1\n  rotate: false\n  xy: 361, 246\n  size: 227, 227\n  orig: 227, 227\n  offset: 0, 0\n  index: -1\nimages/YM\n  rotate: true\n  xy: 590, 250\n  size: 52, 59\n  orig: 52, 59\n  offset: 0, 0\n  index: -1\nimages/YM2\n  rotate: false\n  xy: 721, 43\n  size: 52, 59\n  orig: 52, 59\n  offset: 0, 0\n  index: -1\nimages/cb\n  rotate: false\n  xy: 590, 304\n  size: 190, 169\n  orig: 190, 169\n  offset: 0, 0\n  index: -1\nimages/cb2\n  rotate: true\n  xy: 198, 6\n  size: 190, 169\n  orig: 190, 169\n  offset: 0, 0\n  index: -1\nimages/hg\n  rotate: true\n  xy: 790, 161\n  size: 142, 87\n  orig: 142, 87\n  offset: 0, 0\n  index: -1\nimages/hg2\n  rotate: true\n  xy: 630, 18\n  size: 143, 89\n  orig: 143, 89\n  offset: 0, 0\n  index: -1\nimages/jb\n  rotate: false\n  xy: 2, 548\n  size: 357, 221\n  orig: 357, 221\n  offset: 0, 0\n  index: -1\nimages/jb2\n  rotate: false\n  xy: 2, 325\n  size: 357, 221\n  orig: 357, 221\n  offset: 0, 0\n  index: -1\nimages/l\n  rotate: false\n  xy: 369, 34\n  size: 129, 127\n  orig: 129, 127\n  offset: 0, 0\n  index: -1\nimages/shu\n  rotate: false\n  xy: 2, 198\n  size: 339, 125\n  orig: 339, 125\n  offset: 0, 0\n  index: -1\nimages/w\n  rotate: false\n  xy: 664, 178\n  size: 124, 124\n  orig: 124, 124\n  offset: 0, 0\n  index: -1\nimages/x1\n  rotate: true\n  xy: 721, 104\n  size: 72, 67\n  orig: 72, 67\n  offset: 0, 0\n  index: -1\nimages/xx\n  rotate: true\n  xy: 782, 305\n  size: 168, 57\n  orig: 168, 57\n  offset: 0, 0\n  index: -1\nimages/y\n  rotate: false\n  xy: 500, 33\n  size: 128, 128\n  orig: 128, 128\n  offset: 0, 0\n  index: -1\n","textures":[{"__uuid__":"68E3Osrv5J1Jrc8S+O3V+g"}],"textureNames":["win.png"]}