[{"__type__":"cc.Prefab","_name":"DMZRoundEnd","data":{"__id__":1}},{"__type__":"cc.Node","_name":"DMZRoundEnd","_children":[{"__id__":2},{"__id__":3},{"__id__":4},{"__id__":5},{"__id__":6}],"_components":[{"__type__":"cc.Widget","node":{"__id__":1},"_alignFlags":45}],"_prefab":{"__type__":"cc.PrefabInfo","root":{"__id__":1},"asset":{"__id__":0},"fileId":"e8wqXpZk9GeYxkJSmOtfpT"},"_contentSize":{"__type__":"cc.Size","width":1280,"height":800},"_trs":{"__type__":"TypedArray","ctor":"Float64Array","array":[0,0,0,0,0,0,1,1,1,1]},"_groupIndex":1,"groupIndex":1},{"__type__":"cc.Node","_name":"MaskSprite","_parent":{"__id__":1},"_components":[{"__type__":"cc.Sprite","node":{"__id__":2},"_materials":[{"__uuid__":"ecpdLyjvZBwrvm+cedCcQy"}],"_spriteFrame":{"__uuid__":"a2MjXRFdtLlYQ5ouAFv/+R"},"_sizeMode":0},{"__type__":"11b718w37hPSJCKcE/Qq3AF","node":{"__id__":2}},{"__type__":"cc.Widget","node":{"__id__":2},"_alignFlags":45,"_originalWidth":1920,"_originalHeight":960}],"_prefab":{"__type__":"cc.PrefabInfo","root":{"__id__":1},"asset":{"__id__":0},"fileId":"81Ftu1M0BAIKZRwn8sVz1k"},"_opacity":120,"_color":{"__type__":"cc.Color"},"_contentSize":{"__type__":"cc.Size","width":1280,"height":800},"_trs":{"__type__":"TypedArray","ctor":"Float64Array","array":[0,0,0,0,0,0,1,1,1,1]},"_groupIndex":2,"groupIndex":2},{"__type__":"cc.Node","_name":"NodeArea","_parent":{"__id__":1},"_components":[{"__type__":"cc.Widget","node":{"__id__":3},"_alignFlags":45,"_originalWidth":735,"_originalHeight":428}],"_prefab":{"__type__":"cc.PrefabInfo","root":{"__id__":1},"asset":{"__id__":0},"fileId":"3cP8aY9XhIw6cfzlUCHd45"},"_contentSize":{"__type__":"cc.Size","width":1280,"height":800},"_trs":{"__type__":"TypedArray","ctor":"Float64Array","array":[0,0,0,0,0,0,1,1,1,1]}},{"__type__":"cc.Node","_name":"quanpin","_parent":{"__id__":1},"_components":[{"__type__":"cc.ParticleSystem","node":{"__id__":4},"_materials":[{"__uuid__":"ecpdLyjvZBwrvm+cedCcQy"}],"_dstBlendFactor":1,"_file":{"__uuid__":"bfHSWz9JJIxqcw6GqEdbkm"},"_spriteFrame":{"__uuid__":"ccW8slwJ5Bz4AC74MPvsiW"},"totalParticles":80,"emissionRate":399.9999940395357,"life":0.2000000029802322,"lifeVar":0.2999999821186066,"_startColor":{"__type__":"cc.Color","r":255,"g":255,"b":255},"_startColorVar":{"__type__":"cc.Color","r":255,"g":255,"b":255,"a":0},"_endColor":{"__type__":"cc.Color","r":255,"g":255,"b":255},"_endColorVar":{"__type__":"cc.Color","r":255,"g":255,"b":255,"a":0},"angle":90.22203826904297,"angleVar":0,"startSize":10,"startSizeVar":31.44736862182617,"endSizeVar":14.60526275634766,"posVar":{"__type__":"cc.Vec2","x":1083.765625,"y":670.5},"_positionType":1,"positionType":1,"speed":0,"speedVar":0,"tangentialAccel":0,"radialAccelVar":25.18503379821777}],"_prefab":{"__type__":"cc.PrefabInfo","root":{"__id__":1},"asset":{"__id__":0},"fileId":"7f/zbWn8pLSb4wRAlYAJU/"},"_trs":{"__type__":"TypedArray","ctor":"Float64Array","array":[0,0,0,0,0,0,1,1,1,1]},"_groupIndex":2,"groupIndex":2},{"__type__":"cc.Node","_name":"spine","_parent":{"__id__":1},"_components":[{"__type__":"sp.Skeleton","node":{"__id__":5},"_materials":[{"__uuid__":"7a/QZLET9IDreTiBfRn2PD"}],"defaultSkin":"default","_preCacheMode":0,"loop":false,"premultipliedAlpha":false,"_animationName":"win2","_playTimes":1,"_N$skeletonData":{"__uuid__":"6ccUQRVudLP4LCHyr8zrzS"}}],"_prefab":{"__type__":"cc.PrefabInfo","root":{"__id__":1},"asset":{"__id__":0},"fileId":"7fcCpukOpGcrfFGfJ2F1E9"},"_trs":{"__type__":"TypedArray","ctor":"Float64Array","array":[0,0,0,0,0,0,1,1,1,1]},"_groupIndex":2,"groupIndex":2},{"__type__":"cc.Node","_name":"readyBtn","_parent":{"__id__":1},"_active":false,"_components":[{"__type__":"cc.Button","node":{"__id__":6},"duration":0.05,"zoomScale":1.1,"_N$transition":3,"transition":3,"_N$pressedColor":{"__type__":"cc.Color","r":255,"g":255,"b":255},"pressedColor":{"__type__":"cc.Color","r":255,"g":255,"b":255},"_N$disabledColor":{"__type__":"cc.Color","r":255,"g":255,"b":255},"_N$target":{"__id__":6}},{"__type__":"cc.Sprite","_name":"readyBtn<Sprite>","node":{"__id__":6},"_materials":[{"__uuid__":"ecpdLyjvZBwrvm+cedCcQy"}],"_spriteFrame":{"__uuid__":"e4irjrB21FA6YW65G9XetV"},"_isTrimmedMode":false}],"_prefab":{"__type__":"cc.PrefabInfo","root":{"__id__":1},"asset":{"__id__":0},"fileId":"e6b08vOU1If4etkjf6j6KS"},"_contentSize":{"__type__":"cc.Size","width":237,"height":79},"_trs":{"__type__":"TypedArray","ctor":"Float64Array","array":[0,-158.52,0,0,0,0,1,1,1,1]}}]