{"__type__":"cc.AnimationClip","_name":"niao_hc_ani0","_duration":0.5333333333333333,"speed":0.5,"wrapMode":2,"curveData":{"comps":{"cc.Sprite":{"spriteFrame":[{"frame":0,"value":{"__uuid__":"8303eILeVBY4v53fBp3ijG"}},{"frame":0.016666666666666666,"value":{"__uuid__":"d6ldElabVDBL7oPg+52Ngu"}},{"frame":0.03333333333333333,"value":{"__uuid__":"59t8yMJT1Goao7iZ5bNFvN"}},{"frame":0.05,"value":{"__uuid__":"11yNniDZlL47YBvUIc92m+"}},{"frame":0.06666666666666667,"value":{"__uuid__":"85SRZN9z1KFaoC6lBYxdww"}},{"frame":0.08333333333333333,"value":{"__uuid__":"17ignZPExGqoKus25+joj4"}},{"frame":0.1,"value":{"__uuid__":"6cvyMtyjFHVbaHQzdNktMW"}},{"frame":0.11666666666666667,"value":{"__uuid__":"38Vhh1EFBDTZ9yFiZPTl89"}},{"frame":0.13333333333333333,"value":{"__uuid__":"7bmXgQbG1EoYGFFwyI11QW"}},{"frame":0.15,"value":{"__uuid__":"5ewj4rR0tGirLFS/7M5/IU"}},{"frame":0.16666666666666666,"value":{"__uuid__":"3fnjUj8fJNxJcDgpE1bQx9"}},{"frame":0.18333333333333332,"value":{"__uuid__":"518yrVnPdDPZ2K4JiLyYob"}},{"frame":0.2,"value":{"__uuid__":"08i5o2N25GJpwOspEAA9xi"}},{"frame":0.21666666666666667,"value":{"__uuid__":"f3eOCysphHk7e/UIcdJtdn"}},{"frame":0.23333333333333334,"value":{"__uuid__":"7b50n3FhRNO4MWrMcIxf9/"}},{"frame":0.25,"value":{"__uuid__":"78Yp6cxCVEIZypvwwiVlCG"}},{"frame":0.26666666666666666,"value":{"__uuid__":"83RHwPO0xDEaJ0f8i53TVm"}},{"frame":0.2833333333333333,"value":{"__uuid__":"acv1tgtypFgbELVrMjIBFa"}},{"frame":0.3,"value":{"__uuid__":"26XZqhv3xDAKauJ7JvANGf"}},{"frame":0.31666666666666665,"value":{"__uuid__":"49Kd3YevpC858dqGYchJrR"}},{"frame":0.3333333333333333,"value":{"__uuid__":"a2a0qcwTBODLP/e3ahMOUp"}},{"frame":0.35,"value":{"__uuid__":"9fuF7HlxxB2J30A4f91WuA"}},{"frame":0.36666666666666664,"value":{"__uuid__":"48sLasuKhJGbxdyTpDq9Yg"}},{"frame":0.38333333333333336,"value":{"__uuid__":"0870+9BQdKra2eDvj803Pi"}},{"frame":0.4,"value":{"__uuid__":"ccSDBZtApICJpRqH9yj35f"}},{"frame":0.4166666666666667,"value":{"__uuid__":"dajhbjyYxHD6p1M7Mddff0"}},{"frame":0.43333333333333335,"value":{"__uuid__":"fbMm8swIRI7r0EK77UoaS1"}},{"frame":0.45,"value":{"__uuid__":"895r9R/W5FdbjAVt0ImLPQ"}},{"frame":0.4666666666666667,"value":{"__uuid__":"daTisZogROZ6rZsrjUH9lF"}},{"frame":0.48333333333333334,"value":{"__uuid__":"e6vOnqjFVI64ELBPuKcaLa"}},{"frame":0.5,"value":{"__uuid__":"a1DMlAaWNCy5QeR8nSTW/0"}},{"frame":0.5166666666666667,"value":{"__uuid__":"184ApgGg1DwYnzgj1KnABt"}}]}}}}