{"__type__":"cc.SpriteAtlas","_name":"PDKCards.plist","_spriteFrames":{"card_00":{"__uuid__":"7f5DXphztCOob6Q4DZp9Q4"},"card_01":{"__uuid__":"6eyVfCtZFKzpC36bQUhqFp"},"card_02":{"__uuid__":"20ymmS14dOd7gyZTYQ2ho4"},"card_03":{"__uuid__":"31MkGocppGBZbNzQjiDNQT"},"card_04":{"__uuid__":"80ONbECKxLEbjoTYw4i01p"},"card_05":{"__uuid__":"5dxOuJTIBEkJN7+/iigjTd"},"card_06":{"__uuid__":"49G3G+nNtC9IYVm+wFVOoQ"},"card_07":{"__uuid__":"ecn9Pz6ZpMo6sxdN8Fd9cc"},"card_08":{"__uuid__":"90S0dr5rhI0qxy79euMSR2"},"card_09":{"__uuid__":"05ZHplBcBAq7g+IcWioMvs"},"card_0a":{"__uuid__":"17xEs1AiZJKZODGrsvFqQ/"},"card_0b":{"__uuid__":"bcCfHwMpZKzK9aI2ryfr/N"},"card_0c":{"__uuid__":"15YnycF8ZD/bgHgJwYOC2S"},"card_0d":{"__uuid__":"93EUpcNEBMDbhjQVyzF1iO"},"card_11":{"__uuid__":"1fBcS3ysZJ9Jl3KNmjJDSa"},"card_12":{"__uuid__":"fe4KbEeEFMlalooVfrSMnz"},"card_13":{"__uuid__":"ccaVFQI1JBR7aebucFgIy3"},"card_14":{"__uuid__":"afthSKXcNNMZbldYkWaN/D"},"card_15":{"__uuid__":"0aomaxgt1FU6owkQ1FEmYc"},"card_16":{"__uuid__":"6cVSrXI6NFiah70fXgAaB0"},"card_17":{"__uuid__":"5cL52G8mlEyLblbdz/775o"},"card_18":{"__uuid__":"06iXvtiiRMErBWacgf5vA9"},"card_19":{"__uuid__":"c1+PlKqZtGbruDn1xZHe89"},"card_1a":{"__uuid__":"e5CrU4vmxJqZQxnd4xuwWs"},"card_1b":{"__uuid__":"b1ue7xeZNMXZdvoNpzv9DZ"},"card_1c":{"__uuid__":"61RxIQRJVAn4Kr3leO2ieX"},"card_1d":{"__uuid__":"42Q3zEy3tHQrFo7i0wWB+q"},"card_21":{"__uuid__":"01ezSFqXVNYIc6ilpaibNF"},"card_22":{"__uuid__":"46Ldigmz9K4KCr/7Ty5WR8"},"card_23":{"__uuid__":"e6tywlI3hBXalDI+9JcN+L"},"card_24":{"__uuid__":"03GounmaBCQLb8ESm+ee7H"},"card_25":{"__uuid__":"81VtVzh49LcLrkkrODo7yq"},"card_26":{"__uuid__":"6awpH2gClPmY3QOsg5wt8s"},"card_27":{"__uuid__":"8aRrQzFCtFB45C0K15I+mi"},"card_28":{"__uuid__":"210voJG8NJQLk4oCC/sunF"},"card_29":{"__uuid__":"0dQAyaDIxM1ofbEUpj0sCC"},"card_2a":{"__uuid__":"a8xNMM5ZxE3aw7m65APKJM"},"card_2b":{"__uuid__":"13oImlt1lLqLsKF77dkkxE"},"card_2c":{"__uuid__":"ceBmRIVRBCZZc5Nn4CVSS+"},"card_2d":{"__uuid__":"a7I6Atg0dJ14ridwYBzCXo"},"card_31":{"__uuid__":"9faUBAQDNB76yqstv823R2"},"card_32":{"__uuid__":"bblCiVaP5N2bUFE21rgDvw"},"card_33":{"__uuid__":"44307Z0YNN6JRUDvpQT9Fn"},"card_34":{"__uuid__":"8aYQik0gNPFqav+ekrb1RX"},"card_35":{"__uuid__":"e7luPFWF1LaZfLVJn/pt/Z"},"card_36":{"__uuid__":"41mur7xcpKbLNmAsBrABNJ"},"card_37":{"__uuid__":"ceFkLYr9pMj4TmnF91Gq+R"},"card_38":{"__uuid__":"d8794hQldMP6gA9C2Uy+Sr"},"card_39":{"__uuid__":"1afoS36alCNpowE+TOoAT8"},"card_3a":{"__uuid__":"b0t5VfrgRLQaXmyt3LUAvJ"},"card_3b":{"__uuid__":"715rg7bgtJ+rUmsPbsvlHa"},"card_3c":{"__uuid__":"1dCpRHgalJe6wfQhoBS9m6"},"card_3d":{"__uuid__":"40fap1lNJGkYpr2QIJQIjf"},"card_4e":{"__uuid__":"0fsMNLyOJLbadaWB4OmlTA"},"card_4f":{"__uuid__":"e5VevnsbtL3LSffeGNFeAe"},"shadow":{"__uuid__":"d9J4TFBb9INoLoNPiSXl9K"}}}