{"__type__":"cc.SpriteAtlas","_name":"ClubGameType.plist","_spriteFrames":{"biaoqian":{"__uuid__":"7dX8z7rcpADoMKZAncD+GD"},"normal_0_quanbu":{"__uuid__":"a0Sq9wcFdJsJ6yR7CJZE/g"},"normal_100_majiang":{"__uuid__":"8fV3xd0xVAQ4XuIGDwOmPI"},"normal_101_zipai":{"__uuid__":"48IrK9ul5GJqPfSEmTRvVe"},"normal_10_csmj":{"__uuid__":"93tG3a8QpJhIZT0j08UfBU"},"normal_11_pdk":{"__uuid__":"bbuNTsgR1EKpnC+UeqHWIE"},"normal_3_niuniu":{"__uuid__":"2d8/P9tCpLobinycYkvmkI"},"normal_4_pinsanzhang":{"__uuid__":"7fySygkIpIg7Fpa6DcSRal"},"normal_4_zhajinhua":{"__uuid__":"9aJHKrIhlJiqNz51UpvZJQ"},"normal_5_sangong":{"__uuid__":"d8910MbcFP04ry5yUA8qw3"},"normal_6_sangongbijinhua":{"__uuid__":"8d/fgWeyZPxqSTUjCV7wPu"},"normal_7_hzmj":{"__uuid__":"a0kSOhGHFH35JM+L0S+m2e"},"normal_8_phz_ph":{"__uuid__":"acgQEjU/hF1Is+qjJix5dO"},"normal_9_zzmj":{"__uuid__":"aa+6A23R1LK7mzAI9BQ67d"},"pressed_0_quanbu":{"__uuid__":"61UnBHxI5AzaG7S8uKG0OZ"},"pressed_100_majiang":{"__uuid__":"c0Zd3ii7NFALy0C/JR4j84"},"pressed_101_zipai":{"__uuid__":"d0DNP9lcFLRbnn63U0zHus"},"pressed_10_csmj":{"__uuid__":"7cwBbU755LTrRtouNMNapB"},"pressed_11_pdk":{"__uuid__":"83nVh130lNxoR/Oc0uJsLr"},"pressed_3_niuniu":{"__uuid__":"94uW9Ka+hKP5nktENm4nmI"},"pressed_4_pinsanzhang":{"__uuid__":"786d3Pir1FMbIn1cA4T2AQ"},"pressed_4_zhajinhua":{"__uuid__":"58M4Ubd8ROSYhbCoxF4xB+"},"pressed_5_sangong":{"__uuid__":"c9/oOipnpHS5ZZ9Zf3ZEau"},"pressed_6_sangongbijinhua":{"__uuid__":"d6h/gBPR9Omr4oEHEyItT+"},"pressed_7_hzmj":{"__uuid__":"20Lxktg0xBfb05X+Uzz/Jh"},"pressed_8_phz_ph":{"__uuid__":"70wPDG5/ZNI5saQpcDhv3W"},"pressed_9_zzmj":{"__uuid__":"1bKi36cpRH+YDyymuRtK8M"}}}