[{"__type__":"cc.Prefab","_name":"DMZBigScore","data":{"__id__":1}},{"__type__":"cc.Node","_name":"DMZBigScore","_children":[{"__id__":2},{"__id__":3},{"__id__":4},{"__id__":5}],"_components":[{"__type__":"cc.Widget","node":{"__id__":1},"_alignFlags":45,"_originalWidth":1280,"_originalHeight":800}],"_prefab":{"__type__":"cc.PrefabInfo","root":{"__id__":1},"asset":{"__uuid__":"99PGMk2WFI3rqeA47O1cfV"},"fileId":"feiexvY1tFoZSYnZw+TD0q"},"_contentSize":{"__type__":"cc.Size","width":1280,"height":800},"_trs":{"__type__":"TypedArray","ctor":"Float64Array","array":[640,400,0,0,0,0,1,1,1,1]},"_groupIndex":1,"groupIndex":1},{"__type__":"cc.Node","_name":"MaskSprite","_parent":{"__id__":1},"_components":[{"__type__":"cc.Sprite","node":{"__id__":2},"_materials":[{"__uuid__":"ecpdLyjvZBwrvm+cedCcQy"}],"_spriteFrame":{"__uuid__":"a2MjXRFdtLlYQ5ouAFv/+R"},"_sizeMode":0},{"__type__":"11b718w37hPSJCKcE/Qq3AF","node":{"__id__":2}},{"__type__":"cc.Widget","node":{"__id__":2},"_alignFlags":45,"_originalWidth":1920,"_originalHeight":960}],"_prefab":{"__type__":"cc.PrefabInfo","root":{"__id__":1},"asset":{"__uuid__":"99PGMk2WFI3rqeA47O1cfV"},"fileId":"27+PNDd1NNII7iC/5OtUtK"},"_opacity":80,"_color":{"__type__":"cc.Color"},"_contentSize":{"__type__":"cc.Size","width":1280,"height":800},"_trs":{"__type__":"TypedArray","ctor":"Float64Array","array":[0,0,0,0,0,0,1,1,1,1]},"_groupIndex":2,"groupIndex":2},{"__type__":"cc.Node","_name":"NodeArea","_parent":{"__id__":1},"_components":[{"__type__":"cc.Widget","node":{"__id__":3},"_alignFlags":45,"_originalWidth":735,"_originalHeight":428}],"_prefab":{"__type__":"cc.PrefabInfo","root":{"__id__":1},"asset":{"__uuid__":"99PGMk2WFI3rqeA47O1cfV"},"fileId":"38jT12G+tJq5OBDX9fJ7Ec"},"_contentSize":{"__type__":"cc.Size","width":1280,"height":800},"_trs":{"__type__":"TypedArray","ctor":"Float64Array","array":[0,0,0,0,0,0,1,1,1,1]}},{"__type__":"cc.Node","_name":"backGround","_parent":{"__id__":1},"_components":[{"__type__":"cc.Sprite","node":{"__id__":4},"_materials":[{"__uuid__":"ecpdLyjvZBwrvm+cedCcQy"}],"_spriteFrame":{"__uuid__":"cbY8SsC9NDG7lpEAkCAvgo"},"_sizeMode":0,"_isTrimmedMode":false},{"__type__":"cc.Widget","node":{"__id__":4},"_alignFlags":45,"_originalWidth":1280,"_originalHeight":800}],"_prefab":{"__type__":"cc.PrefabInfo","root":{"__id__":1},"asset":{"__uuid__":"99PGMk2WFI3rqeA47O1cfV"},"fileId":"d9QkBFcRtNyZW+qghDUtBU"},"_contentSize":{"__type__":"cc.Size","width":1280,"height":800},"_trs":{"__type__":"TypedArray","ctor":"Float64Array","array":[0,0,0,0,0,0,1,1,1,1]}},{"__type__":"cc.Node","_name":"innerNode","_parent":{"__id__":1},"_children":[{"__id__":6},{"__id__":27},{"__id__":48},{"__id__":69},{"__id__":90},{"__id__":91},{"__id__":95},{"__id__":96},{"__id__":98}],"_components":[{"__type__":"cc.Widget","node":{"__id__":5},"_alignFlags":45,"_originalWidth":1280,"_originalHeight":800}],"_prefab":{"__type__":"cc.PrefabInfo","root":{"__id__":1},"asset":{"__uuid__":"99PGMk2WFI3rqeA47O1cfV"},"fileId":"5f8X19iIVFRKD9t1aS0yE6"},"_contentSize":{"__type__":"cc.Size","width":1280,"height":800},"_trs":{"__type__":"TypedArray","ctor":"Float64Array","array":[0,0,0,0,0,0,1,1,1,1]}},{"__type__":"cc.Node","_name":"player1","_parent":{"__id__":5},"_children":[{"__id__":7},{"__id__":8},{"__id__":9},{"__id__":11},{"__id__":12},{"__id__":13},{"__id__":14},{"__id__":15},{"__id__":16},{"__id__":17},{"__id__":18},{"__id__":19},{"__id__":20},{"__id__":21},{"__id__":22},{"__id__":23},{"__id__":24},{"__id__":25},{"__id__":26}],"_prefab":{"__type__":"cc.PrefabInfo","root":{"__id__":1},"asset":{"__uuid__":"99PGMk2WFI3rqeA47O1cfV"},"fileId":"79nINYEf5Db4OFfGqyHbNN"},"_contentSize":{"__type__":"cc.Size","width":260,"height":553},"_trs":{"__type__":"TypedArray","ctor":"Float64Array","array":[-486.384,-0.01999999999998181,0,0,0,0,1,1,1,1]},"_groupIndex":2,"groupIndex":2},{"__type__":"cc.Node","_name":"Image_1","_parent":{"__id__":6},"_components":[{"__type__":"cc.Sprite","node":{"__id__":7},"_materials":[{"__uuid__":"ecpdLyjvZBwrvm+cedCcQy"}],"_spriteFrame":{"__uuid__":"3aT9NMZilPTpbMo0kDVAxF"},"_sizeMode":0,"_isTrimmedMode":false}],"_prefab":{"__type__":"cc.PrefabInfo","root":{"__id__":1},"asset":{"__uuid__":"99PGMk2WFI3rqeA47O1cfV"},"fileId":"cenG8P+RxP5rcES7QK3kQE"},"_contentSize":{"__type__":"cc.Size","width":276,"height":517},"_trs":{"__type__":"TypedArray","ctor":"Float64Array","array":[1.6456000000000017,-22.120000000000005,0,0,0,0,1,1,1,1]}},{"__type__":"cc.Node","_name":"Image_headfb","_parent":{"__id__":6},"_components":[{"__type__":"cc.Sprite","node":{"__id__":8},"_materials":[{"__uuid__":"ecpdLyjvZBwrvm+cedCcQy"}],"_spriteFrame":{"__uuid__":"0eYEPxbntA75/45MSdscBf"},"_sizeMode":0,"_isTrimmedMode":false}],"_prefab":{"__type__":"cc.PrefabInfo","root":{"__id__":1},"asset":{"__uuid__":"99PGMk2WFI3rqeA47O1cfV"},"fileId":"00pQRrkNFG7IsZWvvb8hFo"},"_contentSize":{"__type__":"cc.Size","width":95,"height":95},"_trs":{"__type__":"TypedArray","ctor":"Float64Array","array":[-62,144.5,0,0,0,0,1,1,1,1]}},{"__type__":"cc.Node","_name":"Node_head","_parent":{"__id__":6},"_components":[{"__type__":"62d39gaattGYYLEGtr4O/qu","node":{"__id__":9},"headIcon":{"__id__":10}},{"__id__":10}],"_prefab":{"__type__":"cc.PrefabInfo","root":{"__id__":1},"asset":{"__uuid__":"99PGMk2WFI3rqeA47O1cfV"},"fileId":"72wk4OQIJBErKwcvw1/Yqy"},"_contentSize":{"__type__":"cc.Size","width":90,"height":90},"_trs":{"__type__":"TypedArray","ctor":"Float64Array","array":[-62,144,0,0,0,0,1,1,1,1]}},{"__type__":"cc.Sprite","node":{"__id__":9},"_materials":[{"__uuid__":"ecpdLyjvZBwrvm+cedCcQy"}],"_sizeMode":0,"_isTrimmedMode":false},{"__type__":"cc.Node","_name":"Text_name","_parent":{"__id__":6},"_components":[{"__type__":"cc.Label","node":{"__id__":11},"_materials":[{"__uuid__":"ecpdLyjvZBwrvm+cedCcQy"}],"_string":"玩家名字","_N$string":"玩家名字","_fontSize":26,"_lineHeight":26,"_N$horizontalAlign":1,"_N$verticalAlign":1}],"_prefab":{"__type__":"cc.PrefabInfo","root":{"__id__":1},"asset":{"__uuid__":"99PGMk2WFI3rqeA47O1cfV"},"fileId":"a4E8jSentJZKk4EnVPYM0P"},"_contentSize":{"__type__":"cc.Size","width":104,"height":32.76},"_anchorPoint":{"__type__":"cc.Vec2","y":0.5},"_trs":{"__type__":"TypedArray","ctor":"Float64Array","array":[-8,176.5,0,0,0,0,1,1,1,1]}},{"__type__":"cc.Node","_name":"Text_id","_parent":{"__id__":6},"_components":[{"__type__":"cc.Label","node":{"__id__":12},"_materials":[{"__uuid__":"ecpdLyjvZBwrvm+cedCcQy"}],"_string":"ID:10068","_N$string":"ID:10068","_fontSize":26,"_lineHeight":26,"_N$horizontalAlign":1,"_N$verticalAlign":1}],"_prefab":{"__type__":"cc.PrefabInfo","root":{"__id__":1},"asset":{"__uuid__":"99PGMk2WFI3rqeA47O1cfV"},"fileId":"ccgJqATwNEX7VcQmzqrD2m"},"_contentSize":{"__type__":"cc.Size","width":105.52,"height":32.76},"_anchorPoint":{"__type__":"cc.Vec2","y":0.5},"_trs":{"__type__":"TypedArray","ctor":"Float64Array","array":[-9,145.5,0,0,0,0,1,1,1,1]}},{"__type__":"cc.Node","_name":"Image_result","_parent":{"__id__":6},"_active":false,"_components":[{"__type__":"cc.Sprite","node":{"__id__":13},"_materials":[{"__uuid__":"ecpdLyjvZBwrvm+cedCcQy"}],"_spriteFrame":{"__uuid__":"c4JCvDCdJL+5gEv40hQPpN"}}],"_prefab":{"__type__":"cc.PrefabInfo","root":{"__id__":1},"asset":{"__uuid__":"99PGMk2WFI3rqeA47O1cfV"},"fileId":"c8LvTcyVdBGIk4YEFi2ZS3"},"_contentSize":{"__type__":"cc.Size","width":177,"height":25},"_trs":{"__type__":"TypedArray","ctor":"Float64Array","array":[-0.0002000000000066393,227.5,0,0,0,0,1,1,1,1]}},{"__type__":"cc.Node","_name":"lab_countHuxi_0_1_0","_parent":{"__id__":6},"_active":false,"_components":[{"__type__":"cc.Label","node":{"__id__":14},"_materials":[{"__uuid__":"ecpdLyjvZBwrvm+cedCcQy"}],"_string":"八板次数：","_N$string":"八板次数：","_fontSize":30,"_lineHeight":30,"_N$horizontalAlign":1,"_N$verticalAlign":1}],"_prefab":{"__type__":"cc.PrefabInfo","root":{"__id__":1},"asset":{"__uuid__":"99PGMk2WFI3rqeA47O1cfV"},"fileId":"36POjab8lKQJywyzGFy85X"},"_color":{"__type__":"cc.Color","r":103,"g":86,"b":44},"_contentSize":{"__type__":"cc.Size","width":150,"height":37.8},"_anchorPoint":{"__type__":"cc.Vec2","y":0.5},"_trs":{"__type__":"TypedArray","ctor":"Float64Array","array":[-121.63,-106.5,0,0,0,0,1,1,1,1]}},{"__type__":"cc.Node","_name":"Text_num1","_parent":{"__id__":6},"_components":[{"__type__":"cc.Label","node":{"__id__":15},"_materials":[{"__uuid__":"ecpdLyjvZBwrvm+cedCcQy"}],"_string":"0","_N$string":"0","_fontSize":32,"_lineHeight":32,"_N$horizontalAlign":1,"_N$verticalAlign":1}],"_prefab":{"__type__":"cc.PrefabInfo","root":{"__id__":1},"asset":{"__uuid__":"99PGMk2WFI3rqeA47O1cfV"},"fileId":"82kfxZJ8VElI5yBOZurl2F"},"_color":{"__type__":"cc.Color","r":51,"g":90,"b":137},"_contentSize":{"__type__":"cc.Size","width":17.8,"height":40.32},"_trs":{"__type__":"TypedArray","ctor":"Float64Array","array":[80,44.5,0,0,0,0,1,1,1,1]}},{"__type__":"cc.Node","_name":"Text_num2","_parent":{"__id__":6},"_components":[{"__type__":"cc.Label","node":{"__id__":16},"_materials":[{"__uuid__":"ecpdLyjvZBwrvm+cedCcQy"}],"_string":"0","_N$string":"0","_fontSize":32,"_lineHeight":32,"_N$horizontalAlign":1,"_N$verticalAlign":1}],"_prefab":{"__type__":"cc.PrefabInfo","root":{"__id__":1},"asset":{"__uuid__":"99PGMk2WFI3rqeA47O1cfV"},"fileId":"9dEEqFlWBD+5RWl9YtAK1y"},"_color":{"__type__":"cc.Color","r":51,"g":90,"b":137},"_contentSize":{"__type__":"cc.Size","width":17.8,"height":40.32},"_trs":{"__type__":"TypedArray","ctor":"Float64Array","array":[80,-12.5,0,0,0,0,1,1,1,1]}},{"__type__":"cc.Node","_name":"Text_num3","_parent":{"__id__":6},"_components":[{"__type__":"cc.Label","node":{"__id__":17},"_materials":[{"__uuid__":"ecpdLyjvZBwrvm+cedCcQy"}],"_string":"0","_N$string":"0","_fontSize":32,"_lineHeight":32,"_N$horizontalAlign":1,"_N$verticalAlign":1}],"_prefab":{"__type__":"cc.PrefabInfo","root":{"__id__":1},"asset":{"__uuid__":"99PGMk2WFI3rqeA47O1cfV"},"fileId":"86/NJKRylAeY5wX+Ndy7K/"},"_color":{"__type__":"cc.Color","r":51,"g":90,"b":137},"_contentSize":{"__type__":"cc.Size","width":17.8,"height":40.32},"_trs":{"__type__":"TypedArray","ctor":"Float64Array","array":[80,-68.5,0,0,0,0,1,1,1,1]}},{"__type__":"cc.Node","_name":"Text_num4","_parent":{"__id__":6},"_components":[{"__type__":"cc.Label","node":{"__id__":18},"_materials":[{"__uuid__":"ecpdLyjvZBwrvm+cedCcQy"}],"_string":"0","_N$string":"0","_fontSize":32,"_lineHeight":32,"_N$horizontalAlign":1,"_N$verticalAlign":1}],"_prefab":{"__type__":"cc.PrefabInfo","root":{"__id__":1},"asset":{"__uuid__":"99PGMk2WFI3rqeA47O1cfV"},"fileId":"35fsTn/NhCiL0thVycHft8"},"_color":{"__type__":"cc.Color","r":51,"g":90,"b":137},"_contentSize":{"__type__":"cc.Size","width":17.8,"height":40.32},"_trs":{"__type__":"TypedArray","ctor":"Float64Array","array":[80,-122.5,0,0,0,0,1,1,1,1]}},{"__type__":"cc.Node","_name":"Text_num5","_parent":{"__id__":6},"_active":false,"_components":[{"__type__":"cc.Label","node":{"__id__":19},"_string":"0","_N$string":"0","_fontSize":32,"_lineHeight":32,"_N$horizontalAlign":1,"_N$verticalAlign":1}],"_prefab":{"__type__":"cc.PrefabInfo","root":{"__id__":1},"asset":{"__uuid__":"99PGMk2WFI3rqeA47O1cfV"},"fileId":"2cMhIdCn9F64vGG4HsAsQ+"},"_color":{"__type__":"cc.Color","r":176,"g":107,"b":32},"_contentSize":{"__type__":"cc.Size","width":18,"height":37},"_trs":{"__type__":"TypedArray","ctor":"Float64Array","array":[82.37,-106.5,0,0,0,0,1,1,1,1]}},{"__type__":"cc.Node","_name":"Sprite_1","_parent":{"__id__":6},"_active":false,"_components":[{"__type__":"cc.Sprite","node":{"__id__":20},"_materials":[{"__uuid__":"ecpdLyjvZBwrvm+cedCcQy"}],"_spriteFrame":{"__uuid__":"7aZWIqYNBHL658WjS6ZxhK"}}],"_prefab":{"__type__":"cc.PrefabInfo","root":{"__id__":1},"asset":{"__uuid__":"99PGMk2WFI3rqeA47O1cfV"},"fileId":"207UkNEhBMXKQs+8dd0i5J"},"_contentSize":{"__type__":"cc.Size","width":142,"height":59},"_trs":{"__type__":"TypedArray","ctor":"Float64Array","array":[41,105.5,0,0,0,0,1,0.7,0.7,1]}},{"__type__":"cc.Node","_name":"Text_1","_parent":{"__id__":6},"_components":[{"__type__":"cc.Label","node":{"__id__":21},"_materials":[{"__uuid__":"ecpdLyjvZBwrvm+cedCcQy"}],"_string":"赢牌次数:","_N$string":"赢牌次数:","_fontSize":32,"_lineHeight":32,"_N$horizontalAlign":1,"_N$verticalAlign":1}],"_prefab":{"__type__":"cc.PrefabInfo","root":{"__id__":1},"asset":{"__uuid__":"99PGMk2WFI3rqeA47O1cfV"},"fileId":"64Z9ZVEbpLbo1IfBgeTdd0"},"_color":{"__type__":"cc.Color","r":46,"g":56,"b":82},"_contentSize":{"__type__":"cc.Size","width":136.89,"height":40.32},"_trs":{"__type__":"TypedArray","ctor":"Float64Array","array":[-38,43.5,0,0,0,0,1,1,1,1]}},{"__type__":"cc.Node","_name":"Text_2","_parent":{"__id__":6},"_components":[{"__type__":"cc.Label","node":{"__id__":22},"_materials":[{"__uuid__":"ecpdLyjvZBwrvm+cedCcQy"}],"_string":"最高抓分:","_N$string":"最高抓分:","_fontSize":32,"_lineHeight":32,"_N$horizontalAlign":1,"_N$verticalAlign":1}],"_prefab":{"__type__":"cc.PrefabInfo","root":{"__id__":1},"asset":{"__uuid__":"99PGMk2WFI3rqeA47O1cfV"},"fileId":"15lcgsWHlBs47lWzQ8r3G7"},"_color":{"__type__":"cc.Color","r":46,"g":56,"b":82},"_contentSize":{"__type__":"cc.Size","width":136.89,"height":40.32},"_trs":{"__type__":"TypedArray","ctor":"Float64Array","array":[-38,-13.5,0,0,0,0,1,1,1,1]}},{"__type__":"cc.Node","_name":"Text_3","_parent":{"__id__":6},"_components":[{"__type__":"cc.Label","node":{"__id__":23},"_materials":[{"__uuid__":"ecpdLyjvZBwrvm+cedCcQy"}],"_string":"一游次数:","_N$string":"一游次数:","_fontSize":32,"_lineHeight":32,"_N$horizontalAlign":1,"_N$verticalAlign":1}],"_prefab":{"__type__":"cc.PrefabInfo","root":{"__id__":1},"asset":{"__uuid__":"99PGMk2WFI3rqeA47O1cfV"},"fileId":"e7sQoES/lGGrCgQLL3QS+x"},"_color":{"__type__":"cc.Color","r":46,"g":56,"b":82},"_contentSize":{"__type__":"cc.Size","width":136.89,"height":40.32},"_trs":{"__type__":"TypedArray","ctor":"Float64Array","array":[-38,-69.5,0,0,0,0,1,1,1,1]}},{"__type__":"cc.Node","_name":"Text_4","_parent":{"__id__":6},"_components":[{"__type__":"cc.Label","node":{"__id__":24},"_materials":[{"__uuid__":"ecpdLyjvZBwrvm+cedCcQy"}],"_string":"报喜次数:","_N$string":"报喜次数:","_fontSize":32,"_lineHeight":32,"_N$horizontalAlign":1,"_N$verticalAlign":1}],"_prefab":{"__type__":"cc.PrefabInfo","root":{"__id__":1},"asset":{"__uuid__":"99PGMk2WFI3rqeA47O1cfV"},"fileId":"7fhTbtMW9NBJJkL6SxDPoB"},"_color":{"__type__":"cc.Color","r":46,"g":56,"b":82},"_contentSize":{"__type__":"cc.Size","width":136.89,"height":40.32},"_trs":{"__type__":"TypedArray","ctor":"Float64Array","array":[-38,-124.5,0,0,0,0,1,1,1,1]}},{"__type__":"cc.Node","_name":"Score_win","_parent":{"__id__":6},"_components":[{"__type__":"cc.Label","node":{"__id__":25},"_materials":[{"__uuid__":"ecpdLyjvZBwrvm+cedCcQy"}],"_string":"+100","_N$string":"+100","_N$file":{"__uuid__":"3fsP2Sc5VHqKHIdy1yD0hs"},"_isSystemFontUsed":false,"_spacingX":-6,"_N$horizontalAlign":1,"_N$verticalAlign":1}],"_prefab":{"__type__":"cc.PrefabInfo","root":{"__id__":1},"asset":{"__uuid__":"99PGMk2WFI3rqeA47O1cfV"},"fileId":"4e/2hc+SVDZ40cGBouKj0J"},"_contentSize":{"__type__":"cc.Size","width":112.91,"height":40},"_trs":{"__type__":"TypedArray","ctor":"Float64Array","array":[12,-237,0,0,0,0,1,1,1,1]}},{"__type__":"cc.Node","_name":"Score_lost","_parent":{"__id__":6},"_components":[{"__type__":"cc.Label","node":{"__id__":26},"_materials":[{"__uuid__":"ecpdLyjvZBwrvm+cedCcQy"}],"_string":"-100","_N$string":"-100","_N$file":{"__uuid__":"45Z31L2R1MwIAjzSnYdKDl"},"_isSystemFontUsed":false,"_spacingX":-6,"_N$horizontalAlign":1,"_N$verticalAlign":1}],"_prefab":{"__type__":"cc.PrefabInfo","root":{"__id__":1},"asset":{"__uuid__":"99PGMk2WFI3rqeA47O1cfV"},"fileId":"97Twk5zkNKjLjUoq2uBSyq"},"_contentSize":{"__type__":"cc.Size","width":112.91,"height":40},"_trs":{"__type__":"TypedArray","ctor":"Float64Array","array":[12,-237,0,0,0,0,1,1,1,1]}},{"__type__":"cc.Node","_name":"player2","_parent":{"__id__":5},"_children":[{"__id__":28},{"__id__":29},{"__id__":30},{"__id__":32},{"__id__":33},{"__id__":34},{"__id__":35},{"__id__":36},{"__id__":37},{"__id__":38},{"__id__":39},{"__id__":40},{"__id__":41},{"__id__":42},{"__id__":43},{"__id__":44},{"__id__":45},{"__id__":46},{"__id__":47}],"_prefab":{"__type__":"cc.PrefabInfo","root":{"__id__":1},"asset":{"__uuid__":"99PGMk2WFI3rqeA47O1cfV"},"fileId":"892kf8wUtMzohshfBFouNt"},"_contentSize":{"__type__":"cc.Size","width":260,"height":553},"_trs":{"__type__":"TypedArray","ctor":"Float64Array","array":[-204.784,-0.01999999999998181,0,0,0,0,1,1,1,1]},"_groupIndex":2,"groupIndex":2},{"__type__":"cc.Node","_name":"Image_1","_parent":{"__id__":27},"_components":[{"__type__":"cc.Sprite","node":{"__id__":28},"_materials":[{"__uuid__":"ecpdLyjvZBwrvm+cedCcQy"}],"_spriteFrame":{"__uuid__":"3aT9NMZilPTpbMo0kDVAxF"},"_sizeMode":0,"_isTrimmedMode":false}],"_prefab":{"__type__":"cc.PrefabInfo","root":{"__id__":1},"asset":{"__uuid__":"99PGMk2WFI3rqeA47O1cfV"},"fileId":"c8FbY6fR1DD7rw/uU0oVzM"},"_contentSize":{"__type__":"cc.Size","width":276,"height":517},"_trs":{"__type__":"TypedArray","ctor":"Float64Array","array":[1.6456000000000017,-22.120100000000008,0,0,0,0,1,1,1,1]}},{"__type__":"cc.Node","_name":"Image_headfb","_parent":{"__id__":27},"_components":[{"__type__":"cc.Sprite","node":{"__id__":29},"_materials":[{"__uuid__":"ecpdLyjvZBwrvm+cedCcQy"}],"_spriteFrame":{"__uuid__":"0eYEPxbntA75/45MSdscBf"},"_sizeMode":0,"_isTrimmedMode":false}],"_prefab":{"__type__":"cc.PrefabInfo","root":{"__id__":1},"asset":{"__uuid__":"99PGMk2WFI3rqeA47O1cfV"},"fileId":"2eud3/qDJDqLSCvFhD2kLV"},"_contentSize":{"__type__":"cc.Size","width":95,"height":95},"_trs":{"__type__":"TypedArray","ctor":"Float64Array","array":[-62,144.5,0,0,0,0,1,1,1,1]}},{"__type__":"cc.Node","_name":"Node_head","_parent":{"__id__":27},"_components":[{"__type__":"62d39gaattGYYLEGtr4O/qu","node":{"__id__":30},"headIcon":{"__id__":31}},{"__id__":31}],"_prefab":{"__type__":"cc.PrefabInfo","root":{"__id__":1},"asset":{"__uuid__":"99PGMk2WFI3rqeA47O1cfV"},"fileId":"5aQDJrJ7RKnq2jBh//f0R1"},"_contentSize":{"__type__":"cc.Size","width":90,"height":90},"_trs":{"__type__":"TypedArray","ctor":"Float64Array","array":[-62,144,0,0,0,0,1,1,1,1]}},{"__type__":"cc.Sprite","node":{"__id__":30},"_materials":[{"__uuid__":"ecpdLyjvZBwrvm+cedCcQy"}],"_sizeMode":0,"_isTrimmedMode":false},{"__type__":"cc.Node","_name":"Text_name","_parent":{"__id__":27},"_components":[{"__type__":"cc.Label","node":{"__id__":32},"_materials":[{"__uuid__":"ecpdLyjvZBwrvm+cedCcQy"}],"_string":"玩家名字","_N$string":"玩家名字","_fontSize":26,"_lineHeight":26,"_N$horizontalAlign":1,"_N$verticalAlign":1}],"_prefab":{"__type__":"cc.PrefabInfo","root":{"__id__":1},"asset":{"__uuid__":"99PGMk2WFI3rqeA47O1cfV"},"fileId":"d5qbB3KHRIuaihqeS23Tl4"},"_contentSize":{"__type__":"cc.Size","width":104,"height":32.76},"_anchorPoint":{"__type__":"cc.Vec2","y":0.5},"_trs":{"__type__":"TypedArray","ctor":"Float64Array","array":[-8,176.5,0,0,0,0,1,1,1,1]}},{"__type__":"cc.Node","_name":"Text_id","_parent":{"__id__":27},"_components":[{"__type__":"cc.Label","node":{"__id__":33},"_materials":[{"__uuid__":"ecpdLyjvZBwrvm+cedCcQy"}],"_string":"ID:10068","_N$string":"ID:10068","_fontSize":26,"_lineHeight":26,"_N$horizontalAlign":1,"_N$verticalAlign":1}],"_prefab":{"__type__":"cc.PrefabInfo","root":{"__id__":1},"asset":{"__uuid__":"99PGMk2WFI3rqeA47O1cfV"},"fileId":"83ylklLu5J4Yt71tvmQFKA"},"_contentSize":{"__type__":"cc.Size","width":105.52,"height":32.76},"_anchorPoint":{"__type__":"cc.Vec2","y":0.5},"_trs":{"__type__":"TypedArray","ctor":"Float64Array","array":[-9,145.5,0,0,0,0,1,1,1,1]}},{"__type__":"cc.Node","_name":"Image_result","_parent":{"__id__":27},"_active":false,"_components":[{"__type__":"cc.Sprite","node":{"__id__":34},"_materials":[{"__uuid__":"ecpdLyjvZBwrvm+cedCcQy"}],"_spriteFrame":{"__uuid__":"c4JCvDCdJL+5gEv40hQPpN"}}],"_prefab":{"__type__":"cc.PrefabInfo","root":{"__id__":1},"asset":{"__uuid__":"99PGMk2WFI3rqeA47O1cfV"},"fileId":"b1TDT23HpEfLy3K11zA45E"},"_contentSize":{"__type__":"cc.Size","width":177,"height":25},"_trs":{"__type__":"TypedArray","ctor":"Float64Array","array":[0,227.5,0,0,0,0,1,1,1,1]}},{"__type__":"cc.Node","_name":"lab_countHuxi_0_1_0","_parent":{"__id__":27},"_active":false,"_components":[{"__type__":"cc.Label","node":{"__id__":35},"_string":"八板次数：","_N$string":"八板次数：","_fontSize":30,"_lineHeight":26,"_N$horizontalAlign":1,"_N$verticalAlign":1}],"_prefab":{"__type__":"cc.PrefabInfo","root":{"__id__":1},"asset":{"__uuid__":"99PGMk2WFI3rqeA47O1cfV"},"fileId":"49gH7xKqJBjJfn9Ej/VR93"},"_color":{"__type__":"cc.Color","r":103,"g":86,"b":44},"_contentSize":{"__type__":"cc.Size","width":150,"height":34},"_anchorPoint":{"__type__":"cc.Vec2","y":0.5},"_trs":{"__type__":"TypedArray","ctor":"Float64Array","array":[-121.63,-106.5,0,0,0,0,1,1,1,1]}},{"__type__":"cc.Node","_name":"Text_num1","_parent":{"__id__":27},"_components":[{"__type__":"cc.Label","node":{"__id__":36},"_materials":[{"__uuid__":"ecpdLyjvZBwrvm+cedCcQy"}],"_string":"0","_N$string":"0","_fontSize":32,"_lineHeight":32,"_N$horizontalAlign":1,"_N$verticalAlign":1}],"_prefab":{"__type__":"cc.PrefabInfo","root":{"__id__":1},"asset":{"__uuid__":"99PGMk2WFI3rqeA47O1cfV"},"fileId":"72wvo/jpJIHaZmPYE35liT"},"_color":{"__type__":"cc.Color","r":51,"g":90,"b":137},"_contentSize":{"__type__":"cc.Size","width":17.8,"height":40.32},"_trs":{"__type__":"TypedArray","ctor":"Float64Array","array":[80,44.5,0,0,0,0,1,1,1,1]}},{"__type__":"cc.Node","_name":"Text_num2","_parent":{"__id__":27},"_components":[{"__type__":"cc.Label","node":{"__id__":37},"_materials":[{"__uuid__":"ecpdLyjvZBwrvm+cedCcQy"}],"_string":"0","_N$string":"0","_fontSize":32,"_lineHeight":32,"_N$horizontalAlign":1,"_N$verticalAlign":1}],"_prefab":{"__type__":"cc.PrefabInfo","root":{"__id__":1},"asset":{"__uuid__":"99PGMk2WFI3rqeA47O1cfV"},"fileId":"8dxOIHyUNKWLnHx+h3s0eA"},"_color":{"__type__":"cc.Color","r":51,"g":90,"b":137},"_contentSize":{"__type__":"cc.Size","width":17.8,"height":40.32},"_trs":{"__type__":"TypedArray","ctor":"Float64Array","array":[80,-12.5,0,0,0,0,1,1,1,1]}},{"__type__":"cc.Node","_name":"Text_num3","_parent":{"__id__":27},"_components":[{"__type__":"cc.Label","node":{"__id__":38},"_materials":[{"__uuid__":"ecpdLyjvZBwrvm+cedCcQy"}],"_string":"0","_N$string":"0","_fontSize":32,"_lineHeight":32,"_N$horizontalAlign":1,"_N$verticalAlign":1}],"_prefab":{"__type__":"cc.PrefabInfo","root":{"__id__":1},"asset":{"__uuid__":"99PGMk2WFI3rqeA47O1cfV"},"fileId":"77cjzAzWNDrYTVKJoGY5zw"},"_color":{"__type__":"cc.Color","r":51,"g":90,"b":137},"_contentSize":{"__type__":"cc.Size","width":17.8,"height":40.32},"_trs":{"__type__":"TypedArray","ctor":"Float64Array","array":[80,-68.5,0,0,0,0,1,1,1,1]}},{"__type__":"cc.Node","_name":"Text_num4","_parent":{"__id__":27},"_components":[{"__type__":"cc.Label","node":{"__id__":39},"_materials":[{"__uuid__":"ecpdLyjvZBwrvm+cedCcQy"}],"_string":"0","_N$string":"0","_fontSize":32,"_lineHeight":32,"_N$horizontalAlign":1,"_N$verticalAlign":1}],"_prefab":{"__type__":"cc.PrefabInfo","root":{"__id__":1},"asset":{"__uuid__":"99PGMk2WFI3rqeA47O1cfV"},"fileId":"9c5kzk9RBDc4PNa+xCiWPL"},"_color":{"__type__":"cc.Color","r":51,"g":90,"b":137},"_contentSize":{"__type__":"cc.Size","width":17.8,"height":40.32},"_trs":{"__type__":"TypedArray","ctor":"Float64Array","array":[80,-122.5,0,0,0,0,1,1,1,1]}},{"__type__":"cc.Node","_name":"Text_num5","_parent":{"__id__":27},"_active":false,"_components":[{"__type__":"cc.Label","node":{"__id__":40},"_string":"0","_N$string":"0","_fontSize":32,"_lineHeight":32,"_N$horizontalAlign":1,"_N$verticalAlign":1}],"_prefab":{"__type__":"cc.PrefabInfo","root":{"__id__":1},"asset":{"__uuid__":"99PGMk2WFI3rqeA47O1cfV"},"fileId":"a7no/55iFL5ZIqCYCj1fka"},"_color":{"__type__":"cc.Color","r":176,"g":107,"b":32},"_contentSize":{"__type__":"cc.Size","width":18,"height":37},"_trs":{"__type__":"TypedArray","ctor":"Float64Array","array":[82.37,-106.5,0,0,0,0,1,1,1,1]}},{"__type__":"cc.Node","_name":"Sprite_1","_parent":{"__id__":27},"_active":false,"_components":[{"__type__":"cc.Sprite","node":{"__id__":41},"_materials":[{"__uuid__":"ecpdLyjvZBwrvm+cedCcQy"}],"_spriteFrame":{"__uuid__":"7aZWIqYNBHL658WjS6ZxhK"}}],"_prefab":{"__type__":"cc.PrefabInfo","root":{"__id__":1},"asset":{"__uuid__":"99PGMk2WFI3rqeA47O1cfV"},"fileId":"67/ddPvSZCzYGp3wcfWLCM"},"_contentSize":{"__type__":"cc.Size","width":142,"height":59},"_trs":{"__type__":"TypedArray","ctor":"Float64Array","array":[41,105.5,0,0,0,0,1,0.7,0.7,1]}},{"__type__":"cc.Node","_name":"Text_1","_parent":{"__id__":27},"_components":[{"__type__":"cc.Label","node":{"__id__":42},"_materials":[{"__uuid__":"ecpdLyjvZBwrvm+cedCcQy"}],"_string":"赢牌次数:","_N$string":"赢牌次数:","_fontSize":32,"_lineHeight":32,"_N$horizontalAlign":1,"_N$verticalAlign":1}],"_prefab":{"__type__":"cc.PrefabInfo","root":{"__id__":1},"asset":{"__uuid__":"99PGMk2WFI3rqeA47O1cfV"},"fileId":"32F5wD5XZBDIZOCSMkInXa"},"_color":{"__type__":"cc.Color","r":46,"g":56,"b":82},"_contentSize":{"__type__":"cc.Size","width":136.89,"height":40.32},"_trs":{"__type__":"TypedArray","ctor":"Float64Array","array":[-38,43.5,0,0,0,0,1,1,1,1]}},{"__type__":"cc.Node","_name":"Text_2","_parent":{"__id__":27},"_components":[{"__type__":"cc.Label","node":{"__id__":43},"_materials":[{"__uuid__":"ecpdLyjvZBwrvm+cedCcQy"}],"_string":"最高抓分:","_N$string":"最高抓分:","_fontSize":32,"_lineHeight":32,"_N$horizontalAlign":1,"_N$verticalAlign":1}],"_prefab":{"__type__":"cc.PrefabInfo","root":{"__id__":1},"asset":{"__uuid__":"99PGMk2WFI3rqeA47O1cfV"},"fileId":"a1jE2iwQNM5qwCaPugAsHN"},"_color":{"__type__":"cc.Color","r":46,"g":56,"b":82},"_contentSize":{"__type__":"cc.Size","width":136.89,"height":40.32},"_trs":{"__type__":"TypedArray","ctor":"Float64Array","array":[-38,-13.5,0,0,0,0,1,1,1,1]}},{"__type__":"cc.Node","_name":"Text_3","_parent":{"__id__":27},"_components":[{"__type__":"cc.Label","node":{"__id__":44},"_materials":[{"__uuid__":"ecpdLyjvZBwrvm+cedCcQy"}],"_string":"一游次数:","_N$string":"一游次数:","_fontSize":32,"_lineHeight":32,"_N$horizontalAlign":1,"_N$verticalAlign":1}],"_prefab":{"__type__":"cc.PrefabInfo","root":{"__id__":1},"asset":{"__uuid__":"99PGMk2WFI3rqeA47O1cfV"},"fileId":"74HSUCLVxBaoYB+Fyi6hwQ"},"_color":{"__type__":"cc.Color","r":46,"g":56,"b":82},"_contentSize":{"__type__":"cc.Size","width":136.89,"height":40.32},"_trs":{"__type__":"TypedArray","ctor":"Float64Array","array":[-38,-69.5,0,0,0,0,1,1,1,1]}},{"__type__":"cc.Node","_name":"Text_4","_parent":{"__id__":27},"_components":[{"__type__":"cc.Label","node":{"__id__":45},"_materials":[{"__uuid__":"ecpdLyjvZBwrvm+cedCcQy"}],"_string":"报喜次数:","_N$string":"报喜次数:","_fontSize":32,"_lineHeight":32,"_N$horizontalAlign":1,"_N$verticalAlign":1}],"_prefab":{"__type__":"cc.PrefabInfo","root":{"__id__":1},"asset":{"__uuid__":"99PGMk2WFI3rqeA47O1cfV"},"fileId":"cdlD5gFnBAlqKvp587nYOy"},"_color":{"__type__":"cc.Color","r":46,"g":56,"b":82},"_contentSize":{"__type__":"cc.Size","width":136.89,"height":40.32},"_trs":{"__type__":"TypedArray","ctor":"Float64Array","array":[-38,-124.5,0,0,0,0,1,1,1,1]}},{"__type__":"cc.Node","_name":"Score_win","_parent":{"__id__":27},"_components":[{"__type__":"cc.Label","node":{"__id__":46},"_materials":[{"__uuid__":"ecpdLyjvZBwrvm+cedCcQy"}],"_string":"+100","_N$string":"+100","_N$file":{"__uuid__":"3fsP2Sc5VHqKHIdy1yD0hs"},"_isSystemFontUsed":false,"_spacingX":-6,"_N$horizontalAlign":1,"_N$verticalAlign":1}],"_prefab":{"__type__":"cc.PrefabInfo","root":{"__id__":1},"asset":{"__uuid__":"99PGMk2WFI3rqeA47O1cfV"},"fileId":"30yfjtqF9B17IKVAmuSVTo"},"_contentSize":{"__type__":"cc.Size","width":112.91,"height":40},"_trs":{"__type__":"TypedArray","ctor":"Float64Array","array":[12,-237,0,0,0,0,1,1,1,1]}},{"__type__":"cc.Node","_name":"Score_lost","_parent":{"__id__":27},"_components":[{"__type__":"cc.Label","node":{"__id__":47},"_materials":[{"__uuid__":"ecpdLyjvZBwrvm+cedCcQy"}],"_string":"-100","_N$string":"-100","_N$file":{"__uuid__":"45Z31L2R1MwIAjzSnYdKDl"},"_isSystemFontUsed":false,"_spacingX":-6,"_N$horizontalAlign":1,"_N$verticalAlign":1}],"_prefab":{"__type__":"cc.PrefabInfo","root":{"__id__":1},"asset":{"__uuid__":"99PGMk2WFI3rqeA47O1cfV"},"fileId":"a5qpbf2O5MGpCFC1vbR45t"},"_contentSize":{"__type__":"cc.Size","width":112.91,"height":40},"_trs":{"__type__":"TypedArray","ctor":"Float64Array","array":[12,-237,0,0,0,0,1,1,1,1]}},{"__type__":"cc.Node","_name":"player3","_parent":{"__id__":5},"_children":[{"__id__":49},{"__id__":50},{"__id__":51},{"__id__":53},{"__id__":54},{"__id__":55},{"__id__":56},{"__id__":57},{"__id__":58},{"__id__":59},{"__id__":60},{"__id__":61},{"__id__":62},{"__id__":63},{"__id__":64},{"__id__":65},{"__id__":66},{"__id__":67},{"__id__":68}],"_prefab":{"__type__":"cc.PrefabInfo","root":{"__id__":1},"asset":{"__uuid__":"99PGMk2WFI3rqeA47O1cfV"},"fileId":"cemMpuU6FH+JadVPKvMw/k"},"_contentSize":{"__type__":"cc.Size","width":260,"height":553},"_trs":{"__type__":"TypedArray","ctor":"Float64Array","array":[204.81600000000003,-0.01999999999998181,0,0,0,0,1,1,1,1]},"_groupIndex":2,"groupIndex":2},{"__type__":"cc.Node","_name":"Image_1","_parent":{"__id__":48},"_components":[{"__type__":"cc.Sprite","node":{"__id__":49},"_materials":[{"__uuid__":"ecpdLyjvZBwrvm+cedCcQy"}],"_spriteFrame":{"__uuid__":"a4WIYVP+VA2InFxy9ZHJlZ"},"_sizeMode":0,"_isTrimmedMode":false}],"_prefab":{"__type__":"cc.PrefabInfo","root":{"__id__":1},"asset":{"__uuid__":"99PGMk2WFI3rqeA47O1cfV"},"fileId":"cb9qULEzpEcaMmS+sTRJVi"},"_contentSize":{"__type__":"cc.Size","width":276,"height":517},"_trs":{"__type__":"TypedArray","ctor":"Float64Array","array":[1.6456000000000017,-22.120100000000008,0,0,0,0,1,1,1,1]}},{"__type__":"cc.Node","_name":"Image_headfb","_parent":{"__id__":48},"_components":[{"__type__":"cc.Sprite","node":{"__id__":50},"_materials":[{"__uuid__":"ecpdLyjvZBwrvm+cedCcQy"}],"_spriteFrame":{"__uuid__":"0eYEPxbntA75/45MSdscBf"},"_sizeMode":0,"_isTrimmedMode":false}],"_prefab":{"__type__":"cc.PrefabInfo","root":{"__id__":1},"asset":{"__uuid__":"99PGMk2WFI3rqeA47O1cfV"},"fileId":"54E02mnYFMiaFshm7eNfuB"},"_contentSize":{"__type__":"cc.Size","width":95,"height":95},"_trs":{"__type__":"TypedArray","ctor":"Float64Array","array":[-62,144.5,0,0,0,0,1,1,1,1]}},{"__type__":"cc.Node","_name":"Node_head","_parent":{"__id__":48},"_components":[{"__type__":"62d39gaattGYYLEGtr4O/qu","node":{"__id__":51},"headIcon":{"__id__":52}},{"__id__":52}],"_prefab":{"__type__":"cc.PrefabInfo","root":{"__id__":1},"asset":{"__uuid__":"99PGMk2WFI3rqeA47O1cfV"},"fileId":"d3P+4KyplAC6a+hOtPP14C"},"_contentSize":{"__type__":"cc.Size","width":90,"height":90},"_trs":{"__type__":"TypedArray","ctor":"Float64Array","array":[-62,144,0,0,0,0,1,1,1,1]}},{"__type__":"cc.Sprite","node":{"__id__":51},"_materials":[{"__uuid__":"ecpdLyjvZBwrvm+cedCcQy"}],"_sizeMode":0,"_isTrimmedMode":false},{"__type__":"cc.Node","_name":"Text_name","_parent":{"__id__":48},"_components":[{"__type__":"cc.Label","node":{"__id__":53},"_materials":[{"__uuid__":"ecpdLyjvZBwrvm+cedCcQy"}],"_string":"玩家名字","_N$string":"玩家名字","_fontSize":26,"_lineHeight":26,"_N$horizontalAlign":1,"_N$verticalAlign":1}],"_prefab":{"__type__":"cc.PrefabInfo","root":{"__id__":1},"asset":{"__uuid__":"99PGMk2WFI3rqeA47O1cfV"},"fileId":"e2PirDwPdLw7OmVdV/Nw+R"},"_contentSize":{"__type__":"cc.Size","width":104,"height":32.76},"_anchorPoint":{"__type__":"cc.Vec2","y":0.5},"_trs":{"__type__":"TypedArray","ctor":"Float64Array","array":[-8,176.5,0,0,0,0,1,1,1,1]}},{"__type__":"cc.Node","_name":"Text_id","_parent":{"__id__":48},"_components":[{"__type__":"cc.Label","node":{"__id__":54},"_materials":[{"__uuid__":"ecpdLyjvZBwrvm+cedCcQy"}],"_string":"ID:10068","_N$string":"ID:10068","_fontSize":26,"_lineHeight":26,"_N$horizontalAlign":1,"_N$verticalAlign":1}],"_prefab":{"__type__":"cc.PrefabInfo","root":{"__id__":1},"asset":{"__uuid__":"99PGMk2WFI3rqeA47O1cfV"},"fileId":"71D572cadArLjRmIKwvm0y"},"_contentSize":{"__type__":"cc.Size","width":105.52,"height":32.76},"_anchorPoint":{"__type__":"cc.Vec2","y":0.5},"_trs":{"__type__":"TypedArray","ctor":"Float64Array","array":[-9,145.5,0,0,0,0,1,1,1,1]}},{"__type__":"cc.Node","_name":"Image_result","_parent":{"__id__":48},"_active":false,"_components":[{"__type__":"cc.Sprite","node":{"__id__":55},"_spriteFrame":{"__uuid__":"c4JCvDCdJL+5gEv40hQPpN"},"_sizeMode":0,"_isTrimmedMode":false}],"_prefab":{"__type__":"cc.PrefabInfo","root":{"__id__":1},"asset":{"__uuid__":"99PGMk2WFI3rqeA47O1cfV"},"fileId":"7ewPyELHxMGqCxdoQ8DiB4"},"_contentSize":{"__type__":"cc.Size","width":178,"height":25},"_trs":{"__type__":"TypedArray","ctor":"Float64Array","array":[0,227.5,0,0,0,0,1,1,1,1]}},{"__type__":"cc.Node","_name":"lab_countHuxi_0_1_0","_parent":{"__id__":48},"_active":false,"_components":[{"__type__":"cc.Label","node":{"__id__":56},"_string":"八板次数：","_N$string":"八板次数：","_fontSize":30,"_lineHeight":30,"_N$horizontalAlign":1,"_N$verticalAlign":1}],"_prefab":{"__type__":"cc.PrefabInfo","root":{"__id__":1},"asset":{"__uuid__":"99PGMk2WFI3rqeA47O1cfV"},"fileId":"c4SZRtbkRIiayvRKhzHUSj"},"_color":{"__type__":"cc.Color","r":103,"g":86,"b":44},"_contentSize":{"__type__":"cc.Size","width":150,"height":34},"_anchorPoint":{"__type__":"cc.Vec2","y":0.5},"_trs":{"__type__":"TypedArray","ctor":"Float64Array","array":[-121.63,-106.5,0,0,0,0,1,1,1,1]}},{"__type__":"cc.Node","_name":"Text_num1","_parent":{"__id__":48},"_components":[{"__type__":"cc.Label","node":{"__id__":57},"_materials":[{"__uuid__":"ecpdLyjvZBwrvm+cedCcQy"}],"_string":"0","_N$string":"0","_fontSize":32,"_lineHeight":32,"_N$horizontalAlign":1,"_N$verticalAlign":1}],"_prefab":{"__type__":"cc.PrefabInfo","root":{"__id__":1},"asset":{"__uuid__":"99PGMk2WFI3rqeA47O1cfV"},"fileId":"7cPSQME9pGfpXLE+DkenTq"},"_color":{"__type__":"cc.Color","r":51,"g":90,"b":137},"_contentSize":{"__type__":"cc.Size","width":17.8,"height":40.32},"_trs":{"__type__":"TypedArray","ctor":"Float64Array","array":[80,44.5,0,0,0,0,1,1,1,1]}},{"__type__":"cc.Node","_name":"Text_num2","_parent":{"__id__":48},"_components":[{"__type__":"cc.Label","node":{"__id__":58},"_materials":[{"__uuid__":"ecpdLyjvZBwrvm+cedCcQy"}],"_string":"0","_N$string":"0","_fontSize":32,"_lineHeight":32,"_N$horizontalAlign":1,"_N$verticalAlign":1}],"_prefab":{"__type__":"cc.PrefabInfo","root":{"__id__":1},"asset":{"__uuid__":"99PGMk2WFI3rqeA47O1cfV"},"fileId":"f0ZXqe3DVBzaC3cvtd1WHD"},"_color":{"__type__":"cc.Color","r":51,"g":90,"b":137},"_contentSize":{"__type__":"cc.Size","width":17.8,"height":40.32},"_trs":{"__type__":"TypedArray","ctor":"Float64Array","array":[80,-12.5,0,0,0,0,1,1,1,1]}},{"__type__":"cc.Node","_name":"Text_num3","_parent":{"__id__":48},"_components":[{"__type__":"cc.Label","node":{"__id__":59},"_materials":[{"__uuid__":"ecpdLyjvZBwrvm+cedCcQy"}],"_string":"0","_N$string":"0","_fontSize":32,"_lineHeight":32,"_N$horizontalAlign":1,"_N$verticalAlign":1}],"_prefab":{"__type__":"cc.PrefabInfo","root":{"__id__":1},"asset":{"__uuid__":"99PGMk2WFI3rqeA47O1cfV"},"fileId":"fb2oC7V0FPBJtqyiyt2RqP"},"_color":{"__type__":"cc.Color","r":51,"g":90,"b":137},"_contentSize":{"__type__":"cc.Size","width":17.8,"height":40.32},"_trs":{"__type__":"TypedArray","ctor":"Float64Array","array":[80,-68.5,0,0,0,0,1,1,1,1]}},{"__type__":"cc.Node","_name":"Text_num4","_parent":{"__id__":48},"_components":[{"__type__":"cc.Label","node":{"__id__":60},"_materials":[{"__uuid__":"ecpdLyjvZBwrvm+cedCcQy"}],"_string":"0","_N$string":"0","_fontSize":32,"_lineHeight":32,"_N$horizontalAlign":1,"_N$verticalAlign":1}],"_prefab":{"__type__":"cc.PrefabInfo","root":{"__id__":1},"asset":{"__uuid__":"99PGMk2WFI3rqeA47O1cfV"},"fileId":"b21rYsTiZKnYH17d7eDtOk"},"_color":{"__type__":"cc.Color","r":51,"g":90,"b":137},"_contentSize":{"__type__":"cc.Size","width":17.8,"height":40.32},"_trs":{"__type__":"TypedArray","ctor":"Float64Array","array":[80,-122.5,0,0,0,0,1,1,1,1]}},{"__type__":"cc.Node","_name":"Text_num5","_parent":{"__id__":48},"_active":false,"_components":[{"__type__":"cc.Label","node":{"__id__":61},"_string":"0","_N$string":"0","_fontSize":32,"_lineHeight":32,"_N$horizontalAlign":1,"_N$verticalAlign":1}],"_prefab":{"__type__":"cc.PrefabInfo","root":{"__id__":1},"asset":{"__uuid__":"99PGMk2WFI3rqeA47O1cfV"},"fileId":"2c4uG0Xz9GuYvP38KowyB+"},"_color":{"__type__":"cc.Color","r":176,"g":107,"b":32},"_contentSize":{"__type__":"cc.Size","width":18,"height":37},"_trs":{"__type__":"TypedArray","ctor":"Float64Array","array":[82.37,-106.5,0,0,0,0,1,1,1,1]}},{"__type__":"cc.Node","_name":"Sprite_1","_parent":{"__id__":48},"_active":false,"_components":[{"__type__":"cc.Sprite","node":{"__id__":62},"_spriteFrame":{"__uuid__":"7aZWIqYNBHL658WjS6ZxhK"},"_sizeMode":0,"_isTrimmedMode":false}],"_prefab":{"__type__":"cc.PrefabInfo","root":{"__id__":1},"asset":{"__uuid__":"99PGMk2WFI3rqeA47O1cfV"},"fileId":"8ey9ra6mFOyK/ImPrtQDlU"},"_contentSize":{"__type__":"cc.Size","width":144,"height":60},"_trs":{"__type__":"TypedArray","ctor":"Float64Array","array":[41,105.5,0,0,0,0,1,0.7,0.7,1]}},{"__type__":"cc.Node","_name":"Text_1","_parent":{"__id__":48},"_components":[{"__type__":"cc.Label","node":{"__id__":63},"_materials":[{"__uuid__":"ecpdLyjvZBwrvm+cedCcQy"}],"_string":"赢牌次数:","_N$string":"赢牌次数:","_fontSize":32,"_lineHeight":32,"_N$horizontalAlign":1,"_N$verticalAlign":1}],"_prefab":{"__type__":"cc.PrefabInfo","root":{"__id__":1},"asset":{"__uuid__":"99PGMk2WFI3rqeA47O1cfV"},"fileId":"dfQGs72MFKJZKLkrkm8cy+"},"_color":{"__type__":"cc.Color","r":46,"g":56,"b":82},"_contentSize":{"__type__":"cc.Size","width":136.89,"height":40.32},"_trs":{"__type__":"TypedArray","ctor":"Float64Array","array":[-38,43.5,0,0,0,0,1,1,1,1]}},{"__type__":"cc.Node","_name":"Text_2","_parent":{"__id__":48},"_components":[{"__type__":"cc.Label","node":{"__id__":64},"_materials":[{"__uuid__":"ecpdLyjvZBwrvm+cedCcQy"}],"_string":"最高抓分:","_N$string":"最高抓分:","_fontSize":32,"_lineHeight":32,"_N$horizontalAlign":1,"_N$verticalAlign":1}],"_prefab":{"__type__":"cc.PrefabInfo","root":{"__id__":1},"asset":{"__uuid__":"99PGMk2WFI3rqeA47O1cfV"},"fileId":"05BZhWBwxO9b9hv8pIBhbc"},"_color":{"__type__":"cc.Color","r":46,"g":56,"b":82},"_contentSize":{"__type__":"cc.Size","width":136.89,"height":40.32},"_trs":{"__type__":"TypedArray","ctor":"Float64Array","array":[-38,-13.5,0,0,0,0,1,1,1,1]}},{"__type__":"cc.Node","_name":"Text_3","_parent":{"__id__":48},"_components":[{"__type__":"cc.Label","node":{"__id__":65},"_materials":[{"__uuid__":"ecpdLyjvZBwrvm+cedCcQy"}],"_string":"一游次数:","_N$string":"一游次数:","_fontSize":32,"_lineHeight":32,"_N$horizontalAlign":1,"_N$verticalAlign":1}],"_prefab":{"__type__":"cc.PrefabInfo","root":{"__id__":1},"asset":{"__uuid__":"99PGMk2WFI3rqeA47O1cfV"},"fileId":"aabjPNvddFkaNDOVHlJ1Sl"},"_color":{"__type__":"cc.Color","r":46,"g":56,"b":82},"_contentSize":{"__type__":"cc.Size","width":136.89,"height":40.32},"_trs":{"__type__":"TypedArray","ctor":"Float64Array","array":[-38,-69.5,0,0,0,0,1,1,1,1]}},{"__type__":"cc.Node","_name":"Text_4","_parent":{"__id__":48},"_components":[{"__type__":"cc.Label","node":{"__id__":66},"_materials":[{"__uuid__":"ecpdLyjvZBwrvm+cedCcQy"}],"_string":"报喜次数:","_N$string":"报喜次数:","_fontSize":32,"_lineHeight":32,"_N$horizontalAlign":1,"_N$verticalAlign":1}],"_prefab":{"__type__":"cc.PrefabInfo","root":{"__id__":1},"asset":{"__uuid__":"99PGMk2WFI3rqeA47O1cfV"},"fileId":"3fhiIZWphEeLIyETyT6rT9"},"_color":{"__type__":"cc.Color","r":46,"g":56,"b":82},"_contentSize":{"__type__":"cc.Size","width":136.89,"height":40.32},"_trs":{"__type__":"TypedArray","ctor":"Float64Array","array":[-38,-124.5,0,0,0,0,1,1,1,1]}},{"__type__":"cc.Node","_name":"Score_win","_parent":{"__id__":48},"_components":[{"__type__":"cc.Label","node":{"__id__":67},"_materials":[{"__uuid__":"ecpdLyjvZBwrvm+cedCcQy"}],"_string":"+100","_N$string":"+100","_N$file":{"__uuid__":"3fsP2Sc5VHqKHIdy1yD0hs"},"_isSystemFontUsed":false,"_spacingX":-6,"_N$horizontalAlign":1,"_N$verticalAlign":1}],"_prefab":{"__type__":"cc.PrefabInfo","root":{"__id__":1},"asset":{"__uuid__":"99PGMk2WFI3rqeA47O1cfV"},"fileId":"2eUs0rA+ZA7p/l6KM7A6uD"},"_contentSize":{"__type__":"cc.Size","width":112.91,"height":40},"_trs":{"__type__":"TypedArray","ctor":"Float64Array","array":[12,-237,0,0,0,0,1,1,1,1]}},{"__type__":"cc.Node","_name":"Score_lost","_parent":{"__id__":48},"_components":[{"__type__":"cc.Label","node":{"__id__":68},"_materials":[{"__uuid__":"ecpdLyjvZBwrvm+cedCcQy"}],"_string":"-100","_N$string":"-100","_N$file":{"__uuid__":"45Z31L2R1MwIAjzSnYdKDl"},"_isSystemFontUsed":false,"_spacingX":-6,"_N$horizontalAlign":1,"_N$verticalAlign":1}],"_prefab":{"__type__":"cc.PrefabInfo","root":{"__id__":1},"asset":{"__uuid__":"99PGMk2WFI3rqeA47O1cfV"},"fileId":"227VTvIsRPKLzmjC5g/nW5"},"_contentSize":{"__type__":"cc.Size","width":112.91,"height":40},"_trs":{"__type__":"TypedArray","ctor":"Float64Array","array":[12,-237,0,0,0,0,1,1,1,1]}},{"__type__":"cc.Node","_name":"player4","_parent":{"__id__":5},"_children":[{"__id__":70},{"__id__":71},{"__id__":72},{"__id__":74},{"__id__":75},{"__id__":76},{"__id__":77},{"__id__":78},{"__id__":79},{"__id__":80},{"__id__":81},{"__id__":82},{"__id__":83},{"__id__":84},{"__id__":85},{"__id__":86},{"__id__":87},{"__id__":88},{"__id__":89}],"_prefab":{"__type__":"cc.PrefabInfo","root":{"__id__":1},"asset":{"__uuid__":"99PGMk2WFI3rqeA47O1cfV"},"fileId":"78moq9zhNBs71knkn8ZQ6i"},"_contentSize":{"__type__":"cc.Size","width":260,"height":553},"_trs":{"__type__":"TypedArray","ctor":"Float64Array","array":[486.41599999999994,-0.01999999999998181,0,0,0,0,1,1,1,1]},"_groupIndex":2,"groupIndex":2},{"__type__":"cc.Node","_name":"Image_1","_parent":{"__id__":69},"_components":[{"__type__":"cc.Sprite","node":{"__id__":70},"_materials":[{"__uuid__":"ecpdLyjvZBwrvm+cedCcQy"}],"_spriteFrame":{"__uuid__":"a4WIYVP+VA2InFxy9ZHJlZ"},"_sizeMode":0,"_isTrimmedMode":false}],"_prefab":{"__type__":"cc.PrefabInfo","root":{"__id__":1},"asset":{"__uuid__":"99PGMk2WFI3rqeA47O1cfV"},"fileId":"470Br3mmZAoIqE8gi4VPIE"},"_contentSize":{"__type__":"cc.Size","width":276,"height":517},"_trs":{"__type__":"TypedArray","ctor":"Float64Array","array":[1.6456000000000017,-22.120100000000008,0,0,0,0,1,1,1,1]}},{"__type__":"cc.Node","_name":"Image_headfb","_parent":{"__id__":69},"_components":[{"__type__":"cc.Sprite","node":{"__id__":71},"_materials":[{"__uuid__":"ecpdLyjvZBwrvm+cedCcQy"}],"_spriteFrame":{"__uuid__":"0eYEPxbntA75/45MSdscBf"},"_sizeMode":0,"_isTrimmedMode":false}],"_prefab":{"__type__":"cc.PrefabInfo","root":{"__id__":1},"asset":{"__uuid__":"99PGMk2WFI3rqeA47O1cfV"},"fileId":"95ymogMg9Mxpne0Yr/4IyX"},"_contentSize":{"__type__":"cc.Size","width":95,"height":95},"_trs":{"__type__":"TypedArray","ctor":"Float64Array","array":[-62,144.4998,0,0,0,0,1,1,1,1]}},{"__type__":"cc.Node","_name":"Node_head","_parent":{"__id__":69},"_components":[{"__type__":"62d39gaattGYYLEGtr4O/qu","node":{"__id__":72},"headIcon":{"__id__":73}},{"__id__":73}],"_prefab":{"__type__":"cc.PrefabInfo","root":{"__id__":1},"asset":{"__uuid__":"99PGMk2WFI3rqeA47O1cfV"},"fileId":"2eVKEdXElJ5atWcUpDgoCw"},"_contentSize":{"__type__":"cc.Size","width":90,"height":90},"_trs":{"__type__":"TypedArray","ctor":"Float64Array","array":[-62,144,0,0,0,0,1,1,1,1]}},{"__type__":"cc.Sprite","node":{"__id__":72},"_materials":[{"__uuid__":"ecpdLyjvZBwrvm+cedCcQy"}],"_sizeMode":0,"_isTrimmedMode":false},{"__type__":"cc.Node","_name":"Text_name","_parent":{"__id__":69},"_components":[{"__type__":"cc.Label","node":{"__id__":74},"_materials":[{"__uuid__":"ecpdLyjvZBwrvm+cedCcQy"}],"_string":"玩家名字","_N$string":"玩家名字","_fontSize":26,"_lineHeight":26,"_N$horizontalAlign":1,"_N$verticalAlign":1}],"_prefab":{"__type__":"cc.PrefabInfo","root":{"__id__":1},"asset":{"__uuid__":"99PGMk2WFI3rqeA47O1cfV"},"fileId":"ae+TEOm9xFArvz4Fp9cnPc"},"_contentSize":{"__type__":"cc.Size","width":104,"height":32.76},"_anchorPoint":{"__type__":"cc.Vec2","y":0.5},"_trs":{"__type__":"TypedArray","ctor":"Float64Array","array":[-8,176.49990000000003,0,0,0,0,1,1,1,1]}},{"__type__":"cc.Node","_name":"Text_id","_parent":{"__id__":69},"_components":[{"__type__":"cc.Label","node":{"__id__":75},"_materials":[{"__uuid__":"ecpdLyjvZBwrvm+cedCcQy"}],"_string":"ID:10068","_N$string":"ID:10068","_fontSize":26,"_lineHeight":26,"_N$horizontalAlign":1,"_N$verticalAlign":1}],"_prefab":{"__type__":"cc.PrefabInfo","root":{"__id__":1},"asset":{"__uuid__":"99PGMk2WFI3rqeA47O1cfV"},"fileId":"19YIhBqlpJTLN88SGzTcuK"},"_contentSize":{"__type__":"cc.Size","width":105.52,"height":32.76},"_anchorPoint":{"__type__":"cc.Vec2","y":0.5},"_trs":{"__type__":"TypedArray","ctor":"Float64Array","array":[-9,145.5,0,0,0,0,1,1,1,1]}},{"__type__":"cc.Node","_name":"Image_result","_parent":{"__id__":69},"_active":false,"_components":[{"__type__":"cc.Sprite","node":{"__id__":76},"_spriteFrame":{"__uuid__":"c4JCvDCdJL+5gEv40hQPpN"},"_sizeMode":0,"_isTrimmedMode":false}],"_prefab":{"__type__":"cc.PrefabInfo","root":{"__id__":1},"asset":{"__uuid__":"99PGMk2WFI3rqeA47O1cfV"},"fileId":"43toc/lU1BJpXKYUAbqLrR"},"_contentSize":{"__type__":"cc.Size","width":178,"height":25},"_trs":{"__type__":"TypedArray","ctor":"Float64Array","array":[0,227.5,0,0,0,0,1,1,1,1]}},{"__type__":"cc.Node","_name":"lab_countHuxi_0_1_0","_parent":{"__id__":69},"_active":false,"_components":[{"__type__":"cc.Label","node":{"__id__":77},"_string":"八板次数：","_N$string":"八板次数：","_fontSize":30,"_lineHeight":30,"_N$horizontalAlign":1,"_N$verticalAlign":1}],"_prefab":{"__type__":"cc.PrefabInfo","root":{"__id__":1},"asset":{"__uuid__":"99PGMk2WFI3rqeA47O1cfV"},"fileId":"84ePgOXZdLj7gAa1ZhrhTQ"},"_color":{"__type__":"cc.Color","r":103,"g":86,"b":44},"_contentSize":{"__type__":"cc.Size","width":150,"height":34},"_anchorPoint":{"__type__":"cc.Vec2","y":0.5},"_trs":{"__type__":"TypedArray","ctor":"Float64Array","array":[-121.63,-106.5,0,0,0,0,1,1,1,1]}},{"__type__":"cc.Node","_name":"Text_num1","_parent":{"__id__":69},"_components":[{"__type__":"cc.Label","node":{"__id__":78},"_materials":[{"__uuid__":"ecpdLyjvZBwrvm+cedCcQy"}],"_string":"0","_N$string":"0","_fontSize":32,"_lineHeight":32,"_N$horizontalAlign":1,"_N$verticalAlign":1}],"_prefab":{"__type__":"cc.PrefabInfo","root":{"__id__":1},"asset":{"__uuid__":"99PGMk2WFI3rqeA47O1cfV"},"fileId":"dao14R1ghEhZOGF/NFyEkG"},"_color":{"__type__":"cc.Color","r":51,"g":90,"b":137},"_contentSize":{"__type__":"cc.Size","width":17.8,"height":40.32},"_trs":{"__type__":"TypedArray","ctor":"Float64Array","array":[80,44.5,0,0,0,0,1,1,1,1]}},{"__type__":"cc.Node","_name":"Text_num2","_parent":{"__id__":69},"_components":[{"__type__":"cc.Label","node":{"__id__":79},"_materials":[{"__uuid__":"ecpdLyjvZBwrvm+cedCcQy"}],"_string":"0","_N$string":"0","_fontSize":32,"_lineHeight":32,"_N$horizontalAlign":1,"_N$verticalAlign":1}],"_prefab":{"__type__":"cc.PrefabInfo","root":{"__id__":1},"asset":{"__uuid__":"99PGMk2WFI3rqeA47O1cfV"},"fileId":"e0S2TGohVBV7kFF4CJ3mFj"},"_color":{"__type__":"cc.Color","r":51,"g":90,"b":137},"_contentSize":{"__type__":"cc.Size","width":17.8,"height":40.32},"_trs":{"__type__":"TypedArray","ctor":"Float64Array","array":[80,-12.5,0,0,0,0,1,1,1,1]}},{"__type__":"cc.Node","_name":"Text_num3","_parent":{"__id__":69},"_components":[{"__type__":"cc.Label","node":{"__id__":80},"_materials":[{"__uuid__":"ecpdLyjvZBwrvm+cedCcQy"}],"_string":"0","_N$string":"0","_fontSize":32,"_lineHeight":32,"_N$horizontalAlign":1,"_N$verticalAlign":1}],"_prefab":{"__type__":"cc.PrefabInfo","root":{"__id__":1},"asset":{"__uuid__":"99PGMk2WFI3rqeA47O1cfV"},"fileId":"27R53Css9PaJToc8hZ14dH"},"_color":{"__type__":"cc.Color","r":51,"g":90,"b":137},"_contentSize":{"__type__":"cc.Size","width":17.8,"height":40.32},"_trs":{"__type__":"TypedArray","ctor":"Float64Array","array":[80,-68.5,0,0,0,0,1,1,1,1]}},{"__type__":"cc.Node","_name":"Text_num4","_parent":{"__id__":69},"_components":[{"__type__":"cc.Label","node":{"__id__":81},"_materials":[{"__uuid__":"ecpdLyjvZBwrvm+cedCcQy"}],"_string":"0","_N$string":"0","_fontSize":32,"_lineHeight":32,"_N$horizontalAlign":1,"_N$verticalAlign":1}],"_prefab":{"__type__":"cc.PrefabInfo","root":{"__id__":1},"asset":{"__uuid__":"99PGMk2WFI3rqeA47O1cfV"},"fileId":"aeWfKVM6FKaY+pOLmI1Vc8"},"_color":{"__type__":"cc.Color","r":51,"g":90,"b":137},"_contentSize":{"__type__":"cc.Size","width":17.8,"height":40.32},"_trs":{"__type__":"TypedArray","ctor":"Float64Array","array":[80,-122.5,0,0,0,0,1,1,1,1]}},{"__type__":"cc.Node","_name":"Text_num5","_parent":{"__id__":69},"_active":false,"_components":[{"__type__":"cc.Label","node":{"__id__":82},"_string":"0","_N$string":"0","_fontSize":32,"_lineHeight":32,"_N$horizontalAlign":1,"_N$verticalAlign":1}],"_prefab":{"__type__":"cc.PrefabInfo","root":{"__id__":1},"asset":{"__uuid__":"99PGMk2WFI3rqeA47O1cfV"},"fileId":"fbI2nTjzhO95af8l6HMVF3"},"_color":{"__type__":"cc.Color","r":176,"g":107,"b":32},"_contentSize":{"__type__":"cc.Size","width":18,"height":37},"_trs":{"__type__":"TypedArray","ctor":"Float64Array","array":[82.37,-106.5,0,0,0,0,1,1,1,1]}},{"__type__":"cc.Node","_name":"Sprite_1","_parent":{"__id__":69},"_active":false,"_components":[{"__type__":"cc.Sprite","node":{"__id__":83},"_spriteFrame":{"__uuid__":"7aZWIqYNBHL658WjS6ZxhK"},"_sizeMode":0,"_isTrimmedMode":false}],"_prefab":{"__type__":"cc.PrefabInfo","root":{"__id__":1},"asset":{"__uuid__":"99PGMk2WFI3rqeA47O1cfV"},"fileId":"2bIBRsRl5IeLZsfxKElX9T"},"_contentSize":{"__type__":"cc.Size","width":144,"height":60},"_trs":{"__type__":"TypedArray","ctor":"Float64Array","array":[41,105.5,0,0,0,0,1,0.7,0.7,1]}},{"__type__":"cc.Node","_name":"Text_1","_parent":{"__id__":69},"_components":[{"__type__":"cc.Label","node":{"__id__":84},"_materials":[{"__uuid__":"ecpdLyjvZBwrvm+cedCcQy"}],"_string":"赢牌次数:","_N$string":"赢牌次数:","_fontSize":32,"_lineHeight":32,"_N$horizontalAlign":1,"_N$verticalAlign":1}],"_prefab":{"__type__":"cc.PrefabInfo","root":{"__id__":1},"asset":{"__uuid__":"99PGMk2WFI3rqeA47O1cfV"},"fileId":"e9+v8HywhFmod1ohEMW2gp"},"_color":{"__type__":"cc.Color","r":46,"g":56,"b":82},"_contentSize":{"__type__":"cc.Size","width":136.89,"height":40.32},"_trs":{"__type__":"TypedArray","ctor":"Float64Array","array":[-38,43.5,0,0,0,0,1,1,1,1]}},{"__type__":"cc.Node","_name":"Text_2","_parent":{"__id__":69},"_components":[{"__type__":"cc.Label","node":{"__id__":85},"_materials":[{"__uuid__":"ecpdLyjvZBwrvm+cedCcQy"}],"_string":"最高抓分:","_N$string":"最高抓分:","_fontSize":32,"_lineHeight":32,"_N$horizontalAlign":1,"_N$verticalAlign":1}],"_prefab":{"__type__":"cc.PrefabInfo","root":{"__id__":1},"asset":{"__uuid__":"99PGMk2WFI3rqeA47O1cfV"},"fileId":"99QWH78ZtJfantXii9F4IX"},"_color":{"__type__":"cc.Color","r":46,"g":56,"b":82},"_contentSize":{"__type__":"cc.Size","width":136.89,"height":40.32},"_trs":{"__type__":"TypedArray","ctor":"Float64Array","array":[-38,-13.5,0,0,0,0,1,1,1,1]}},{"__type__":"cc.Node","_name":"Text_3","_parent":{"__id__":69},"_components":[{"__type__":"cc.Label","node":{"__id__":86},"_materials":[{"__uuid__":"ecpdLyjvZBwrvm+cedCcQy"}],"_string":"一游次数:","_N$string":"一游次数:","_fontSize":32,"_lineHeight":32,"_N$horizontalAlign":1,"_N$verticalAlign":1}],"_prefab":{"__type__":"cc.PrefabInfo","root":{"__id__":1},"asset":{"__uuid__":"99PGMk2WFI3rqeA47O1cfV"},"fileId":"dc7FA5mflC9IaNdSCcEd/W"},"_color":{"__type__":"cc.Color","r":46,"g":56,"b":82},"_contentSize":{"__type__":"cc.Size","width":136.89,"height":40.32},"_trs":{"__type__":"TypedArray","ctor":"Float64Array","array":[-38,-69.5,0,0,0,0,1,1,1,1]}},{"__type__":"cc.Node","_name":"Text_4","_parent":{"__id__":69},"_components":[{"__type__":"cc.Label","node":{"__id__":87},"_materials":[{"__uuid__":"ecpdLyjvZBwrvm+cedCcQy"}],"_string":"报喜次数:","_N$string":"报喜次数:","_fontSize":32,"_lineHeight":32,"_N$horizontalAlign":1,"_N$verticalAlign":1}],"_prefab":{"__type__":"cc.PrefabInfo","root":{"__id__":1},"asset":{"__uuid__":"99PGMk2WFI3rqeA47O1cfV"},"fileId":"e8qmE2+A9Labx6cJr2V82t"},"_color":{"__type__":"cc.Color","r":46,"g":56,"b":82},"_contentSize":{"__type__":"cc.Size","width":136.89,"height":40.32},"_trs":{"__type__":"TypedArray","ctor":"Float64Array","array":[-38,-124.5,0,0,0,0,1,1,1,1]}},{"__type__":"cc.Node","_name":"Score_win","_parent":{"__id__":69},"_components":[{"__type__":"cc.Label","node":{"__id__":88},"_materials":[{"__uuid__":"ecpdLyjvZBwrvm+cedCcQy"}],"_string":"+100","_N$string":"+100","_N$file":{"__uuid__":"3fsP2Sc5VHqKHIdy1yD0hs"},"_isSystemFontUsed":false,"_spacingX":-6,"_N$horizontalAlign":1,"_N$verticalAlign":1}],"_prefab":{"__type__":"cc.PrefabInfo","root":{"__id__":1},"asset":{"__uuid__":"99PGMk2WFI3rqeA47O1cfV"},"fileId":"95s+E04YhGHLmFl0JW6FWZ"},"_contentSize":{"__type__":"cc.Size","width":112.91,"height":40},"_trs":{"__type__":"TypedArray","ctor":"Float64Array","array":[12,-237,0,0,0,0,1,1,1,1]}},{"__type__":"cc.Node","_name":"Score_lost","_parent":{"__id__":69},"_components":[{"__type__":"cc.Label","node":{"__id__":89},"_materials":[{"__uuid__":"ecpdLyjvZBwrvm+cedCcQy"}],"_string":"-100","_N$string":"-100","_N$file":{"__uuid__":"45Z31L2R1MwIAjzSnYdKDl"},"_isSystemFontUsed":false,"_spacingX":-6,"_N$horizontalAlign":1,"_N$verticalAlign":1}],"_prefab":{"__type__":"cc.PrefabInfo","root":{"__id__":1},"asset":{"__uuid__":"99PGMk2WFI3rqeA47O1cfV"},"fileId":"9dQjJc5hNJ+bqZQ/lwTD+a"},"_contentSize":{"__type__":"cc.Size","width":112.91,"height":40},"_trs":{"__type__":"TypedArray","ctor":"Float64Array","array":[12,-237,0,0,0,0,1,1,1,1]}},{"__type__":"cc.Node","_name":"gameName","_parent":{"__id__":5},"_components":[{"__type__":"cc.Label","node":{"__id__":90},"_materials":[{"__uuid__":"ecpdLyjvZBwrvm+cedCcQy"}],"_fontSize":24,"_lineHeight":24,"_N$horizontalAlign":1,"_N$verticalAlign":1}],"_prefab":{"__type__":"cc.PrefabInfo","root":{"__id__":1},"asset":{"__uuid__":"99PGMk2WFI3rqeA47O1cfV"},"fileId":"b7XAFheMdMhIY0A8HSHM9j"},"_contentSize":{"__type__":"cc.Size","height":30.24},"_anchorPoint":{"__type__":"cc.Vec2","y":0.5},"_trs":{"__type__":"TypedArray","ctor":"Float64Array","array":[-612,-347,0,0,0,0,1,1,1,1]},"_groupIndex":2,"groupIndex":2},{"__type__":"cc.Node","_name":"tips","_parent":{"__id__":5},"_children":[{"__id__":92},{"__id__":93},{"__id__":94}],"_components":[{"__type__":"cc.Widget","node":{"__id__":91},"_alignFlags":9,"_left":0.02031250000000001,"_top":0.025000000000000022,"_isAbsLeft":false,"_isAbsTop":false}],"_prefab":{"__type__":"cc.PrefabInfo","root":{"__id__":1},"asset":{"__uuid__":"99PGMk2WFI3rqeA47O1cfV"},"fileId":"0cKinaG3lMrZiyWHEYxHBf"},"_contentSize":{"__type__":"cc.Size","width":1,"height":100},"_anchorPoint":{"__type__":"cc.Vec2"},"_trs":{"__type__":"TypedArray","ctor":"Float64Array","array":[-614,280,0,0,0,0,1,1,1,1]}},{"__type__":"cc.Node","_name":"gameType","_parent":{"__id__":91},"_components":[{"__type__":"cc.Label","node":{"__id__":92},"_materials":[{"__uuid__":"ecpdLyjvZBwrvm+cedCcQy"}],"_string":"打码子","_N$string":"打码子","_fontSize":34,"_lineHeight":34,"_N$horizontalAlign":1,"_N$verticalAlign":1}],"_prefab":{"__type__":"cc.PrefabInfo","root":{"__id__":1},"asset":{"__uuid__":"99PGMk2WFI3rqeA47O1cfV"},"fileId":"881jN2zpJKcoA8hhFvKxYI"},"_color":{"__type__":"cc.Color","r":229,"g":199,"b":123},"_contentSize":{"__type__":"cc.Size","width":102,"height":42.84},"_anchorPoint":{"__type__":"cc.Vec2","y":0.5},"_trs":{"__type__":"TypedArray","ctor":"Float64Array","array":[0,80,0,0,0,0,1,1,1,1]},"_groupIndex":2,"groupIndex":2},{"__type__":"cc.Node","_name":"houseInfo","_parent":{"__id__":91},"_components":[{"__type__":"cc.Label","node":{"__id__":93},"_materials":[{"__uuid__":"ecpdLyjvZBwrvm+cedCcQy"}],"_string":"亲友圈编号：100000，第1桌","_N$string":"亲友圈编号：100000，第1桌","_fontSize":20,"_lineHeight":20,"_N$horizontalAlign":1,"_N$verticalAlign":1}],"_prefab":{"__type__":"cc.PrefabInfo","root":{"__id__":1},"asset":{"__uuid__":"99PGMk2WFI3rqeA47O1cfV"},"fileId":"87d2WGd2xLiZnvfI/qZQX4"},"_contentSize":{"__type__":"cc.Size","width":257.86,"height":25.2},"_anchorPoint":{"__type__":"cc.Vec2","y":0.5},"_trs":{"__type__":"TypedArray","ctor":"Float64Array","array":[0,40.5906,0,0,0,0,1,1,1,1]},"_groupIndex":2,"groupIndex":2},{"__type__":"cc.Node","_name":"time","_parent":{"__id__":91},"_components":[{"__type__":"cc.Label","node":{"__id__":94},"_materials":[{"__uuid__":"ecpdLyjvZBwrvm+cedCcQy"}],"_string":"2017-11-06-10:10","_N$string":"2017-11-06-10:10","_fontSize":20,"_lineHeight":20,"_N$horizontalAlign":1,"_N$verticalAlign":1}],"_prefab":{"__type__":"cc.PrefabInfo","root":{"__id__":1},"asset":{"__uuid__":"99PGMk2WFI3rqeA47O1cfV"},"fileId":"bapIPhjKlHcYAzG1drYVJq"},"_contentSize":{"__type__":"cc.Size","width":157.53,"height":25.2},"_anchorPoint":{"__type__":"cc.Vec2","y":0.5},"_trs":{"__type__":"TypedArray","ctor":"Float64Array","array":[0,16.6212,0,0,0,0,1,1,1,1]},"_groupIndex":2,"groupIndex":2},{"__type__":"cc.Node","_name":"Button_share","_parent":{"__id__":5},"_components":[{"__type__":"cc.Button","node":{"__id__":95},"_normalMaterial":{"__uuid__":"ecpdLyjvZBwrvm+cedCcQy"},"duration":0.05,"zoomScale":1.1,"_N$transition":3,"transition":3,"_N$target":{"__id__":95}},{"__type__":"cc.Sprite","node":{"__id__":95},"_materials":[{"__uuid__":"ecpdLyjvZBwrvm+cedCcQy"}],"_spriteFrame":{"__uuid__":"3371n/62pHRqLxWGjPqRjz"}},{"__type__":"cc.Widget","node":{"__id__":95},"_alignFlags":4,"_bottom":21.519999999999982}],"_prefab":{"__type__":"cc.PrefabInfo","root":{"__id__":1},"asset":{"__uuid__":"99PGMk2WFI3rqeA47O1cfV"},"fileId":"50sVLXsPBAxavhI0MW7vUv"},"_contentSize":{"__type__":"cc.Size","width":258,"height":77},"_trs":{"__type__":"TypedArray","ctor":"Float64Array","array":[0,-339.98,0,0,0,0,1,1,1,1]}},{"__type__":"cc.Node","_name":"Button_back","_parent":{"__id__":5},"_children":[{"__id__":97}],"_components":[{"__type__":"cc.Button","node":{"__id__":96},"_normalMaterial":{"__uuid__":"ecpdLyjvZBwrvm+cedCcQy"},"_N$transition":3,"transition":3,"_N$target":{"__id__":97}},{"__type__":"cc.Widget","node":{"__id__":96},"_alignFlags":33,"_right":0.00390625,"_top":0.013750000000015916,"_isAbsRight":false,"_isAbsTop":false}],"_prefab":{"__type__":"cc.PrefabInfo","root":{"__id__":1},"asset":{"__uuid__":"99PGMk2WFI3rqeA47O1cfV"},"fileId":"8dXOP9XvdHEb9I8/GMl9N+"},"_contentSize":{"__type__":"cc.Size","width":150,"height":100},"_trs":{"__type__":"TypedArray","ctor":"Float64Array","array":[560,338.99999999998727,0,0,0,0,1,1,1,1]}},{"__type__":"cc.Node","_name":"background","_parent":{"__id__":96},"_components":[{"__type__":"cc.Sprite","node":{"__id__":97},"_materials":[{"__uuid__":"ecpdLyjvZBwrvm+cedCcQy"}],"_spriteFrame":{"__uuid__":"33Tc27EXRBRrRQC3iM6I3b"}}],"_prefab":{"__type__":"cc.PrefabInfo","root":{"__id__":1},"asset":{"__uuid__":"99PGMk2WFI3rqeA47O1cfV"},"fileId":"69m+CWeU1N0J3U5AjgIzKg"},"_contentSize":{"__type__":"cc.Size","width":66,"height":60},"_trs":{"__type__":"TypedArray","ctor":"Float64Array","array":[0,0,0,0,0,0,1,1,1,1]}},{"__type__":"cc.Node","_name":"Image_logo","_parent":{"__id__":5},"_components":[{"__type__":"cc.StudioWidget","node":{"__id__":98},"_alignFlags":12,"_left":0.31835,"_bottom":0.8226,"_isAbsLeft":false,"_isAbsBottom":false},{"__type__":"cc.Sprite","node":{"__id__":98},"_materials":[{"__uuid__":"ecpdLyjvZBwrvm+cedCcQy"}],"_spriteFrame":{"__uuid__":"68+idXN9tHTKykSRCq/qS8"},"_sizeMode":0,"_isTrimmedMode":false}],"_prefab":{"__type__":"cc.PrefabInfo","root":{"__id__":1},"asset":{"__uuid__":"99PGMk2WFI3rqeA47O1cfV"},"fileId":"7eBFgoRtpMf42dq++CCmbF"},"_contentSize":{"__type__":"cc.Size","width":465,"height":153},"_trs":{"__type__":"TypedArray","ctor":"Float64Array","array":[-0.011999999999943611,334.58000000000004,0,0,0,0,1,1,1,1]}}]