[{"__type__":"cc.Prefab","_name":"loseAtlas","data":{"__id__":1}},{"__type__":"cc.Node","_name":"loseAtlas","_components":[{"__type__":"cc.Label","node":{"__id__":1},"_materials":[{"__uuid__":"ecpdLyjvZBwrvm+cedCcQy"}],"_string":"-100","_N$string":"-100","_fontSize":60,"_lineHeight":60,"_N$file":{"__uuid__":"45Z31L2R1MwIAjzSnYdKDl"},"_isSystemFontUsed":false,"_spacingX":-6,"_N$horizontalAlign":1,"_N$verticalAlign":1}],"_prefab":{"__type__":"cc.PrefabInfo","root":{"__id__":1},"asset":{"__id__":0},"fileId":"99rO2QKklPX5Xmv0gbkNE9"},"_contentSize":{"__type__":"cc.Size","width":178.36,"height":60},"_trs":{"__type__":"TypedArray","ctor":"Float64Array","array":[0,0,0,0,0,0,1,1,1,1]}}]